center,branch,cap,run_id,feature_count,canonical_features,canonical_mask,stable_mask_hash,candidate_universe_sha256,duplicate_mask_multiplicity,locking_score,fold_locking_scores,score_sd,score_se,absolute_regret,relative_regret,eligible,eligibility_reason,fallback_added,pairwise_jaccard,mean_jaccard,selected,selected_feature_set,tie_break_path,strategy,tolerance_mode,regret_tolerance,eligibility_threshold,minimum_pool_size,locking_metric,seeds,software_version,configuration_hash
emory,boruta_rf,low,5,12,"[""PROT_FRONTAL__APOA1|P02647"", ""PROT_FRONTAL__APOE|P02649"", ""PROT_FRONTAL__APP|P05067"", ""PROT_FRONTAL__CLU|P10909"", ""PROT_FRONTAL__CTSD|P07339"", ""PROT_FRONTAL__PLCB1|Q9NQ66"", ""PROT_FRONTAL__PLEC|Q15149"", ""PROT_FRONTAL__PRKCE|Q02156"", ""PROT_FRONTAL__SMOC1|Q9H4F8"", ""PROT_FRONTAL__TKT|P29401"", ""METAB__1053"", ""METAB__100002173""]",00001101000000010010000000000000000000010100100000100100000100001000,5185a795c15afda9469cb2f42c0d84cebefa1b633b30b97f622e02d08f599c3c,59dd6718a873770e8ce3926110175708383b1b4991af89f9703f9c71c8689da9,1,0.8319664258007438,"[0.8264675116602858, 0.7997020412645743, 0.8229607865526415, 0.8678459608261236, 0.8428558287000935]",0.02528957410490895,0.01130984136411896,0.016841309255966386,0.019841135466138502,False,absolute_regret_exceeds_tolerance,False,{},,False,False,mean_jaccard > higher_locking_score > smaller_feature_count > stable_mask_hash,regret_constrained_medoid,absolute,0.01,0.01,1,macro_ovr_auroc,"{""cv_random_state"": 42, ""run_model_seed_rule"": ""42 + run_id_one_based"", ""run_seed"": 46}",0.2.0,3d358dd33abc93192d5cd75320a3772b0c29729cfb8202df576c2876d1200ec9
emory,boruta_rf,low,2,12,"[""PROT_FRONTAL__ALB|P02768"", ""PROT_FRONTAL__APP|P05067"", ""PROT_FRONTAL__C4B|P0C0L5"", ""PROT_FRONTAL__GMPR|P36959"", ""PROT_FRONTAL__MAPT|P10636"", ""PROT_FRONTAL__MDK|P21741"", ""PROT_FRONTAL__PRKCE|Q02156"", ""PROT_FRONTAL__RPL32|P62910"", ""PROT_FRONTAL__SMOC1|Q9H4F8"", ""PROT_FRONTAL__SQSTM1|Q13501"", ""PROT_FRONTAL__TMEM106B|Q9NUM4"", ""METAB__100002254""]",00100001000010000000001000000001100000000000100010110010000000000100,55b09c99d532ce867da7f3bab61ad4a5835afb9f4907413767154de311d0e9a0,59dd6718a873770e8ce3926110175708383b1b4991af89f9703f9c71c8689da9,1,0.8488077350567101,"[0.8330339529826567, 0.8439366490799092, 0.8264527174992446, 0.8688417211119672, 0.8717736346097725]",0.020622073301751778,0.0092224715479401,0.0,0.0,True,absolute_regret_within_tolerance,False,"{""1"": 0.2631578947368421, ""3"": 0.125}",0.19407894736842105,True,True,mean_jaccard > higher_locking_score > smaller_feature_count > stable_mask_hash,regret_constrained_medoid,absolute,0.01,0.01,1,macro_ovr_auroc,"{""cv_random_state"": 42, ""run_model_seed_rule"": ""42 + run_id_one_based"", ""run_seed"": 43}",0.2.0,3d358dd33abc93192d5cd75320a3772b0c29729cfb8202df576c2876d1200ec9
emory,boruta_rf,low,4,13,"[""PROT_FRONTAL__APOA1|P02647"", ""PROT_FRONTAL__APP|P05067"", ""PROT_FRONTAL__ASAH1|Q13510"", ""PROT_FRONTAL__CTSD|P07339"", ""PROT_FRONTAL__EPB41L3|Q9Y2J2"", ""PROT_FRONTAL__MAPT|P10636"", ""PROT_FRONTAL__PHYHD1|Q5SRE7"", ""PROT_FRONTAL__PPP2R5B|Q15173"", ""PROT_FRONTAL__RPL13|P26373"", ""PROT_FRONTAL__RPL32|P62910"", ""PROT_FRONTAL__TMEM106B|Q9NUM4"", ""METAB__572"", ""METAB__100002254""]",00001001100000000011000000000001000000100010000110000010001000000100,817fe18c60a415f6499f447d91bfed9961292a4292ae640ff256baf74fee007b,59dd6718a873770e8ce3926110175708383b1b4991af89f9703f9c71c8689da9,1,0.8263764790625789,"[0.8177731241316991, 0.8078261590926928, 0.817264613433514, 0.8490583130248427, 0.8399601856301454]",0.017321524603072864,0.007746421297281197,0.022431255994131205,0.026426780845290647,False,absolute_regret_exceeds_tolerance,False,{},,False,False,mean_jaccard > higher_locking_score > smaller_feature_count > stable_mask_hash,regret_constrained_medoid,absolute,0.01,0.01,1,macro_ovr_auroc,"{""cv_random_state"": 42, ""run_model_seed_rule"": ""42 + run_id_one_based"", ""run_seed"": 45}",0.2.0,3d358dd33abc93192d5cd75320a3772b0c29729cfb8202df576c2876d1200ec9
emory,boruta_rf,low,3,15,"[""PROT_FRONTAL__ALB|P02768"", ""PROT_FRONTAL__ALDH1L1|O75891"", ""PROT_FRONTAL__APOE|P02649"", ""PROT_FRONTAL__BAG3|O95817"", ""PROT_FRONTAL__GFAP|P14136"", ""PROT_FRONTAL__GRIA3|P42263"", ""PROT_FRONTAL__MDK|P21741"", ""PROT_FRONTAL__NTN1|O95631"", ""PROT_FRONTAL__RPL13|P26373"", ""PROT_FRONTAL__SFRP1|Q8N474"", ""PROT_FRONTAL__SMOC1|Q9H4F8"", ""PROT_FRONTAL__VGF|O15240"", ""METAB__533"", ""METAB__100001271"", ""METAB__100002784""]",00110100010000000000010010000000100010000000000101100001010001000010,a81f37332e6728af48f98143c36869985152e8ba40b467ac9b1b6e6e92dbd459,59dd6718a873770e8ce3926110175708383b1b4991af89f9703f9c71c8689da9,1,0.8446102294414741,"[0.8564517016997626, 0.8551904085023211, 0.8205765255412562, 0.8395609586815213, 0.8512715527825095]",0.014997065889932359,0.006706891758586427,0.004197505615236019,0.0049451783270513874,True,absolute_regret_within_tolerance,False,"{""1"": 0.125, ""2"": 0.125}",0.125,False,False,mean_jaccard > higher_locking_score > smaller_feature_count > stable_mask_hash,regret_constrained_medoid,absolute,0.01,0.01,1,macro_ovr_auroc,"{""cv_random_state"": 42, ""run_model_seed_rule"": ""42 + run_id_one_based"", ""run_seed"": 44}",0.2.0,3d358dd33abc93192d5cd75320a3772b0c29729cfb8202df576c2876d1200ec9
emory,boruta_rf,low,1,12,"[""PROT_FRONTAL__ACTN4|O43707"", ""PROT_FRONTAL__APOE4|APOE4"", ""PROT_FRONTAL__CTSD|P07339"", ""PROT_FRONTAL__GRIA3|P42263"", ""PROT_FRONTAL__HSPB1|P04792"", ""PROT_FRONTAL__MAPT|P10636"", ""PROT_FRONTAL__PRDX6|P30041"", ""PROT_FRONTAL__RPL32|P62910"", ""PROT_FRONTAL__SMOC1|Q9H4F8"", ""PROT_FRONTAL__TMEM106B|Q9NUM4"", ""PROT_FRONTAL__VGF|O15240"", ""METAB__100002254""]",01000010000000000010000010010001000000000001000010100011000000000100,baab7b7fd32986acc19d04ebeed88d30c8eaa0776f629ed8290673b45cd87301,59dd6718a873770e8ce3926110175708383b1b4991af89f9703f9c71c8689da9,1,0.8453698014951302,"[0.8441867331024611, 0.8482925714798467, 0.8152022072261782, 0.8681493401330926, 0.851018155534072]",0.019175748115060932,0.008575655260937941,0.0034379335615799533,0.004050308944640166,True,absolute_regret_within_tolerance,False,"{""2"": 0.2631578947368421, ""3"": 0.125}",0.19407894736842105,False,False,mean_jaccard > higher_locking_score > smaller_feature_count > stable_mask_hash,regret_constrained_medoid,absolute,0.01,0.01,1,macro_ovr_auroc,"{""cv_random_state"": 42, ""run_model_seed_rule"": ""42 + run_id_one_based"", ""run_seed"": 42}",0.2.0,3d358dd33abc93192d5cd75320a3772b0c29729cfb8202df576c2876d1200ec9
emory,boruta_rf,reference,3,25,"[""PROT_FRONTAL__ALB|P02768"", ""PROT_FRONTAL__APOE|P02649"", ""PROT_FRONTAL__APP|P05067"", ""PROT_FRONTAL__ASAH1|Q13510"", ""PROT_FRONTAL__BDH2|Q9BUT1"", ""PROT_FRONTAL__CLU|P10909"", ""PROT_FRONTAL__GFAP|P14136"", ""PROT_FRONTAL__HTRA1|Q92743"", ""PROT_FRONTAL__ICAM1|P05362"", ""PROT_FRONTAL__MAOB|P27338"", ""PROT_FRONTAL__MAPT|P10636"", ""PROT_FRONTAL__MDK|P21741"", ""PROT_FRONTAL__PRKCE|Q02156"", ""PROT_FRONTAL__QPRT|Q15274"", ""PROT_FRONTAL__RPL13|P26373"", ""PROT_FRONTAL__RPL32|P62910"", ""PROT_FRONTAL__SFRP1|Q8N474"", ""PROT_FRONTAL__SMOC1|Q9H4F8"", ""PROT_FRONTAL__TKT|P29401"", ""PROT_FRONTAL__VGF|O15240"", ""METAB__533"", ""METAB__572"", ""METAB__1053"", ""METAB__100000282"", ""METAB__100001271""]",00100101101000010000010000001111100000000000110111100101011111000000,194cbbc02c6940bcb3ef62921a3999a5c0d046425b9c9d1e79188f71b72f6e2f,59dd6718a873770e8ce3926110175708383b1b4991af89f9703f9c71c8689da9,1,0.8602997364541821,"[0.8663500454472732, 0.8475498950054628, 0.8400631800540971, 0.8719159182122574, 0.8756196435518196]",0.015639038836594694,0.006993990788276992,0.0025719171879747815,0.0029806486018155672,True,absolute_regret_within_tolerance,False,"{""1"": 0.25, ""4"": 0.21951219512195122}",0.2347560975609756,False,False,mean_jaccard > higher_locking_score > smaller_feature_count > stable_mask_hash,regret_constrained_medoid,absolute,0.01,0.01,1,macro_ovr_auroc,"{""cv_random_state"": 42, ""run_model_seed_rule"": ""42 + run_id_one_based"", ""run_seed"": 44}",0.2.0,3d358dd33abc93192d5cd75320a3772b0c29729cfb8202df576c2876d1200ec9
emory,boruta_rf,reference,4,25,"[""PROT_FRONTAL__ALB|P02768"", ""PROT_FRONTAL__APP|P05067"", ""PROT_FRONTAL__CLU|P10909"", ""PROT_FRONTAL__CTSD|P07339"", ""PROT_FRONTAL__EPB41L3|Q9Y2J2"", ""PROT_FRONTAL__GPNMB|Q14956"", ""PROT_FRONTAL__HPCA|P84074"", ""PROT_FRONTAL__HSPB1|P04792"", ""PROT_FRONTAL__MRPS18B|Q9Y676"", ""PROT_FRONTAL__NEFH|P12036"", ""PROT_FRONTAL__PBXIP1|Q96AQ6"", ""PROT_FRONTAL__PHYHD1|Q5SRE7"", ""PROT_FRONTAL__PLCB1|Q9NQ66"", ""PROT_FRONTAL__PPP2R5B|Q15173"", ""PROT_FRONTAL__PRKCE|Q02156"", ""PROT_FRONTAL__QPRT|Q15274"", ""PROT_FRONTAL__RPL13|P26373"", ""PROT_FRONTAL__RPL32|P62910"", ""PROT_FRONTAL__SMOC1|Q9H4F8"", ""PROT_FRONTAL__TMEM106B|Q9NUM4"", ""METAB__533"", ""METAB__100001383"", ""METAB__100002173"", ""METAB__100002254"", ""METAB__100002784""]",00100001000000010011000100110000010101110010110110100010010000101110,7740235a70c87fadb46072ffe569c48408db521ef949c37ef25a11f31e2e7f75,59dd6718a873770e8ce3926110175708383b1b4991af89f9703f9c71c8689da9,1,0.8552937636728943,"[0.8334288584985061, 0.8519944557483526, 0.8365780419660647, 0.8702304967865467, 0.8842369653650017]",0.02179479680091051,0.009746929440526169,0.007577889969262563,0.008782175121035097,True,absolute_regret_within_tolerance,False,"{""1"": 0.35135135135135137, ""3"": 0.21951219512195122}",0.2854317732366513,False,False,mean_jaccard > higher_locking_score > smaller_feature_count > stable_mask_hash,regret_constrained_medoid,absolute,0.01,0.01,1,macro_ovr_auroc,"{""cv_random_state"": 42, ""run_model_seed_rule"": ""42 + run_id_one_based"", ""run_seed"": 45}",0.2.0,3d358dd33abc93192d5cd75320a3772b0c29729cfb8202df576c2876d1200ec9
emory,boruta_rf,reference,1,25,"[""PROT_FRONTAL__ALB|P02768"", ""PROT_FRONTAL__ALDH1L1|O75891"", ""PROT_FRONTAL__APOA1|P02647"", ""PROT_FRONTAL__APOE4|APOE4"", ""PROT_FRONTAL__APP|P05067"", ""PROT_FRONTAL__ASAH1|Q13510"", ""PROT_FRONTAL__CAPG|P40121"", ""PROT_FRONTAL__CLU|P10909"", ""PROT_FRONTAL__CTSD|P07339"", ""PROT_FRONTAL__GPNMB|Q14956"", ""PROT_FRONTAL__HDGFL3|Q9Y3E1"", ""PROT_FRONTAL__MDK|P21741"", ""PROT_FRONTAL__PPP2R5B|Q15173"", ""PROT_FRONTAL__PRDX6|P30041"", ""PROT_FRONTAL__PRKCE|Q02156"", ""PROT_FRONTAL__RPH3A|Q9Y2J0"", ""PROT_FRONTAL__RPL13|P26373"", ""PROT_FRONTAL__RPL32|P62910"", ""PROT_FRONTAL__SQSTM1|Q13501"", ""PROT_FRONTAL__TMEM106B|Q9NUM4"", ""METAB__533"", ""METAB__1053"", ""METAB__100001383"", ""METAB__100001851"", ""METAB__100002173""]",00111011100001010010000101000000100000000011101110010010010100111000,862a55e5b4eebaf6750185cefeec292e3bdcd9acbc3af5d639008d5b4215a901,59dd6718a873770e8ce3926110175708383b1b4991af89f9703f9c71c8689da9,1,0.8628716536421569,"[0.8669108709896699, 0.8480271357891765, 0.854584419382031, 0.8745384549114847, 0.8702973871384222]",0.0111423629514306,0.0049830161978748014,0.0,0.0,True,absolute_regret_within_tolerance,False,"{""3"": 0.25, ""4"": 0.35135135135135137}",0.30067567567567566,True,True,mean_jaccard > higher_locking_score > smaller_feature_count > stable_mask_hash,regret_constrained_medoid,absolute,0.01,0.01,1,macro_ovr_auroc,"{""cv_random_state"": 42, ""run_model_seed_rule"": ""42 + run_id_one_based"", ""run_seed"": 42}",0.2.0,3d358dd33abc93192d5cd75320a3772b0c29729cfb8202df576c2876d1200ec9
emory,boruta_rf,reference,2,25,"[""PROT_FRONTAL__ACTN4|O43707"", ""PROT_FRONTAL__ALB|P02768"", ""PROT_FRONTAL__APOA1|P02647"", ""PROT_FRONTAL__APOE4|APOE4"", ""PROT_FRONTAL__ASAH1|Q13510"", ""PROT_FRONTAL__GMPR|P36959"", ""PROT_FRONTAL__GRIA3|P42263"", ""PROT_FRONTAL__MAPT|P10636"", ""PROT_FRONTAL__MDK|P21741"", ""PROT_FRONTAL__MRPS18B|Q9Y676"", ""PROT_FRONTAL__PLCB1|Q9NQ66"", ""PROT_FRONTAL__PLEC|Q15149"", ""PROT_FRONTAL__PRDX6|P30041"", ""PROT_FRONTAL__QPRT|Q15274"", ""PROT_FRONTAL__RPL32|P62910"", ""PROT_FRONTAL__SFRP1|Q8N474"", ""PROT_FRONTAL__SMOC1|Q9H4F8"", ""PROT_FRONTAL__SYNM|O15061"", ""PROT_FRONTAL__VIM|P08670"", ""METAB__533"", ""METAB__100001271"", ""METAB__100001851"", ""METAB__100002173"", ""METAB__100002254"", ""METAB__100021330""]",01101010100000000000001010000001110000010101010011101000110001011101,a7d46bdf69cabb5c998f15570788ae5550c75bb0d4f272a93a316b1348892649,59dd6718a873770e8ce3926110175708383b1b4991af89f9703f9c71c8689da9,1,0.8528313755887824,"[0.8551406890036485, 0.8490362136686423, 0.8235640759566664, 0.8585551093833529, 0.877860789931602]",0.019593007177944075,0.008762259186704854,0.010040278053374485,0.011635888154390928,False,absolute_regret_exceeds_tolerance,False,{},,False,False,mean_jaccard > higher_locking_score > smaller_feature_count > stable_mask_hash,regret_constrained_medoid,absolute,0.01,0.01,1,macro_ovr_auroc,"{""cv_random_state"": 42, ""run_model_seed_rule"": ""42 + run_id_one_based"", ""run_seed"": 43}",0.2.0,3d358dd33abc93192d5cd75320a3772b0c29729cfb8202df576c2876d1200ec9
emory,boruta_rf,reference,5,25,"[""PROT_FRONTAL__ALB|P02768"", ""PROT_FRONTAL__APOA1|P02647"", ""PROT_FRONTAL__ASAH1|Q13510"", ""PROT_FRONTAL__C4B|P0C0L5"", ""PROT_FRONTAL__CTSD|P07339"", ""PROT_FRONTAL__EPB41L3|Q9Y2J2"", ""PROT_FRONTAL__GFAP|P14136"", ""PROT_FRONTAL__GPNMB|Q14956"", ""PROT_FRONTAL__HSPB1|P04792"", ""PROT_FRONTAL__MDK|P21741"", ""PROT_FRONTAL__NCALD|P61601"", ""PROT_FRONTAL__NTN1|O95631"", ""PROT_FRONTAL__PBXIP1|Q96AQ6"", ""PROT_FRONTAL__PLCB1|Q9NQ66"", ""PROT_FRONTAL__PLEC|Q15149"", ""PROT_FRONTAL__PRKCE|Q02156"", ""PROT_FRONTAL__RPL13|P26373"", ""PROT_FRONTAL__RPL32|P62910"", ""PROT_FRONTAL__SYNM|O15061"", ""PROT_FRONTAL__TMEM106B|Q9NUM4"", ""PROT_FRONTAL__VIM|P08670"", ""METAB__572"", ""METAB__100001383"", ""METAB__100001851"", ""METAB__100002173""]",00101000100010000011010100010000101011010100100110001010101000111000,b29ff0139c3b078008a23a323abc6b240fe4b0f6584f1cae343e1b1037d227da,59dd6718a873770e8ce3926110175708383b1b4991af89f9703f9c71c8689da9,1,0.8505304701381249,"[0.8414443515970134, 0.8451816833173652, 0.8441587023095503, 0.8739080398980166, 0.8479595735686787]",0.013274851909792764,0.005936694252307905,0.012341183504032016,0.014302455587618655,False,absolute_regret_exceeds_tolerance,False,{},,False,False,mean_jaccard > higher_locking_score > smaller_feature_count > stable_mask_hash,regret_constrained_medoid,absolute,0.01,0.01,1,macro_ovr_auroc,"{""cv_random_state"": 42, ""run_model_seed_rule"": ""42 + run_id_one_based"", ""run_seed"": 46}",0.2.0,3d358dd33abc93192d5cd75320a3772b0c29729cfb8202df576c2876d1200ec9
emory,svm_l1,low,5,11,"[""PROT_FRONTAL__SMOC1|Q9H4F8"", ""PROT_FRONTAL__TMEM106B|Q9NUM4"", ""PROT_FRONTAL__RPL32|P62910"", ""PROT_FRONTAL__RPH3A|Q9Y2J0"", ""PROT_FRONTAL__IGHV3-15|A0A0B4J1V0"", ""PROT_FRONTAL__P2RY12|Q9H244"", ""METAB__999925180"", ""PROT_FRONTAL__DDHD1|Q8NEL9"", ""PROT_FRONTAL__RPL27A|P46776"", ""PROT_FRONTAL__APP|P05067"", ""METAB__100015966""]",1000001001000001010110010000100000000000000000100100,1851c7ba78f20905ed91cf6baee047025e50d9606f306710d4606d41c0024147,39782e5314aa722f5ea0b9db1a962bd87970157ab1604a20fa1f953c71246d5c,1,0.8501105171180928,"[0.8338084030532947, 0.8623045724202925, 0.8285526623369202, 0.8541522399289403, 0.8717347078510164]",0.01846033693215336,0.008255713653568966,0.0,0.0,True,absolute_regret_within_tolerance,False,"{""1"": 0.29411764705882354, ""2"": 0.05}",0.17205882352941176,True,True,mean_jaccard > higher_locking_score > smaller_feature_count > stable_mask_hash,regret_constrained_medoid,absolute,0.01,0.01,1,macro_ovr_auroc,"{""cv_random_state"": 42, ""run_model_seed_rule"": ""42 + run_id_one_based"", ""run_seed"": 46}",0.2.0,3d358dd33abc93192d5cd75320a3772b0c29729cfb8202df576c2876d1200ec9
emory,svm_l1,low,4,10,"[""PROT_FRONTAL__SMOC1|Q9H4F8"", ""PROT_FRONTAL__TMEM106B|Q9NUM4"", ""PROT_FRONTAL__QPRT|Q15274"", ""PROT_FRONTAL__MAPT|P10636"", ""METAB__999925109"", ""METAB__999925180"", ""PROT_FRONTAL__FASN|P49327"", ""PROT_FRONTAL__APOA1|P02647"", ""PROT_FRONTAL__BASP1|P80723"", ""METAB__100015966""]",1000001000110000001010000011000000000001000000000100,61f2ab392d9ac2eb9cf3f9e478eaf4646b41ce9bb2a018d2a1af09eaa21cfd6d,39782e5314aa722f5ea0b9db1a962bd87970157ab1604a20fa1f953c71246d5c,1,0.8389138403339326,"[0.8324621103832962, 0.8302353790339212, 0.8158804310252062, 0.8569783629124587, 0.8590129183147807]",0.01855921850419183,0.00829993483692898,0.011196676784160253,0.013170848446996534,False,absolute_regret_exceeds_tolerance,False,{},,False,False,mean_jaccard > higher_locking_score > smaller_feature_count > stable_mask_hash,regret_constrained_medoid,absolute,0.01,0.01,1,macro_ovr_auroc,"{""cv_random_state"": 42, ""run_model_seed_rule"": ""42 + run_id_one_based"", ""run_seed"": 45}",0.2.0,3d358dd33abc93192d5cd75320a3772b0c29729cfb8202df576c2876d1200ec9
emory,svm_l1,low,3,10,"[""PROT_FRONTAL__MDK|P21741"", ""METAB__1053"", ""PROT_FRONTAL__TMEM106B|Q9NUM4"", ""PROT_FRONTAL__RPL32|P62910"", ""METAB__100000282"", ""PROT_FRONTAL__FASN|P49327"", ""PROT_FRONTAL__APOA1|P02647"", ""PROT_FRONTAL__NOL3|O60936"", ""PROT_FRONTAL__APP|P05067"", ""PROT_FRONTAL__CTSD|P07339""]",0000111001000010000000000011000000000000010000110000,7ab4dfbd8bbd4f1a576eafa8fae4f0492eb4101d4acae8a0c584995d2a5eea6e,39782e5314aa722f5ea0b9db1a962bd87970157ab1604a20fa1f953c71246d5c,1,0.8254368068407058,"[0.8283593852100656, 0.8318270047094858, 0.8147041073935845, 0.8532154211690918, 0.7990781157213007]",0.02019281395746308,0.009030500933178798,0.024673710277387073,0.029024120723775887,False,absolute_regret_exceeds_tolerance,False,{},,False,False,mean_jaccard > higher_locking_score > smaller_feature_count > stable_mask_hash,regret_constrained_medoid,absolute,0.01,0.01,1,macro_ovr_auroc,"{""cv_random_state"": 42, ""run_model_seed_rule"": ""42 + run_id_one_based"", ""run_seed"": 44}",0.2.0,3d358dd33abc93192d5cd75320a3772b0c29729cfb8202df576c2876d1200ec9
emory,svm_l1,low,1,11,"[""PROT_FRONTAL__SMOC1|Q9H4F8"", ""PROT_FRONTAL__TMEM106B|Q9NUM4"", ""PROT_FRONTAL__MAPT|P10636"", ""PROT_FRONTAL__PPP2R5B|Q15173"", ""METAB__999925180"", ""METAB__533"", ""METAB__818"", ""PROT_FRONTAL__ASAH1|Q13510"", ""PROT_FRONTAL__LPP|Q93052"", ""PROT_FRONTAL__APP|P05067"", ""METAB__100015966""]",1000001000010000100011101000000000100000000000100100,bc4767ac98eaa41ff2ddc0fa8d302675ead36d7ab3bbceb1d8b5927ca9c16f46,39782e5314aa722f5ea0b9db1a962bd87970157ab1604a20fa1f953c71246d5c,1,0.840173560942811,"[0.8224775271703438, 0.8380985494577314, 0.832552672148827, 0.8630646941067962, 0.8446743618303567]",0.01516405631839991,0.006781572148515478,0.009936956175281786,0.01168901686920478,True,absolute_regret_within_tolerance,False,"{""2"": 0.05, ""5"": 0.29411764705882354}",0.17205882352941176,False,False,mean_jaccard > higher_locking_score > smaller_feature_count > stable_mask_hash,regret_constrained_medoid,absolute,0.01,0.01,1,macro_ovr_auroc,"{""cv_random_state"": 42, ""run_model_seed_rule"": ""42 + run_id_one_based"", ""run_seed"": 42}",0.2.0,3d358dd33abc93192d5cd75320a3772b0c29729cfb8202df576c2876d1200ec9
emory,svm_l1,low,2,10,"[""PROT_FRONTAL__PRKCE|Q02156"", ""PROT_FRONTAL__MDK|P21741"", ""PROT_FRONTAL__TMEM106B|Q9NUM4"", ""METAB__100001383"", ""PROT_FRONTAL__RHAG|Q02094"", ""PROT_FRONTAL__APOA1|P02647"", ""PROT_FRONTAL__PTGR1|Q14914"", ""PROT_FRONTAL__MTHFD1|P11586"", ""PROT_FRONTAL__APOC3|P02656"", ""METAB__445""]",0010101000001000000000000101001100010000000000000001,c60603b8664a5ba288578d7e4db779bf18f93996d72d24276945bc28d4630d22,39782e5314aa722f5ea0b9db1a962bd87970157ab1604a20fa1f953c71246d5c,1,0.841706663729634,"[0.845667539888966, 0.8225416141734979, 0.8494879451559694, 0.8654093516744826, 0.825426867755254]",0.017821231564154463,0.007969897044042856,0.008403853388458837,0.009885601012146306,True,absolute_regret_within_tolerance,False,"{""1"": 0.05, ""5"": 0.05}",0.05,False,False,mean_jaccard > higher_locking_score > smaller_feature_count > stable_mask_hash,regret_constrained_medoid,absolute,0.01,0.01,1,macro_ovr_auroc,"{""cv_random_state"": 42, ""run_model_seed_rule"": ""42 + run_id_one_based"", ""run_seed"": 43}",0.2.0,3d358dd33abc93192d5cd75320a3772b0c29729cfb8202df576c2876d1200ec9
emory,svm_l1,reference,4,19,"[""PROT_FRONTAL__SMOC1|Q9H4F8"", ""PROT_FRONTAL__MDK|P21741"", ""PROT_FRONTAL__TMEM106B|Q9NUM4"", ""PROT_FRONTAL__RPL13|P26373"", ""PROT_FRONTAL__RPL32|P62910"", ""PROT_FRONTAL__IGHV3-15|A0A0B4J1V0"", ""METAB__999925180"", ""METAB__818"", ""PROT_FRONTAL__DDHD1|Q8NEL9"", ""PROT_FRONTAL__APOA1|P02647"", ""PROT_FRONTAL__RPL27A|P46776"", ""PROT_FRONTAL__PTGR1|Q14914"", ""PROT_FRONTAL__LPP|Q93052"", ""PROT_FRONTAL__APOC3|P02656"", ""PROT_FRONTAL__TPM2|P07951"", ""PROT_FRONTAL__APP|P05067"", ""METAB__100015962"", ""METAB__100015966"", ""PROT_FRONTAL__PFKP|Q01813""]",1000101101000000010010110001101000110000100000101110,121e9797ce94f3403788f4d5e7ed030eebe099cbab4c1b4da96b444e2031f4b7,39782e5314aa722f5ea0b9db1a962bd87970157ab1604a20fa1f953c71246d5c,1,0.8492031183264087,"[0.8331422543041939, 0.8409194667840639, 0.8466452120158984, 0.8504782010699076, 0.8748304574579802]",0.015744042267440063,0.00704094975012518,0.02003024712579582,0.023043578309232766,False,absolute_regret_exceeds_tolerance,False,{},,False,False,mean_jaccard > higher_locking_score > smaller_feature_count > stable_mask_hash,regret_constrained_medoid,absolute,0.01,0.01,1,macro_ovr_auroc,"{""cv_random_state"": 42, ""run_model_seed_rule"": ""42 + run_id_one_based"", ""run_seed"": 45}",0.2.0,3d358dd33abc93192d5cd75320a3772b0c29729cfb8202df576c2876d1200ec9
emory,svm_l1,reference,3,19,"[""PROT_FRONTAL__VGF|O15240"", ""PROT_FRONTAL__MDK|P21741"", ""METAB__1053"", ""PROT_FRONTAL__TMEM106B|Q9NUM4"", ""PROT_FRONTAL__RPL13|P26373"", ""PROT_FRONTAL__ACTN4|O43707"", ""PROT_FRONTAL__RPL32|P62910"", ""METAB__100001383"", ""PROT_FRONTAL__IGHV3-15|A0A0B4J1V0"", ""PROT_FRONTAL__P2RY12|Q9H244"", ""METAB__533"", ""PROT_FRONTAL__DDHD1|Q8NEL9"", ""PROT_FRONTAL__FASN|P49327"", ""PROT_FRONTAL__APOA1|P02647"", ""PROT_FRONTAL__TPM2|P07951"", ""METAB__100009025"", ""PROT_FRONTAL__APP|P05067"", ""PROT_FRONTAL__CTSD|P07339"", ""METAB__100015962""]",0001111111001000010101010011000000000000100001111000,4b5a6e7008c92282cc2f0e914636b6af318cc5be64faf5a913e4d098e1f05295,39782e5314aa722f5ea0b9db1a962bd87970157ab1604a20fa1f953c71246d5c,1,0.8601154735541658,"[0.8639419330061644, 0.8444272242798574, 0.8554087489430636, 0.8840640050090324, 0.8527354565327117]",0.015090667843712791,0.006748751824882394,0.009117891898038688,0.010489578817876202,True,absolute_regret_within_tolerance,False,"{""1"": 0.26666666666666666, ""2"": 0.3103448275862069, ""5"": 0.26666666666666666}",0.28122605363984676,False,False,mean_jaccard > higher_locking_score > smaller_feature_count > stable_mask_hash,regret_constrained_medoid,absolute,0.01,0.01,1,macro_ovr_auroc,"{""cv_random_state"": 42, ""run_model_seed_rule"": ""42 + run_id_one_based"", ""run_seed"": 44}",0.2.0,3d358dd33abc93192d5cd75320a3772b0c29729cfb8202df576c2876d1200ec9
emory,svm_l1,reference,5,19,"[""PROT_FRONTAL__SMOC1|Q9H4F8"", ""PROT_FRONTAL__TMEM106B|Q9NUM4"", ""PROT_FRONTAL__RPL13|P26373"", ""PROT_FRONTAL__QPRT|Q15274"", ""PROT_FRONTAL__MAPT|P10636"", ""PROT_FRONTAL__P2RY12|Q9H244"", ""METAB__999925180"", ""METAB__818"", ""PROT_FRONTAL__DDHD1|Q8NEL9"", ""PROT_FRONTAL__ASAH1|Q13510"", ""PROT_FRONTAL__APOA1|P02647"", ""PROT_FRONTAL__PTGR1|Q14914"", ""PROT_FRONTAL__FBXL18|Q96ME1"", ""PROT_FRONTAL__LPP|Q93052"", ""PROT_FRONTAL__APOC3|P02656"", ""PROT_FRONTAL__TPM2|P07951"", ""PROT_FRONTAL__APP|P05067"", ""PROT_FRONTAL__CTSD|P07339"", ""METAB__100015966""]",1000001100110000000110111001001010110000100000110100,bce7bc6e75587301038b728ebaa2caab341c90d564a624e4059bd387c26e896b,39782e5314aa722f5ea0b9db1a962bd87970157ab1604a20fa1f953c71246d5c,1,0.8608860826345524,"[0.8288768386070168, 0.8472311286878925, 0.8595673261777576, 0.8887118648380724, 0.8800432548620228]",0.02425932806201957,0.010849101327028798,0.00834728281765218,0.009603040045879557,True,absolute_regret_within_tolerance,False,"{""1"": 0.35714285714285715, ""2"": 0.3103448275862069, ""3"": 0.26666666666666666}",0.31138478379857687,True,True,mean_jaccard > higher_locking_score > smaller_feature_count > stable_mask_hash,regret_constrained_medoid,absolute,0.01,0.01,1,macro_ovr_auroc,"{""cv_random_state"": 42, ""run_model_seed_rule"": ""42 + run_id_one_based"", ""run_seed"": 46}",0.2.0,3d358dd33abc93192d5cd75320a3772b0c29729cfb8202df576c2876d1200ec9
emory,svm_l1,reference,1,19,"[""PROT_FRONTAL__SMOC1|Q9H4F8"", ""PROT_FRONTAL__VGF|O15240"", ""PROT_FRONTAL__MDK|P21741"", ""PROT_FRONTAL__TMEM106B|Q9NUM4"", ""PROT_FRONTAL__RPL13|P26373"", ""PROT_FRONTAL__RPL32|P62910"", ""METAB__100000282"", ""METAB__999925180"", ""METAB__533"", ""METAB__818"", ""PROT_FRONTAL__FASN|P49327"", ""PROT_FRONTAL__PTGR1|Q14914"", ""PROT_FRONTAL__MTHFD1|P11586"", ""PROT_FRONTAL__FBXL18|Q96ME1"", ""PROT_FRONTAL__APOC3|P02656"", ""METAB__100003260"", ""PROT_FRONTAL__PTPRF|P10586"", ""PROT_FRONTAL__APP|P05067"", ""METAB__100015966""]",1001101101000010000011100010001110010100001000100100,d14593cc561d33cf822d6a358e0ae77a58457f3a8fbc99eb7baf5cb565daadbb,39782e5314aa722f5ea0b9db1a962bd87970157ab1604a20fa1f953c71246d5c,1,0.8674849526618116,"[0.8570443566644004, 0.8759927884440946, 0.8858470710811192, 0.8674992258297692, 0.8510413212896747]",0.014044126207690674,0.006280724176996535,0.0017484127903929503,0.0020114423351470945,True,absolute_regret_within_tolerance,False,"{""2"": 0.1875, ""3"": 0.26666666666666666, ""5"": 0.35714285714285715}",0.2704365079365079,False,False,mean_jaccard > higher_locking_score > smaller_feature_count > stable_mask_hash,regret_constrained_medoid,absolute,0.01,0.01,1,macro_ovr_auroc,"{""cv_random_state"": 42, ""run_model_seed_rule"": ""42 + run_id_one_based"", ""run_seed"": 42}",0.2.0,3d358dd33abc93192d5cd75320a3772b0c29729cfb8202df576c2876d1200ec9
emory,svm_l1,reference,2,19,"[""PROT_FRONTAL__PRKCE|Q02156"", ""PROT_FRONTAL__MDK|P21741"", ""METAB__1053"", ""PROT_FRONTAL__TMEM106B|Q9NUM4"", ""PROT_FRONTAL__RPL13|P26373"", ""PROT_FRONTAL__QPRT|Q15274"", ""PROT_FRONTAL__MAPT|P10636"", ""METAB__100000282"", ""PROT_FRONTAL__P2RY12|Q9H244"", ""METAB__533"", ""PROT_FRONTAL__ASAH1|Q13510"", ""PROT_FRONTAL__APOA1|P02647"", ""METAB__100009329"", ""PROT_FRONTAL__PTGR1|Q14914"", ""METAB__100015846"", ""PROT_FRONTAL__DEFA3|P59666"", ""PROT_FRONTAL__CTSD|P07339"", ""METAB__100015962"", ""METAB__445""]",0010111100110010000101001001011001001000000000011001,e5f6f71aed3ca8fac8f111d68ee00691bf7a4175a09a372f848089973ac90044,39782e5314aa722f5ea0b9db1a962bd87970157ab1604a20fa1f953c71246d5c,1,0.8692333654522045,"[0.8647478193255682, 0.841198232244497, 0.8800032368510206, 0.8993213745597309, 0.8608961642802059]",0.021776570915849516,0.009738778576936873,0.0,0.0,True,absolute_regret_within_tolerance,False,"{""1"": 0.1875, ""3"": 0.3103448275862069, ""5"": 0.3103448275862069}",0.26939655172413796,False,False,mean_jaccard > higher_locking_score > smaller_feature_count > stable_mask_hash,regret_constrained_medoid,absolute,0.01,0.01,1,macro_ovr_auroc,"{""cv_random_state"": 42, ""run_model_seed_rule"": ""42 + run_id_one_based"", ""run_seed"": 43}",0.2.0,3d358dd33abc93192d5cd75320a3772b0c29729cfb8202df576c2876d1200ec9
emory,xgboost,low,2,16,"[""PROT_FRONTAL__IGHV4-61|A0A0C4DH41"", ""PROT_FRONTAL__HAT1|O14929"", ""PROT_FRONTAL__HPCA|P84074"", ""PROT_FRONTAL__HSPB1|P04792"", ""PROT_FRONTAL__MYO1B|O43795"", ""PROT_FRONTAL__PLEC|Q15149"", ""PROT_FRONTAL__ADD2|P35612"", ""PROT_FRONTAL__MDK|P21741"", ""PROT_FRONTAL__CP|P00450"", ""METAB__100003260"", ""PROT_FRONTAL__MAN2C1|Q9NTJ4"", ""METAB__100015849"", ""PROT_FRONTAL__INTS9|Q9NV88"", ""PROT_FRONTAL__KPNA5|O15131"", ""PROT_FRONTAL__DDR1|Q08345"", ""PROT_FRONTAL__WDTC1|Q8N5D0""]",0000000000000010000011110000100000000110000000000000001001000100000000100000000001000100000010000010,1a04ae2cd74f029696f5a13683e03cefd7a51d3eca474b9cf02e869886a6a278,66fd29861608f368700f7ffc2793959554b6607c59513f71226fcb5e22f7f8d7,1,0.8150776809470244,"[0.8199813092955517, 0.8213019593199516, 0.8134955338572244, 0.8139445337220143, 0.8066650685403803]",0.005859745553262162,0.0026205578775892616,0.008382020338260299,0.0101790291925365,True,absolute_regret_within_tolerance,False,"{""1"": 0.125, ""3"": 0.12121212121212122}",0.12310606060606061,False,False,mean_jaccard > higher_locking_score > smaller_feature_count > stable_mask_hash,regret_constrained_medoid,absolute,0.01,0.01,1,macro_ovr_auroc,"{""cv_random_state"": 42, ""run_model_seed_rule"": ""42 + run_id_one_based"", ""run_seed"": 43}",0.2.0,3d358dd33abc93192d5cd75320a3772b0c29729cfb8202df576c2876d1200ec9
emory,xgboost,low,4,20,"[""PROT_FRONTAL__TESPA1|A2RU30"", ""PROT_FRONTAL__ARPP19|P56211"", ""PROT_FRONTAL__PRKCE|Q02156"", ""PROT_FRONTAL__HPCA|P84074"", ""PROT_FRONTAL__HSPB1|P04792"", ""PROT_FRONTAL__UNC13A|Q9UPW8"", ""PROT_FRONTAL__PLEC|Q15149"", ""PROT_FRONTAL__ABCG4|Q9H172"", ""PROT_FRONTAL__MDK|P21741"", ""METAB__100021060"", ""METAB__100001413"", ""METAB__100002398"", ""PROT_FRONTAL__ALDH2|P05091"", ""PROT_FRONTAL__CP|P00450"", ""PROT_FRONTAL__PTK2B|Q14289"", ""PROT_FRONTAL__VGF|O15240"", ""PROT_FRONTAL__H1F0|P07305"", ""METAB__999923639"", ""METAB__270"", ""PROT_FRONTAL__GFAP|P14136""]",1000011000000000000001100010100000001010000010010010101000001000000000000100001000010000000101000000,3cf159b7d4677755fa2b19188f33d47820969448076b686d69b83b219622af7f,66fd29861608f368700f7ffc2793959554b6607c59513f71226fcb5e22f7f8d7,1,0.8119549839785632,"[0.8374748910494708, 0.8040149800460702, 0.7996919384726592, 0.7883898509948736, 0.8302032593297423]",0.020934461124346285,0.009362175629272993,0.011504717306721424,0.013971196512427335,False,absolute_regret_exceeds_tolerance,False,{},,False,False,mean_jaccard > higher_locking_score > smaller_feature_count > stable_mask_hash,regret_constrained_medoid,absolute,0.01,0.01,1,macro_ovr_auroc,"{""cv_random_state"": 42, ""run_model_seed_rule"": ""42 + run_id_one_based"", ""run_seed"": 45}",0.2.0,3d358dd33abc93192d5cd75320a3772b0c29729cfb8202df576c2876d1200ec9
emory,xgboost,low,1,20,"[""METAB__100020217"", ""PROT_FRONTAL__SMOC1|Q9H4F8"", ""PROT_FRONTAL__SEPT6|Q14141"", ""PROT_FRONTAL__POLR2A|P24928"", ""PROT_FRONTAL__SHISA9|B4DS77"", ""PROT_FRONTAL__MYO1B|O43795"", ""METAB__100009055"", ""PROT_FRONTAL__ADD2|P35612"", ""PROT_FRONTAL__MDK|P21741"", ""PROT_FRONTAL__SYNRG|Q9UMZ2"", ""METAB__100009067"", ""METAB__100021060"", ""METAB__100002398"", ""PROT_FRONTAL__DYM|Q7RTS9"", ""PROT_FRONTAL__ASAH1|Q13510"", ""METAB__100001851"", ""PROT_FRONTAL__BPGM|P07738"", ""PROT_FRONTAL__KPNA5|O15131"", ""PROT_FRONTAL__TPD52L1|Q16890"", ""PROT_FRONTAL__SQSTM1|Q13501""]",0000000000100001111000010000001000000110110010000010000000000000100010000000100000100100000000110000,6d34f8c0e5709895a45a37eb95dd0b5336d3998209b33cd1efc6aefa096a9661,66fd29861608f368700f7ffc2793959554b6607c59513f71226fcb5e22f7f8d7,1,0.8234597012852847,"[0.8195645652275547, 0.831633431686833, 0.8078358427015478, 0.8059203536254348, 0.8523443131850529]",0.01915748177320902,0.008567486304521716,0.0,0.0,True,absolute_regret_within_tolerance,False,"{""2"": 0.125, ""3"": 0.1388888888888889}",0.13194444444444445,True,True,mean_jaccard > higher_locking_score > smaller_feature_count > stable_mask_hash,regret_constrained_medoid,absolute,0.01,0.01,1,macro_ovr_auroc,"{""cv_random_state"": 42, ""run_model_seed_rule"": ""42 + run_id_one_based"", ""run_seed"": 42}",0.2.0,3d358dd33abc93192d5cd75320a3772b0c29729cfb8202df576c2876d1200ec9
emory,xgboost,low,3,21,"[""PROT_FRONTAL__ARPP19|P56211"", ""PROT_FRONTAL__MRPL1|Q9BYD6"", ""METAB__100020217"", ""PROT_FRONTAL__SMOC1|Q9H4F8"", ""PROT_FRONTAL__UNC13A|Q9UPW8"", ""PROT_FRONTAL__ADD2|P35612"", ""PROT_FRONTAL__MDK|P21741"", ""METAB__100002254"", ""METAB__100021060"", ""PROT_FRONTAL__PDHX|O00330"", ""METAB__100003260"", ""PROT_FRONTAL__AMER3|Q8N944"", ""PROT_FRONTAL__PTK2B|Q14289"", ""PROT_FRONTAL__PPIL3|Q9H2H8"", ""PROT_FRONTAL__ANXA4|P09525"", ""PROT_FRONTAL__ASS1|P00966"", ""PROT_FRONTAL__WIPI1|Q5MNZ9"", ""METAB__100009329"", ""PROT_FRONTAL__IGLV3-19|P01714"", ""PROT_FRONTAL__GFAP|P14136"", ""PROT_FRONTAL__WDTC1|Q8N5D0""]",0000010010100001000000000010000000000110001010000000010001011000001000000001000100000010101001000010,960c2670becfd73efcec724e266c1823026b5aa284345e7c9c8e4c3c498725fa,66fd29861608f368700f7ffc2793959554b6607c59513f71226fcb5e22f7f8d7,1,0.8144905899547468,"[0.8438933070681972, 0.8194640071822422, 0.8057129153590413, 0.7769793931626752, 0.8264033270015773]",0.025076410292348875,0.011214511609073491,0.008969111330537904,0.010891985748104736,True,absolute_regret_within_tolerance,False,"{""1"": 0.1388888888888889, ""2"": 0.12121212121212122}",0.13005050505050506,False,False,mean_jaccard > higher_locking_score > smaller_feature_count > stable_mask_hash,regret_constrained_medoid,absolute,0.01,0.01,1,macro_ovr_auroc,"{""cv_random_state"": 42, ""run_model_seed_rule"": ""42 + run_id_one_based"", ""run_seed"": 44}",0.2.0,3d358dd33abc93192d5cd75320a3772b0c29729cfb8202df576c2876d1200ec9
emory,xgboost,low,5,22,"[""PROT_FRONTAL__IMPAD1|Q9NX62"", ""PROT_FRONTAL__SMOC1|Q9H4F8"", ""PROT_FRONTAL__SEPT6|Q14141"", ""PROT_FRONTAL__POLR2A|P24928"", ""PROT_FRONTAL__SHISA9|B4DS77"", ""PROT_FRONTAL__GMPR2|Q9P2T1"", ""PROT_FRONTAL__UNC13A|Q9UPW8"", ""METAB__811"", ""PROT_FRONTAL__CALU|O43852"", ""PROT_FRONTAL__MDK|P21741"", ""METAB__503"", ""PROT_FRONTAL__PTK2B|Q14289"", ""PROT_FRONTAL__UGP2|Q16851"", ""PROT_FRONTAL__THAP4|Q8WY91"", ""PROT_FRONTAL__CKB|P12277"", ""PROT_FRONTAL__ASAH1|Q13510"", ""METAB__100001851"", ""METAB__100001510"", ""PROT_FRONTAL__ASS1|P00966"", ""PROT_FRONTAL__HAPLN2|Q9GZV7"", ""METAB__999923639"", ""PROT_FRONTAL__DDR1|Q08345""]",0001000000000001111000001010000011000010000000000000000010001011000110000000110110010000000010000000,ac134c488332f7db7dfc5b0fbe6a6275f7e3d19f0141ad57be1e3c244a0e414d,66fd29861608f368700f7ffc2793959554b6607c59513f71226fcb5e22f7f8d7,1,0.8124392014572497,"[0.8149334488637443, 0.8209901102999876, 0.7892694965284179, 0.8046902531967947, 0.8323126983973038]",0.016364417331670402,0.007318389913158148,0.01102049982803499,0.013383168369786414,False,absolute_regret_exceeds_tolerance,False,{},,False,False,mean_jaccard > higher_locking_score > smaller_feature_count > stable_mask_hash,regret_constrained_medoid,absolute,0.01,0.01,1,macro_ovr_auroc,"{""cv_random_state"": 42, ""run_model_seed_rule"": ""42 + run_id_one_based"", ""run_seed"": 46}",0.2.0,3d358dd33abc93192d5cd75320a3772b0c29729cfb8202df576c2876d1200ec9
emory,xgboost,reference,4,20,"[""PROT_FRONTAL__TESPA1|A2RU30"", ""PROT_FRONTAL__ARPP19|P56211"", ""PROT_FRONTAL__PRKCE|Q02156"", ""PROT_FRONTAL__HPCA|P84074"", ""PROT_FRONTAL__HSPB1|P04792"", ""PROT_FRONTAL__UNC13A|Q9UPW8"", ""PROT_FRONTAL__PLEC|Q15149"", ""PROT_FRONTAL__ABCG4|Q9H172"", ""PROT_FRONTAL__MDK|P21741"", ""METAB__100021060"", ""METAB__100001413"", ""METAB__100002398"", ""PROT_FRONTAL__ALDH2|P05091"", ""PROT_FRONTAL__CP|P00450"", ""PROT_FRONTAL__PTK2B|Q14289"", ""PROT_FRONTAL__VGF|O15240"", ""PROT_FRONTAL__H1F0|P07305"", ""METAB__999923639"", ""METAB__270"", ""PROT_FRONTAL__GFAP|P14136""]",1000011000000000000001100010100000001010000010010010101000001000000000000100001000010000000101000000,3cf159b7d4677755fa2b19188f33d47820969448076b686d69b83b219622af7f,66fd29861608f368700f7ffc2793959554b6607c59513f71226fcb5e22f7f8d7,1,0.8119549839785632,"[0.8374748910494708, 0.8040149800460702, 0.7996919384726592, 0.7883898509948736, 0.8302032593297423]",0.020934461124346285,0.009362175629272993,0.011504717306721424,0.013971196512427335,False,absolute_regret_exceeds_tolerance,False,{},,False,False,mean_jaccard > higher_locking_score > smaller_feature_count > stable_mask_hash,regret_constrained_medoid,absolute,0.01,0.01,1,macro_ovr_auroc,"{""cv_random_state"": 42, ""run_model_seed_rule"": ""42 + run_id_one_based"", ""run_seed"": 45}",0.2.0,3d358dd33abc93192d5cd75320a3772b0c29729cfb8202df576c2876d1200ec9
emory,xgboost,reference,1,20,"[""METAB__100020217"", ""PROT_FRONTAL__SMOC1|Q9H4F8"", ""PROT_FRONTAL__SEPT6|Q14141"", ""PROT_FRONTAL__POLR2A|P24928"", ""PROT_FRONTAL__SHISA9|B4DS77"", ""PROT_FRONTAL__MYO1B|O43795"", ""METAB__100009055"", ""PROT_FRONTAL__ADD2|P35612"", ""PROT_FRONTAL__MDK|P21741"", ""PROT_FRONTAL__SYNRG|Q9UMZ2"", ""METAB__100009067"", ""METAB__100021060"", ""METAB__100002398"", ""PROT_FRONTAL__DYM|Q7RTS9"", ""PROT_FRONTAL__ASAH1|Q13510"", ""METAB__100001851"", ""PROT_FRONTAL__BPGM|P07738"", ""PROT_FRONTAL__KPNA5|O15131"", ""PROT_FRONTAL__TPD52L1|Q16890"", ""PROT_FRONTAL__SQSTM1|Q13501""]",0000000000100001111000010000001000000110110010000010000000000000100010000000100000100100000000110000,6d34f8c0e5709895a45a37eb95dd0b5336d3998209b33cd1efc6aefa096a9661,66fd29861608f368700f7ffc2793959554b6607c59513f71226fcb5e22f7f8d7,1,0.8234597012852847,"[0.8195645652275547, 0.831633431686833, 0.8078358427015478, 0.8059203536254348, 0.8523443131850529]",0.01915748177320902,0.008567486304521716,0.0,0.0,True,absolute_regret_within_tolerance,False,"{""2"": 0.15625, ""3"": 0.1388888888888889}",0.14756944444444445,True,True,mean_jaccard > higher_locking_score > smaller_feature_count > stable_mask_hash,regret_constrained_medoid,absolute,0.01,0.01,1,macro_ovr_auroc,"{""cv_random_state"": 42, ""run_model_seed_rule"": ""42 + run_id_one_based"", ""run_seed"": 42}",0.2.0,3d358dd33abc93192d5cd75320a3772b0c29729cfb8202df576c2876d1200ec9
emory,xgboost,reference,3,21,"[""PROT_FRONTAL__ARPP19|P56211"", ""PROT_FRONTAL__MRPL1|Q9BYD6"", ""METAB__100020217"", ""PROT_FRONTAL__SMOC1|Q9H4F8"", ""PROT_FRONTAL__UNC13A|Q9UPW8"", ""PROT_FRONTAL__ADD2|P35612"", ""PROT_FRONTAL__MDK|P21741"", ""METAB__100002254"", ""METAB__100021060"", ""PROT_FRONTAL__PDHX|O00330"", ""METAB__100003260"", ""PROT_FRONTAL__AMER3|Q8N944"", ""PROT_FRONTAL__PTK2B|Q14289"", ""PROT_FRONTAL__PPIL3|Q9H2H8"", ""PROT_FRONTAL__ANXA4|P09525"", ""PROT_FRONTAL__ASS1|P00966"", ""PROT_FRONTAL__WIPI1|Q5MNZ9"", ""METAB__100009329"", ""PROT_FRONTAL__IGLV3-19|P01714"", ""PROT_FRONTAL__GFAP|P14136"", ""PROT_FRONTAL__WDTC1|Q8N5D0""]",0000010010100001000000000010000000000110001010000000010001011000001000000001000100000010101001000010,960c2670becfd73efcec724e266c1823026b5aa284345e7c9c8e4c3c498725fa,66fd29861608f368700f7ffc2793959554b6607c59513f71226fcb5e22f7f8d7,1,0.8144905899547468,"[0.8438933070681972, 0.8194640071822422, 0.8057129153590413, 0.7769793931626752, 0.8264033270015773]",0.025076410292348875,0.011214511609073491,0.008969111330537904,0.010891985748104736,True,absolute_regret_within_tolerance,False,"{""1"": 0.1388888888888889, ""2"": 0.11764705882352941}",0.12826797385620914,False,False,mean_jaccard > higher_locking_score > smaller_feature_count > stable_mask_hash,regret_constrained_medoid,absolute,0.01,0.01,1,macro_ovr_auroc,"{""cv_random_state"": 42, ""run_model_seed_rule"": ""42 + run_id_one_based"", ""run_seed"": 44}",0.2.0,3d358dd33abc93192d5cd75320a3772b0c29729cfb8202df576c2876d1200ec9
emory,xgboost,reference,5,22,"[""PROT_FRONTAL__IMPAD1|Q9NX62"", ""PROT_FRONTAL__SMOC1|Q9H4F8"", ""PROT_FRONTAL__SEPT6|Q14141"", ""PROT_FRONTAL__POLR2A|P24928"", ""PROT_FRONTAL__SHISA9|B4DS77"", ""PROT_FRONTAL__GMPR2|Q9P2T1"", ""PROT_FRONTAL__UNC13A|Q9UPW8"", ""METAB__811"", ""PROT_FRONTAL__CALU|O43852"", ""PROT_FRONTAL__MDK|P21741"", ""METAB__503"", ""PROT_FRONTAL__PTK2B|Q14289"", ""PROT_FRONTAL__UGP2|Q16851"", ""PROT_FRONTAL__THAP4|Q8WY91"", ""PROT_FRONTAL__CKB|P12277"", ""PROT_FRONTAL__ASAH1|Q13510"", ""METAB__100001851"", ""METAB__100001510"", ""PROT_FRONTAL__ASS1|P00966"", ""PROT_FRONTAL__HAPLN2|Q9GZV7"", ""METAB__999923639"", ""PROT_FRONTAL__DDR1|Q08345""]",0001000000000001111000001010000011000010000000000000000010001011000110000000110110010000000010000000,ac134c488332f7db7dfc5b0fbe6a6275f7e3d19f0141ad57be1e3c244a0e414d,66fd29861608f368700f7ffc2793959554b6607c59513f71226fcb5e22f7f8d7,1,0.8124392014572497,"[0.8149334488637443, 0.8209901102999876, 0.7892694965284179, 0.8046902531967947, 0.8323126983973038]",0.016364417331670402,0.007318389913158148,0.01102049982803499,0.013383168369786414,False,absolute_regret_exceeds_tolerance,False,{},,False,False,mean_jaccard > higher_locking_score > smaller_feature_count > stable_mask_hash,regret_constrained_medoid,absolute,0.01,0.01,1,macro_ovr_auroc,"{""cv_random_state"": 42, ""run_model_seed_rule"": ""42 + run_id_one_based"", ""run_seed"": 46}",0.2.0,3d358dd33abc93192d5cd75320a3772b0c29729cfb8202df576c2876d1200ec9
emory,xgboost,reference,2,17,"[""PROT_FRONTAL__IGHV4-61|A0A0C4DH41"", ""PROT_FRONTAL__HAT1|O14929"", ""PROT_FRONTAL__HPCA|P84074"", ""PROT_FRONTAL__HSPB1|P04792"", ""PROT_FRONTAL__MYO1B|O43795"", ""PROT_FRONTAL__PLEC|Q15149"", ""PROT_FRONTAL__ADD2|P35612"", ""PROT_FRONTAL__MDK|P21741"", ""PROT_FRONTAL__PDHX|O00330"", ""PROT_FRONTAL__CP|P00450"", ""PROT_FRONTAL__MAN2C1|Q9NTJ4"", ""PROT_FRONTAL__DYM|Q7RTS9"", ""METAB__100015849"", ""PROT_FRONTAL__INTS9|Q9NV88"", ""PROT_FRONTAL__KPNA5|O15131"", ""PROT_FRONTAL__DDR1|Q08345"", ""PROT_FRONTAL__WDTC1|Q8N5D0""]",0000000000000010000011110000100000000110000000000000011000000100100000100000000001000100000010000010,f6be1c6ab45f14381b12b025e21c72695de8e08f7911b5617572e3849990930b,66fd29861608f368700f7ffc2793959554b6607c59513f71226fcb5e22f7f8d7,1,0.8143237870851001,"[0.8229657838835691, 0.8083781316038401, 0.8053019851536144, 0.8069966443278661, 0.8279763904566111]",0.01038639058651061,0.004644935078460326,0.009135914200184558,0.011094549236501682,True,absolute_regret_within_tolerance,False,"{""1"": 0.15625, ""3"": 0.11764705882352941}",0.13694852941176472,False,False,mean_jaccard > higher_locking_score > smaller_feature_count > stable_mask_hash,regret_constrained_medoid,absolute,0.01,0.01,1,macro_ovr_auroc,"{""cv_random_state"": 42, ""run_model_seed_rule"": ""42 + run_id_one_based"", ""run_seed"": 43}",0.2.0,3d358dd33abc93192d5cd75320a3772b0c29729cfb8202df576c2876d1200ec9
mayo,boruta_rf,low,4,14,"[""PROT_FRONTAL__ANK3|Q12955"", ""PROT_FRONTAL__CTHRC1|Q96CG8"", ""PROT_FRONTAL__MDK|P21741"", ""PROT_FRONTAL__RAB10|P61026"", ""PROT_FRONTAL__RPL37|P61927"", ""PROT_FRONTAL__RPS6KA5|O75582"", ""PROT_FRONTAL__SMOC1|Q9H4F8"", ""PROT_FRONTAL__SPOCK2|Q92563"", ""PROT_FRONTAL__UGP2|Q16851"", ""METAB__533"", ""METAB__799"", ""METAB__1053"", ""METAB__100000580"", ""METAB__100015962""]",00001000000001000000000000000000010000000000000010000101000101001000001101001000000100,1532fd18c667ca938b2ef70e008424785b4a8ebe1df3848ee1563f0d3f5659b6,86418699b3c59b0d1cb3329102078d3ff1f2d99f7cb33fb746ee506b9e7b3c3e,1,0.8446501651441727,"[0.8552380952380952, 0.8196726190476191, 0.8956184942055421, 0.836607059420348, 0.8161145578092591]",0.03245275441177634,0.01451331298436762,0.02475892637173127,0.02847787838123655,False,absolute_regret_exceeds_tolerance,False,{},,False,False,mean_jaccard > higher_locking_score > smaller_feature_count > stable_mask_hash,regret_constrained_medoid,absolute,0.01,0.01,1,macro_ovr_auroc,"{""cv_random_state"": 42, ""run_model_seed_rule"": ""42 + run_id_one_based"", ""run_seed"": 45}",0.2.0,3d358dd33abc93192d5cd75320a3772b0c29729cfb8202df576c2876d1200ec9
mayo,boruta_rf,low,1,13,"[""PROT_FRONTAL__DNM1L|O00429"", ""PROT_FRONTAL__GPNMB|Q14956"", ""PROT_FRONTAL__ICAM1|P05362"", ""PROT_FRONTAL__MDK|P21741"", ""PROT_FRONTAL__OLFM1|Q99784"", ""PROT_FRONTAL__RPL34|P49207"", ""PROT_FRONTAL__RPS6KA5|O75582"", ""PROT_FRONTAL__TMEM106B|Q9NUM4"", ""PROT_FRONTAL__VIM|P08670"", ""METAB__362"", ""METAB__1025"", ""METAB__100015962"", ""METAB__100021194""]",00000000000000010000000010001000010010000000000000001001000000010010100010000000000101,4fe26e1d5771d7a0e588e1a130396b56c5b2645b0a3e300baa45a7f0b8430c21,86418699b3c59b0d1cb3329102078d3ff1f2d99f7cb33fb746ee506b9e7b3c3e,1,0.869409091515904,"[0.8853869047619046, 0.8800892857142856, 0.9106315528224695, 0.8355807625698292, 0.8353569517110309]",0.03306263920569931,0.014786061755898661,0.0,0.0,True,absolute_regret_within_tolerance,False,"{""5"": 0.11538461538461539}",0.11538461538461539,True,True,mean_jaccard > higher_locking_score > smaller_feature_count > stable_mask_hash,regret_constrained_medoid,absolute,0.01,0.01,1,macro_ovr_auroc,"{""cv_random_state"": 42, ""run_model_seed_rule"": ""42 + run_id_one_based"", ""run_seed"": 42}",0.2.0,3d358dd33abc93192d5cd75320a3772b0c29729cfb8202df576c2876d1200ec9
mayo,boruta_rf,low,3,15,"[""PROT_FRONTAL__CLU|P10909"", ""PROT_FRONTAL__CSNK1A1|P48729"", ""PROT_FRONTAL__DNM1L|O00429"", ""PROT_FRONTAL__MACROD1|Q9BQ69"", ""PROT_FRONTAL__MDK|P21741"", ""PROT_FRONTAL__PLEC|Q15149"", ""PROT_FRONTAL__RPH3A|Q9Y2J0"", ""PROT_FRONTAL__RPL7A|P62424"", ""PROT_FRONTAL__RPS6KA5|O75582"", ""PROT_FRONTAL__S100A6|P06703"", ""PROT_FRONTAL__SMOC1|Q9H4F8"", ""PROT_FRONTAL__VGF|O15240"", ""METAB__1025"", ""METAB__100000841"", ""METAB__100001662""]",00000000000110010000000000000001010000000000100001000011100100000100000010000101000000,9b3f695e28ddeeab1d2c1008066ed9f427c55e7d3fe9de7de63544c935956f01,86418699b3c59b0d1cb3329102078d3ff1f2d99f7cb33fb746ee506b9e7b3c3e,1,0.8579043529127635,"[0.8916071428571429, 0.8778373015873017, 0.8847656730709715, 0.8330677009188364, 0.8022439461295643]",0.03863182360139481,0.017276676733499908,0.011504738603140496,0.013232825278006703,False,absolute_regret_exceeds_tolerance,False,{},,False,False,mean_jaccard > higher_locking_score > smaller_feature_count > stable_mask_hash,regret_constrained_medoid,absolute,0.01,0.01,1,macro_ovr_auroc,"{""cv_random_state"": 42, ""run_model_seed_rule"": ""42 + run_id_one_based"", ""run_seed"": 44}",0.2.0,3d358dd33abc93192d5cd75320a3772b0c29729cfb8202df576c2876d1200ec9
mayo,boruta_rf,low,2,14,"[""PROT_FRONTAL__ALDH1L1|O75891"", ""PROT_FRONTAL__CSNK1A1|P48729"", ""PROT_FRONTAL__CTHRC1|Q96CG8"", ""PROT_FRONTAL__IDH2|P48735"", ""PROT_FRONTAL__MDK|P21741"", ""PROT_FRONTAL__PLCD3|Q8N3E9"", ""PROT_FRONTAL__RPL34|P49207"", ""PROT_FRONTAL__SMOC1|Q9H4F8"", ""PROT_FRONTAL__SPOCK2|Q92563"", ""PROT_FRONTAL__VIM|P08670"", ""METAB__362"", ""METAB__100000272"", ""METAB__100004488"", ""METAB__100015962""]",00100000000011000000000000000100010000000001000000001000000101000010100000100000010100,b13270bf19982aa3089713be5cc0ae224b6e5b964eda6b003e05178c70a0c437,86418699b3c59b0d1cb3329102078d3ff1f2d99f7cb33fb746ee506b9e7b3c3e,1,0.8534529134308361,"[0.8590575396825396, 0.8903670634920635, 0.8881576912947812, 0.8705990155065008, 0.7590832571782951]",0.054309549699757556,0.024287968991212237,0.015956178085067885,0.018352899964787176,False,absolute_regret_exceeds_tolerance,False,{},,False,False,mean_jaccard > higher_locking_score > smaller_feature_count > stable_mask_hash,regret_constrained_medoid,absolute,0.01,0.01,1,macro_ovr_auroc,"{""cv_random_state"": 42, ""run_model_seed_rule"": ""42 + run_id_one_based"", ""run_seed"": 43}",0.2.0,3d358dd33abc93192d5cd75320a3772b0c29729cfb8202df576c2876d1200ec9
mayo,boruta_rf,low,5,16,"[""PROT_FRONTAL__AKAP12|Q02952"", ""PROT_FRONTAL__ANK1|P16157"", ""PROT_FRONTAL__APP|P05067"", ""PROT_FRONTAL__CDH10|Q9Y6N8"", ""PROT_FRONTAL__DPYSL4|O14531"", ""PROT_FRONTAL__GPNMB|Q14956"", ""PROT_FRONTAL__HSPB1|P04792"", ""PROT_FRONTAL__HTRA1|Q92743"", ""PROT_FRONTAL__MDK|P21741"", ""PROT_FRONTAL__PHGDH|O43175"", ""PROT_FRONTAL__PLCD3|Q8N3E9"", ""PROT_FRONTAL__RPL13|P26373"", ""PROT_FRONTAL__SLC25A23|Q9BV35"", ""METAB__1053"", ""METAB__100015850"", ""METAB__100015962""]",01010010010000000100000010110000010000010001000000100000001000000000000001000000001100,fe247fab04bdce98eb9cbb879aedcf900c01b94490cd2304efe4fc80f0f3d487,86418699b3c59b0d1cb3329102078d3ff1f2d99f7cb33fb746ee506b9e7b3c3e,1,0.8640160904066498,"[0.8950099206349207, 0.846170634920635, 0.8796832860625964, 0.8578141258797273, 0.8414024845353693]",0.022772671933365345,0.010184248494461293,0.005393001109254114,0.0062030650034391325,True,absolute_regret_within_tolerance,False,"{""1"": 0.11538461538461539}",0.11538461538461539,False,False,mean_jaccard > higher_locking_score > smaller_feature_count > stable_mask_hash,regret_constrained_medoid,absolute,0.01,0.01,1,macro_ovr_auroc,"{""cv_random_state"": 42, ""run_model_seed_rule"": ""42 + run_id_one_based"", ""run_seed"": 46}",0.2.0,3d358dd33abc93192d5cd75320a3772b0c29729cfb8202df576c2876d1200ec9
mayo,boruta_rf,reference,4,24,"[""PROT_FRONTAL__APOE4|APOE4"", ""PROT_FRONTAL__APP|P05067"", ""PROT_FRONTAL__ARRB1|P49407"", ""PROT_FRONTAL__DNM1L|O00429"", ""PROT_FRONTAL__HSPB1|P04792"", ""PROT_FRONTAL__HTRA1|Q92743"", ""PROT_FRONTAL__MDK|P21741"", ""PROT_FRONTAL__NPTX2|P47972"", ""PROT_FRONTAL__NTN1|O95631"", ""PROT_FRONTAL__PLCD1|P51178"", ""PROT_FRONTAL__RAB10|P61026"", ""PROT_FRONTAL__RPH3A|Q9Y2J0"", ""PROT_FRONTAL__RPL27A|P46776"", ""PROT_FRONTAL__RPL7A|P62424"", ""PROT_FRONTAL__SAMD14|Q8IZD0"", ""PROT_FRONTAL__SPOCK2|Q92563"", ""PROT_FRONTAL__TMEM106B|Q9NUM4"", ""PROT_FRONTAL__VGF|O15240"", ""METAB__362"", ""METAB__1053"", ""METAB__100015850"", ""METAB__100015962"", ""METAB__100019968"", ""METAB__100021194""]",00000110100000010000000000110000011100000010000011010010010001010100100001000000001111,28c9b7e4d7fb401d6f3a84ae4a2b151abbb91c8ee06e0adbc3d9b4d35af8c6c8,86418699b3c59b0d1cb3329102078d3ff1f2d99f7cb33fb746ee506b9e7b3c3e,1,0.8786663990621097,"[0.9146329365079364, 0.8807242063492063, 0.9082841086583728, 0.8468686383236426, 0.8428221054713907]",0.03343256675533574,0.01495149838544606,0.0,0.0,True,absolute_regret_within_tolerance,False,"{""1"": 0.23076923076923078, ""2"": 0.23076923076923078, ""3"": 0.16666666666666666, ""5"": 0.17073170731707318}",0.19973420888055035,False,False,mean_jaccard > higher_locking_score > smaller_feature_count > stable_mask_hash,regret_constrained_medoid,absolute,0.01,0.01,1,macro_ovr_auroc,"{""cv_random_state"": 42, ""run_model_seed_rule"": ""42 + run_id_one_based"", ""run_seed"": 45}",0.2.0,3d358dd33abc93192d5cd75320a3772b0c29729cfb8202df576c2876d1200ec9
mayo,boruta_rf,reference,2,24,"[""PROT_FRONTAL__ACTN2|P35609"", ""PROT_FRONTAL__AKAP12|Q02952"", ""PROT_FRONTAL__ALDH1L1|O75891"", ""PROT_FRONTAL__APP|P05067"", ""PROT_FRONTAL__CSNK1A1|P48729"", ""PROT_FRONTAL__HTRA1|Q92743"", ""PROT_FRONTAL__MAPT|P10636"", ""PROT_FRONTAL__MDK|P21741"", ""PROT_FRONTAL__NPTX2|P47972"", ""PROT_FRONTAL__PBXIP1|Q96AQ6"", ""PROT_FRONTAL__PHGDH|O43175"", ""PROT_FRONTAL__PPP6R2|O75170"", ""PROT_FRONTAL__PPT1|P50897"", ""PROT_FRONTAL__RPH3A|Q9Y2J0"", ""PROT_FRONTAL__RPL7A|P62424"", ""PROT_FRONTAL__S100A6|P06703"", ""METAB__41"", ""METAB__1025"", ""METAB__100000580"", ""METAB__100000841"", ""METAB__100004488"", ""METAB__100015850"", ""METAB__100015962"", ""METAB__100019968""]",11100010000010000000000000010000111001010000011001000010100000000001000010001100011110,4cf2ba852ad1876990a620425a93416298ba273757d97c30d04e48b7315cda08,86418699b3c59b0d1cb3329102078d3ff1f2d99f7cb33fb746ee506b9e7b3c3e,1,0.8762350446371683,"[0.887172619047619, 0.9101785714285712, 0.8776726656205209, 0.8538186502778596, 0.8523327168112701]",0.02422641281062551,0.010834381179106076,0.0024313544249414676,0.002767096167028465,True,absolute_regret_within_tolerance,False,"{""1"": 0.37142857142857144, ""3"": 0.06521739130434782, ""4"": 0.23076923076923078, ""5"": 0.23076923076923078}",0.22454610606784522,False,False,mean_jaccard > higher_locking_score > smaller_feature_count > stable_mask_hash,regret_constrained_medoid,absolute,0.01,0.01,1,macro_ovr_auroc,"{""cv_random_state"": 42, ""run_model_seed_rule"": ""42 + run_id_one_based"", ""run_seed"": 43}",0.2.0,3d358dd33abc93192d5cd75320a3772b0c29729cfb8202df576c2876d1200ec9
mayo,boruta_rf,reference,1,24,"[""PROT_FRONTAL__ACTN2|P35609"", ""PROT_FRONTAL__AKAP12|Q02952"", ""PROT_FRONTAL__ANK1|P16157"", ""PROT_FRONTAL__ARHGEF2|Q92974"", ""PROT_FRONTAL__EPB41L3|Q9Y2J2"", ""PROT_FRONTAL__FAHD1|Q6P587"", ""PROT_FRONTAL__GPNMB|Q14956"", ""PROT_FRONTAL__HPCA|P84074"", ""PROT_FRONTAL__HSPB1|P04792"", ""PROT_FRONTAL__HTRA1|Q92743"", ""PROT_FRONTAL__MDK|P21741"", ""PROT_FRONTAL__NPTX2|P47972"", ""PROT_FRONTAL__PGM1|P36871"", ""PROT_FRONTAL__PHGDH|O43175"", ""PROT_FRONTAL__PLCB1|Q9NQ66"", ""PROT_FRONTAL__PPT1|P50897"", ""PROT_FRONTAL__RPL34|P49207"", ""PROT_FRONTAL__RPL7A|P62424"", ""METAB__41"", ""METAB__1025"", ""METAB__1053"", ""METAB__100015850"", ""METAB__100015962"", ""METAB__100019968""]",11010001000000000010100011110000011000110100001000001010000000000001000011000000001110,9bb54b87bd363d9eb8b92bd9c5998bc25ee586118ca608302cc1ac6ff60d0732,86418699b3c59b0d1cb3329102078d3ff1f2d99f7cb33fb746ee506b9e7b3c3e,1,0.873713173274254,"[0.9062896825396826, 0.8752678571428572, 0.918091142107122, 0.8127197725179224, 0.8561974120636862]",0.04201204274428629,0.01878835668997019,0.004953225787855731,0.005637208607433736,True,absolute_regret_within_tolerance,False,"{""2"": 0.37142857142857144, ""3"": 0.11363636363636363, ""4"": 0.23076923076923078, ""5"": 0.2}",0.22895854145854147,False,False,mean_jaccard > higher_locking_score > smaller_feature_count > stable_mask_hash,regret_constrained_medoid,absolute,0.01,0.01,1,macro_ovr_auroc,"{""cv_random_state"": 42, ""run_model_seed_rule"": ""42 + run_id_one_based"", ""run_seed"": 42}",0.2.0,3d358dd33abc93192d5cd75320a3772b0c29729cfb8202df576c2876d1200ec9
mayo,boruta_rf,reference,5,24,"[""PROT_FRONTAL__ANK1|P16157"", ""PROT_FRONTAL__APOE4|APOE4"", ""PROT_FRONTAL__CDH10|Q9Y6N8"", ""PROT_FRONTAL__ICAM1|P05362"", ""PROT_FRONTAL__IDH2|P48735"", ""PROT_FRONTAL__MACROD1|Q9BQ69"", ""PROT_FRONTAL__MAPT|P10636"", ""PROT_FRONTAL__MDK|P21741"", ""PROT_FRONTAL__OLFM1|Q99784"", ""PROT_FRONTAL__PHGDH|O43175"", ""PROT_FRONTAL__PPP6R2|O75170"", ""PROT_FRONTAL__QPRT|Q15274"", ""PROT_FRONTAL__RPL13|P26373"", ""PROT_FRONTAL__RPL27A|P46776"", ""PROT_FRONTAL__RPL7A|P62424"", ""PROT_FRONTAL__SAMD14|Q8IZD0"", ""PROT_FRONTAL__SMOC1|Q9H4F8"", ""PROT_FRONTAL__UGP2|Q16851"", ""METAB__41"", ""METAB__533"", ""METAB__1025"", ""METAB__1053"", ""METAB__100000841"", ""METAB__100015850""]",00010100010000000000000000001101110010010000010100110010010100001001001011000100001000,c9bbd97a6ff759d49bff570cc87f0f63c4c1b711ce858309da373a5d981f7d4f,86418699b3c59b0d1cb3329102078d3ff1f2d99f7cb33fb746ee506b9e7b3c3e,1,0.8766628884968876,"[0.8882043650793651, 0.8626388888888888, 0.9001869408976222, 0.8650668222535337, 0.8672174253650283]",0.01663539009278935,0.007439572615940703,0.0020035105652221885,0.0022801720509180046,True,absolute_regret_within_tolerance,False,"{""1"": 0.2, ""2"": 0.23076923076923078, ""3"": 0.3611111111111111, ""4"": 0.17073170731707318}",0.24065301229935376,True,True,mean_jaccard > higher_locking_score > smaller_feature_count > stable_mask_hash,regret_constrained_medoid,absolute,0.01,0.01,1,macro_ovr_auroc,"{""cv_random_state"": 42, ""run_model_seed_rule"": ""42 + run_id_one_based"", ""run_seed"": 46}",0.2.0,3d358dd33abc93192d5cd75320a3772b0c29729cfb8202df576c2876d1200ec9
mayo,boruta_rf,reference,3,25,"[""PROT_FRONTAL__CDH10|Q9Y6N8"", ""PROT_FRONTAL__DNM1L|O00429"", ""PROT_FRONTAL__DNM3|Q9UQ16"", ""PROT_FRONTAL__GOT2|P00505"", ""PROT_FRONTAL__HPCA|P84074"", ""PROT_FRONTAL__ICAM1|P05362"", ""PROT_FRONTAL__IDH2|P48735"", ""PROT_FRONTAL__MACROD1|Q9BQ69"", ""PROT_FRONTAL__MAPT|P10636"", ""PROT_FRONTAL__MDK|P21741"", ""PROT_FRONTAL__OLFM1|Q99784"", ""PROT_FRONTAL__PGM1|P36871"", ""PROT_FRONTAL__PHYHD1|Q5SRE7"", ""PROT_FRONTAL__QPRT|Q15274"", ""PROT_FRONTAL__RPL34|P49207"", ""PROT_FRONTAL__S100A6|P06703"", ""PROT_FRONTAL__SAMD14|Q8IZD0"", ""PROT_FRONTAL__SLC25A23|Q9BV35"", ""PROT_FRONTAL__SMOC1|Q9H4F8"", ""PROT_FRONTAL__TMEM106B|Q9NUM4"", ""PROT_FRONTAL__UGP2|Q16851"", ""METAB__362"", ""METAB__533"", ""METAB__1053"", ""METAB__100021194""]",00000000010000011000000101001101110010101000000100001000111100011000101001000000000001,fe6a131eae125e664c2599f142b6670178e04e02c31ac9f6128d1c74cc72ba3c,86418699b3c59b0d1cb3329102078d3ff1f2d99f7cb33fb746ee506b9e7b3c3e,1,0.8741414503984941,"[0.8780853174603175, 0.8730357142857144, 0.8949539307529215, 0.8870431941668274, 0.8375890953266899]",0.022093357213282715,0.009880449716017094,0.0045249486636156355,0.005149791398015874,True,absolute_regret_within_tolerance,False,"{""1"": 0.11363636363636363, ""2"": 0.06521739130434782, ""4"": 0.16666666666666666, ""5"": 0.3611111111111111}",0.1766578831796223,False,False,mean_jaccard > higher_locking_score > smaller_feature_count > stable_mask_hash,regret_constrained_medoid,absolute,0.01,0.01,1,macro_ovr_auroc,"{""cv_random_state"": 42, ""run_model_seed_rule"": ""42 + run_id_one_based"", ""run_seed"": 44}",0.2.0,3d358dd33abc93192d5cd75320a3772b0c29729cfb8202df576c2876d1200ec9
mayo,svm_l1,low,2,26,"[""PROT_FRONTAL__MDK|P21741"", ""PROT_FRONTAL__TMEM106B|Q9NUM4"", ""METAB__100002204"", ""PROT_FRONTAL__AKAP12|Q02952"", ""METAB__818"", ""METAB__100004290"", ""PROT_FRONTAL__ACTN2|P35609"", ""PROT_FRONTAL__ACOT7|O00154"", ""PROT_FRONTAL__PPIL3|Q9H2H8"", ""PROT_FRONTAL__NCAM1|P13591"", ""METAB__999925180"", ""PROT_FRONTAL__PGM1|P36871"", ""PROT_FRONTAL__OAS2|P29728"", ""PROT_FRONTAL__GFRA2|O00451"", ""PROT_FRONTAL__PPP2R5B|Q15173"", ""PROT_FRONTAL__IMPDH1|P20839"", ""PROT_FRONTAL__PLXNA3|P51805"", ""PROT_FRONTAL__MACROD1|Q9BQ69"", ""PROT_FRONTAL__FUT9|Q9Y231"", ""PROT_FRONTAL__MAPT|P10636"", ""METAB__100004612"", ""METAB__409"", ""METAB__100021194"", ""PROT_FRONTAL__YJEFN3|A6XGL0"", ""METAB__1213"", ""METAB__999923240""]",100100000100001000001010010000000011100010000001001000101100001010010001000000000100010000000100000000001000101000000000,2389c8b130a91c35e3d42625fd8d7590c2eb5bbf1b55c2691df4a12a47bfd94e,2d206be0982294d53a592a1d57c44754aa20cbe4dad7dbc954ea004810124bc8,1,0.8644322068455794,"[0.8725198412698413, 0.8235515873015874, 0.8702907544749429, 0.9007646329933966, 0.8550342181881291]",0.028192751044367782,0.01260818156158691,0.01586888772380779,0.018026659084833127,False,absolute_regret_exceeds_tolerance,False,{},,False,False,mean_jaccard > higher_locking_score > smaller_feature_count > stable_mask_hash,regret_constrained_medoid,absolute,0.01,0.01,1,macro_ovr_auroc,"{""cv_random_state"": 42, ""run_model_seed_rule"": ""42 + run_id_one_based"", ""run_seed"": 43}",0.2.0,3d358dd33abc93192d5cd75320a3772b0c29729cfb8202df576c2876d1200ec9
mayo,svm_l1,low,4,24,"[""PROT_FRONTAL__MDK|P21741"", ""PROT_FRONTAL__NTN1|O95631"", ""METAB__362"", ""PROT_FRONTAL__DDHD1|Q8NEL9"", ""METAB__818"", ""METAB__533"", ""METAB__869"", ""PROT_FRONTAL__FGA|P02671"", ""PROT_FRONTAL__PHYHD1|Q5SRE7"", ""METAB__100015666"", ""PROT_FRONTAL__IMPDH1|P20839"", ""METAB__100001022"", ""METAB__1083"", ""PROT_FRONTAL__MAPT|P10636"", ""METAB__2051"", ""PROT_FRONTAL__PHLDA3|Q9Y5J5"", ""PROT_FRONTAL__CAMK1G|Q96NX5"", ""METAB__100004612"", ""PROT_FRONTAL__ACAT2|Q9BWD1"", ""PROT_FRONTAL__SERPINE2|P07093"", ""PROT_FRONTAL__P2RY12|Q9H244"", ""METAB__100004295"", ""METAB__1213"", ""PROT_FRONTAL__PPP6R2|O75170""]",100000010010000001001001100010100000000000001000000000000101000000000011101000010100000000000001001101000000110000000000,72c2ffe76cc644ad3b3d18cab3d870d31903f44ccb2f27edbca07a1675f384cd,2d206be0982294d53a592a1d57c44754aa20cbe4dad7dbc954ea004810124bc8,1,0.8666957220893302,"[0.8649404761904762, 0.8315674603174603, 0.8964751746711377, 0.8808771543380459, 0.8596183449295308]",0.024367466771484183,0.010897462428101194,0.013605372480056999,0.015455362448131766,False,absolute_regret_exceeds_tolerance,False,{},,False,False,mean_jaccard > higher_locking_score > smaller_feature_count > stable_mask_hash,regret_constrained_medoid,absolute,0.01,0.01,1,macro_ovr_auroc,"{""cv_random_state"": 42, ""run_model_seed_rule"": ""42 + run_id_one_based"", ""run_seed"": 45}",0.2.0,3d358dd33abc93192d5cd75320a3772b0c29729cfb8202df576c2876d1200ec9
mayo,svm_l1,low,5,28,"[""PROT_FRONTAL__MDK|P21741"", ""METAB__100000282"", ""PROT_FRONTAL__RPL13|P26373"", ""PROT_FRONTAL__NTN1|O95631"", ""METAB__100001314"", ""PROT_FRONTAL__AKAP12|Q02952"", ""PROT_FRONTAL__DDHD1|Q8NEL9"", ""METAB__100004290"", ""PROT_FRONTAL__DEFA3|P59666"", ""PROT_FRONTAL__ACOT7|O00154"", ""PROT_FRONTAL__PGM1|P36871"", ""METAB__100001051"", ""PROT_FRONTAL__OAS2|P29728"", ""PROT_FRONTAL__PTGR1|Q14914"", ""PROT_FRONTAL__MACROD1|Q9BQ69"", ""METAB__100001296"", ""METAB__100001315"", ""PROT_FRONTAL__PHLDA3|Q9Y5J5"", ""METAB__100021938"", ""PROT_FRONTAL__CAMK1G|Q96NX5"", ""METAB__301"", ""METAB__100021194"", ""METAB__100015838"", ""METAB__1024"", ""PROT_FRONTAL__WDR11|Q9BZH6"", ""METAB__100001393"", ""PROT_FRONTAL__ARFGAP2|Q8N6H7"", ""METAB__100001466""]",110000110000101001000010000000001010000000000001101000000000000111100000001000110000000000001110000000010100000001000101,a106f8305145deea538ff5aa4bd9123d392f2fd778a2c06f716522ed0136f744,2d206be0982294d53a592a1d57c44754aa20cbe4dad7dbc954ea004810124bc8,1,0.8704499553688997,"[0.8605654761904762, 0.833095238095238, 0.9073596775152704, 0.8905887300252312, 0.8606406550182832]",0.028970666363467016,0.012956075868435776,0.009851139200487524,0.011190647451490857,True,absolute_regret_within_tolerance,False,"{""1"": 0.12244897959183673, ""3"": 0.16666666666666666}",0.1445578231292517,False,False,mean_jaccard > higher_locking_score > smaller_feature_count > stable_mask_hash,regret_constrained_medoid,absolute,0.01,0.01,1,macro_ovr_auroc,"{""cv_random_state"": 42, ""run_model_seed_rule"": ""42 + run_id_one_based"", ""run_seed"": 46}",0.2.0,3d358dd33abc93192d5cd75320a3772b0c29729cfb8202df576c2876d1200ec9
mayo,svm_l1,low,1,27,"[""PROT_FRONTAL__MDK|P21741"", ""METAB__100003064"", ""METAB__100022041"", ""METAB__100002102"", ""METAB__100004290"", ""PROT_FRONTAL__FGA|P02671"", ""PROT_FRONTAL__PHYHD1|Q5SRE7"", ""PROT_FRONTAL__DEFA3|P59666"", ""PROT_FRONTAL__PPIL3|Q9H2H8"", ""PROT_FRONTAL__PPEF1|O14829"", ""METAB__999925180"", ""METAB__100001051"", ""PROT_FRONTAL__FAHD1|Q6P587"", ""PROT_FRONTAL__RPL18A|Q02543"", ""PROT_FRONTAL__APOD|P05090"", ""PROT_FRONTAL__PHLDA3|Q9Y5J5"", ""PROT_FRONTAL__NIPSNAP3A|Q9UFN0"", ""METAB__100005373"", ""METAB__409"", ""METAB__100000008"", ""METAB__100002910"", ""PROT_FRONTAL__GRM2|Q14416"", ""PROT_FRONTAL__YJEFN3|A6XGL0"", ""PROT_FRONTAL__AFG1L|Q8WV93"", ""METAB__999923240"", ""METAB__100001393"", ""METAB__100000269""]",100010001000000000010010000010101001000110000000110000000010000000000100001000001001011000010000000000101010001001100000,c9adc0fe1244bf19401fc4b9862050292752557a8e07a5d8f66faef536de6f68,2d206be0982294d53a592a1d57c44754aa20cbe4dad7dbc954ea004810124bc8,1,0.8778040227457806,"[0.861765873015873, 0.8373412698412698, 0.9344209789836366, 0.8771436217273055, 0.8783483701608178]",0.03570948332244251,0.015969766430075298,0.002497071823606589,0.0028366110629773444,True,absolute_regret_within_tolerance,False,"{""3"": 0.1702127659574468, ""5"": 0.12244897959183673}",0.14633087277464177,False,False,mean_jaccard > higher_locking_score > smaller_feature_count > stable_mask_hash,regret_constrained_medoid,absolute,0.01,0.01,1,macro_ovr_auroc,"{""cv_random_state"": 42, ""run_model_seed_rule"": ""42 + run_id_one_based"", ""run_seed"": 42}",0.2.0,3d358dd33abc93192d5cd75320a3772b0c29729cfb8202df576c2876d1200ec9
mayo,svm_l1,low,3,28,"[""PROT_FRONTAL__MDK|P21741"", ""PROT_FRONTAL__TMEM106B|Q9NUM4"", ""PROT_FRONTAL__RPL13|P26373"", ""METAB__100022041"", ""METAB__498"", ""PROT_FRONTAL__ALDH1L1|O75891"", ""PROT_FRONTAL__FLNA|P21333"", ""PROT_FRONTAL__PGM1|P36871"", ""METAB__100001051"", ""PROT_FRONTAL__OAS2|P29728"", ""PROT_FRONTAL__NPTXR|O95502"", ""METAB__1053"", ""PROT_FRONTAL__GFRA2|O00451"", ""METAB__100001315"", ""PROT_FRONTAL__FUT9|Q9Y231"", ""PROT_FRONTAL__IGKV1D-33|P01593"", ""METAB__100021938"", ""PROT_FRONTAL__MTHFD1|P11586"", ""METAB__409"", ""PROT_FRONTAL__ACAT2|Q9BWD1"", ""PROT_FRONTAL__P2RY12|Q9H244"", ""PROT_FRONTAL__GRM2|Q14416"", ""PROT_FRONTAL__YJEFN3|A6XGL0"", ""METAB__999923240"", ""PROT_FRONTAL__CDH4|P55283"", ""PROT_FRONTAL__COL1A2|P08123"", ""METAB__100000269"", ""METAB__100001466""]",100100101000000010000000000001000000000000000011101011100000000000110000000100100010010000000001000100101000001110100001,fd4893ae6ed69ce5ab400acc93662a816b2ad5a941a97395587299f839839417,2d206be0982294d53a592a1d57c44754aa20cbe4dad7dbc954ea004810124bc8,1,0.8803010945693872,"[0.8790575396825396, 0.8414980158730159, 0.9200427257071496, 0.8847906009512402, 0.876116590632991]",0.027947666858388065,0.01249857658157474,0.0,0.0,True,absolute_regret_within_tolerance,False,"{""1"": 0.1702127659574468, ""5"": 0.16666666666666666}",0.16843971631205673,True,True,mean_jaccard > higher_locking_score > smaller_feature_count > stable_mask_hash,regret_constrained_medoid,absolute,0.01,0.01,1,macro_ovr_auroc,"{""cv_random_state"": 42, ""run_model_seed_rule"": ""42 + run_id_one_based"", ""run_seed"": 44}",0.2.0,3d358dd33abc93192d5cd75320a3772b0c29729cfb8202df576c2876d1200ec9
mayo,svm_l1,reference,2,26,"[""PROT_FRONTAL__MDK|P21741"", ""PROT_FRONTAL__TMEM106B|Q9NUM4"", ""METAB__100002204"", ""PROT_FRONTAL__AKAP12|Q02952"", ""METAB__818"", ""METAB__100004290"", ""PROT_FRONTAL__ACTN2|P35609"", ""PROT_FRONTAL__ACOT7|O00154"", ""PROT_FRONTAL__PPIL3|Q9H2H8"", ""PROT_FRONTAL__NCAM1|P13591"", ""METAB__999925180"", ""PROT_FRONTAL__PGM1|P36871"", ""PROT_FRONTAL__OAS2|P29728"", ""PROT_FRONTAL__GFRA2|O00451"", ""PROT_FRONTAL__PPP2R5B|Q15173"", ""PROT_FRONTAL__IMPDH1|P20839"", ""PROT_FRONTAL__PLXNA3|P51805"", ""PROT_FRONTAL__MACROD1|Q9BQ69"", ""PROT_FRONTAL__FUT9|Q9Y231"", ""PROT_FRONTAL__MAPT|P10636"", ""METAB__100004612"", ""METAB__409"", ""METAB__100021194"", ""PROT_FRONTAL__YJEFN3|A6XGL0"", ""METAB__1213"", ""METAB__999923240""]",100100000100001000001010010000000011100010000001001000101100001010010001000000000100010000000100000000001000101000000000,2389c8b130a91c35e3d42625fd8d7590c2eb5bbf1b55c2691df4a12a47bfd94e,2d206be0982294d53a592a1d57c44754aa20cbe4dad7dbc954ea004810124bc8,1,0.8644322068455794,"[0.8725198412698413, 0.8235515873015874, 0.8702907544749429, 0.9007646329933966, 0.8550342181881291]",0.028192751044367782,0.01260818156158691,0.01586888772380779,0.018026659084833127,False,absolute_regret_exceeds_tolerance,False,{},,False,False,mean_jaccard > higher_locking_score > smaller_feature_count > stable_mask_hash,regret_constrained_medoid,absolute,0.01,0.01,1,macro_ovr_auroc,"{""cv_random_state"": 42, ""run_model_seed_rule"": ""42 + run_id_one_based"", ""run_seed"": 43}",0.2.0,3d358dd33abc93192d5cd75320a3772b0c29729cfb8202df576c2876d1200ec9
mayo,svm_l1,reference,4,24,"[""PROT_FRONTAL__MDK|P21741"", ""PROT_FRONTAL__NTN1|O95631"", ""METAB__362"", ""PROT_FRONTAL__DDHD1|Q8NEL9"", ""METAB__818"", ""METAB__533"", ""METAB__869"", ""PROT_FRONTAL__FGA|P02671"", ""PROT_FRONTAL__PHYHD1|Q5SRE7"", ""METAB__100015666"", ""PROT_FRONTAL__IMPDH1|P20839"", ""METAB__100001022"", ""METAB__1083"", ""PROT_FRONTAL__MAPT|P10636"", ""METAB__2051"", ""PROT_FRONTAL__PHLDA3|Q9Y5J5"", ""PROT_FRONTAL__CAMK1G|Q96NX5"", ""METAB__100004612"", ""PROT_FRONTAL__ACAT2|Q9BWD1"", ""PROT_FRONTAL__SERPINE2|P07093"", ""PROT_FRONTAL__P2RY12|Q9H244"", ""METAB__100004295"", ""METAB__1213"", ""PROT_FRONTAL__PPP6R2|O75170""]",100000010010000001001001100010100000000000001000000000000101000000000011101000010100000000000001001101000000110000000000,72c2ffe76cc644ad3b3d18cab3d870d31903f44ccb2f27edbca07a1675f384cd,2d206be0982294d53a592a1d57c44754aa20cbe4dad7dbc954ea004810124bc8,1,0.8666957220893302,"[0.8649404761904762, 0.8315674603174603, 0.8964751746711377, 0.8808771543380459, 0.8596183449295308]",0.024367466771484183,0.010897462428101194,0.013605372480056999,0.015455362448131766,False,absolute_regret_exceeds_tolerance,False,{},,False,False,mean_jaccard > higher_locking_score > smaller_feature_count > stable_mask_hash,regret_constrained_medoid,absolute,0.01,0.01,1,macro_ovr_auroc,"{""cv_random_state"": 42, ""run_model_seed_rule"": ""42 + run_id_one_based"", ""run_seed"": 45}",0.2.0,3d358dd33abc93192d5cd75320a3772b0c29729cfb8202df576c2876d1200ec9
mayo,svm_l1,reference,5,28,"[""PROT_FRONTAL__MDK|P21741"", ""METAB__100000282"", ""PROT_FRONTAL__RPL13|P26373"", ""PROT_FRONTAL__NTN1|O95631"", ""METAB__100001314"", ""PROT_FRONTAL__AKAP12|Q02952"", ""PROT_FRONTAL__DDHD1|Q8NEL9"", ""METAB__100004290"", ""PROT_FRONTAL__DEFA3|P59666"", ""PROT_FRONTAL__ACOT7|O00154"", ""PROT_FRONTAL__PGM1|P36871"", ""METAB__100001051"", ""PROT_FRONTAL__OAS2|P29728"", ""PROT_FRONTAL__PTGR1|Q14914"", ""PROT_FRONTAL__MACROD1|Q9BQ69"", ""METAB__100001296"", ""METAB__100001315"", ""PROT_FRONTAL__PHLDA3|Q9Y5J5"", ""METAB__100021938"", ""PROT_FRONTAL__CAMK1G|Q96NX5"", ""METAB__301"", ""METAB__100021194"", ""METAB__100015838"", ""METAB__1024"", ""PROT_FRONTAL__WDR11|Q9BZH6"", ""METAB__100001393"", ""PROT_FRONTAL__ARFGAP2|Q8N6H7"", ""METAB__100001466""]",110000110000101001000010000000001010000000000001101000000000000111100000001000110000000000001110000000010100000001000101,a106f8305145deea538ff5aa4bd9123d392f2fd778a2c06f716522ed0136f744,2d206be0982294d53a592a1d57c44754aa20cbe4dad7dbc954ea004810124bc8,1,0.8704499553688997,"[0.8605654761904762, 0.833095238095238, 0.9073596775152704, 0.8905887300252312, 0.8606406550182832]",0.028970666363467016,0.012956075868435776,0.009851139200487524,0.011190647451490857,True,absolute_regret_within_tolerance,False,"{""1"": 0.12244897959183673, ""3"": 0.16666666666666666}",0.1445578231292517,False,False,mean_jaccard > higher_locking_score > smaller_feature_count > stable_mask_hash,regret_constrained_medoid,absolute,0.01,0.01,1,macro_ovr_auroc,"{""cv_random_state"": 42, ""run_model_seed_rule"": ""42 + run_id_one_based"", ""run_seed"": 46}",0.2.0,3d358dd33abc93192d5cd75320a3772b0c29729cfb8202df576c2876d1200ec9
mayo,svm_l1,reference,1,27,"[""PROT_FRONTAL__MDK|P21741"", ""METAB__100003064"", ""METAB__100022041"", ""METAB__100002102"", ""METAB__100004290"", ""PROT_FRONTAL__FGA|P02671"", ""PROT_FRONTAL__PHYHD1|Q5SRE7"", ""PROT_FRONTAL__DEFA3|P59666"", ""PROT_FRONTAL__PPIL3|Q9H2H8"", ""PROT_FRONTAL__PPEF1|O14829"", ""METAB__999925180"", ""METAB__100001051"", ""PROT_FRONTAL__FAHD1|Q6P587"", ""PROT_FRONTAL__RPL18A|Q02543"", ""PROT_FRONTAL__APOD|P05090"", ""PROT_FRONTAL__PHLDA3|Q9Y5J5"", ""PROT_FRONTAL__NIPSNAP3A|Q9UFN0"", ""METAB__100005373"", ""METAB__409"", ""METAB__100000008"", ""METAB__100002910"", ""PROT_FRONTAL__GRM2|Q14416"", ""PROT_FRONTAL__YJEFN3|A6XGL0"", ""PROT_FRONTAL__AFG1L|Q8WV93"", ""METAB__999923240"", ""METAB__100001393"", ""METAB__100000269""]",100010001000000000010010000010101001000110000000110000000010000000000100001000001001011000010000000000101010001001100000,c9adc0fe1244bf19401fc4b9862050292752557a8e07a5d8f66faef536de6f68,2d206be0982294d53a592a1d57c44754aa20cbe4dad7dbc954ea004810124bc8,1,0.8778040227457806,"[0.861765873015873, 0.8373412698412698, 0.9344209789836366, 0.8771436217273055, 0.8783483701608178]",0.03570948332244251,0.015969766430075298,0.002497071823606589,0.0028366110629773444,True,absolute_regret_within_tolerance,False,"{""3"": 0.1702127659574468, ""5"": 0.12244897959183673}",0.14633087277464177,False,False,mean_jaccard > higher_locking_score > smaller_feature_count > stable_mask_hash,regret_constrained_medoid,absolute,0.01,0.01,1,macro_ovr_auroc,"{""cv_random_state"": 42, ""run_model_seed_rule"": ""42 + run_id_one_based"", ""run_seed"": 42}",0.2.0,3d358dd33abc93192d5cd75320a3772b0c29729cfb8202df576c2876d1200ec9
mayo,svm_l1,reference,3,28,"[""PROT_FRONTAL__MDK|P21741"", ""PROT_FRONTAL__TMEM106B|Q9NUM4"", ""PROT_FRONTAL__RPL13|P26373"", ""METAB__100022041"", ""METAB__498"", ""PROT_FRONTAL__ALDH1L1|O75891"", ""PROT_FRONTAL__FLNA|P21333"", ""PROT_FRONTAL__PGM1|P36871"", ""METAB__100001051"", ""PROT_FRONTAL__OAS2|P29728"", ""PROT_FRONTAL__NPTXR|O95502"", ""METAB__1053"", ""PROT_FRONTAL__GFRA2|O00451"", ""METAB__100001315"", ""PROT_FRONTAL__FUT9|Q9Y231"", ""PROT_FRONTAL__IGKV1D-33|P01593"", ""METAB__100021938"", ""PROT_FRONTAL__MTHFD1|P11586"", ""METAB__409"", ""PROT_FRONTAL__ACAT2|Q9BWD1"", ""PROT_FRONTAL__P2RY12|Q9H244"", ""PROT_FRONTAL__GRM2|Q14416"", ""PROT_FRONTAL__YJEFN3|A6XGL0"", ""METAB__999923240"", ""PROT_FRONTAL__CDH4|P55283"", ""PROT_FRONTAL__COL1A2|P08123"", ""METAB__100000269"", ""METAB__100001466""]",100100101000000010000000000001000000000000000011101011100000000000110000000100100010010000000001000100101000001110100001,fd4893ae6ed69ce5ab400acc93662a816b2ad5a941a97395587299f839839417,2d206be0982294d53a592a1d57c44754aa20cbe4dad7dbc954ea004810124bc8,1,0.8803010945693872,"[0.8790575396825396, 0.8414980158730159, 0.9200427257071496, 0.8847906009512402, 0.876116590632991]",0.027947666858388065,0.01249857658157474,0.0,0.0,True,absolute_regret_within_tolerance,False,"{""1"": 0.1702127659574468, ""5"": 0.16666666666666666}",0.16843971631205673,True,True,mean_jaccard > higher_locking_score > smaller_feature_count > stable_mask_hash,regret_constrained_medoid,absolute,0.01,0.01,1,macro_ovr_auroc,"{""cv_random_state"": 42, ""run_model_seed_rule"": ""42 + run_id_one_based"", ""run_seed"": 44}",0.2.0,3d358dd33abc93192d5cd75320a3772b0c29729cfb8202df576c2876d1200ec9
mayo,xgboost,low,5,24,"[""PROT_FRONTAL__CREG1|O75629"", ""PROT_FRONTAL__DNM3|Q9UQ16"", ""PROT_FRONTAL__MDK|P21741"", ""PROT_FRONTAL__RWDD1|Q9H446"", ""METAB__362"", ""PROT_FRONTAL__CUL2|Q13617"", ""METAB__358"", ""PROT_FRONTAL__CCDC90B|Q9GZT6"", ""PROT_FRONTAL__ALDH4A1|P30038"", ""PROT_FRONTAL__TTYH1|Q9H313"", ""PROT_FRONTAL__TARS2|Q9BW92"", ""METAB__892"", ""PROT_FRONTAL__GFAP|P14136"", ""PROT_FRONTAL__PLXNA4|Q9HCM2"", ""METAB__460"", ""PROT_FRONTAL__EML6|Q6ZMW3"", ""METAB__100003415"", ""METAB__999924807"", ""METAB__100010869"", ""PROT_FRONTAL__A1BG|P04217"", ""METAB__999925983"", ""PROT_FRONTAL__GPNMB|Q14956"", ""PROT_FRONTAL__TMEM240|Q5SV17"", ""METAB__100010937""]",0000010010000000010000010010000100000111000000000100001011000101000010000101000010000001100001000011,1f52e1444adff0a339075b05acd65e9e2477d0b9fc4e0485052291702c9fe465,f1c94ee73d1bb7bb8f9686246e885910e79d6e3fd49d5050adc4db76f7df29fd,1,0.8429153115014133,"[0.8742658730158729, 0.8342162698412698, 0.8812956277905816, 0.8156849341668518, 0.8091138526924903]",0.03322503490941485,0.014858687322451034,0.007850635393949146,0.009227726406537417,True,absolute_regret_within_tolerance,False,"{""3"": 0.1794871794871795}",0.1794871794871795,False,False,mean_jaccard > higher_locking_score > smaller_feature_count > stable_mask_hash,regret_constrained_medoid,absolute,0.01,0.01,1,macro_ovr_auroc,"{""cv_random_state"": 42, ""run_model_seed_rule"": ""42 + run_id_one_based"", ""run_seed"": 46}",0.2.0,3d358dd33abc93192d5cd75320a3772b0c29729cfb8202df576c2876d1200ec9
mayo,xgboost,low,1,19,"[""PROT_FRONTAL__CEND1|Q8N111"", ""PROT_FRONTAL__MRPL37|Q9BZE1"", ""PROT_FRONTAL__PPP2R2C|Q9Y2T4"", ""PROT_FRONTAL__TMEM11|P17152"", ""PROT_FRONTAL__MDK|P21741"", ""METAB__362"", ""PROT_FRONTAL__EMILIN2|Q9BXX0"", ""METAB__100001278"", ""PROT_FRONTAL__CCDC90B|Q9GZT6"", ""METAB__100005864"", ""PROT_FRONTAL__ARHGAP17|Q68EM7"", ""PROT_FRONTAL__AK4|P27144"", ""METAB__100002784"", ""PROT_FRONTAL__NPTX2|P47972"", ""PROT_FRONTAL__SMOC1|Q9H4F8"", ""PROT_FRONTAL__CHDH|Q8NE62"", ""PROT_FRONTAL__RALYL|Q86SE5"", ""PROT_FRONTAL__H1F0|P07305"", ""PROT_FRONTAL__CLIC2|O15247""]",0010000001000010110000000010011000000010000001010000010100000000000000010000001000001010000010100000,8465a35a34154c7c7f8b625829989cd43e2cfaa4f61b473f9af77244537b8cc9,f1c94ee73d1bb7bb8f9686246e885910e79d6e3fd49d5050adc4db76f7df29fd,1,0.8346822270221136,"[0.8459623015873016, 0.8460714285714287, 0.865398542677769, 0.8159425081039883, 0.80003635417008]",0.026229561626124262,0.011730216563206754,0.01608371987324886,0.018904987831191402,False,absolute_regret_exceeds_tolerance,False,{},,False,False,mean_jaccard > higher_locking_score > smaller_feature_count > stable_mask_hash,regret_constrained_medoid,absolute,0.01,0.01,1,macro_ovr_auroc,"{""cv_random_state"": 42, ""run_model_seed_rule"": ""42 + run_id_one_based"", ""run_seed"": 42}",0.2.0,3d358dd33abc93192d5cd75320a3772b0c29729cfb8202df576c2876d1200ec9
mayo,xgboost,low,2,19,"[""PROT_FRONTAL__CREG1|O75629"", ""PROT_FRONTAL__DNM3|Q9UQ16"", ""PROT_FRONTAL__GK|P32189"", ""PROT_FRONTAL__HPX|P02790"", ""PROT_FRONTAL__PPP2R2C|Q9Y2T4"", ""PROT_FRONTAL__MDK|P21741"", ""METAB__100008906"", ""PROT_FRONTAL__KATNA1|O75449"", ""PROT_FRONTAL__RWDD1|Q9H446"", ""PROT_FRONTAL__CCDC90B|Q9GZT6"", ""PROT_FRONTAL__NUMBL|Q9Y6R0"", ""PROT_FRONTAL__SLC25A27|O95847"", ""PROT_FRONTAL__AK4|P27144"", ""PROT_FRONTAL__HDHD2|Q9H0R4"", ""PROT_FRONTAL__EFHD1|Q9BUP0"", ""PROT_FRONTAL__LRRC1|Q9BTT6"", ""PROT_FRONTAL__GPNMB|Q14956"", ""PROT_FRONTAL__TMUB1|Q9BVT8"", ""PROT_FRONTAL__HPCA|P84074""]",0000010010010110011001010000000000000010101000000000010000010000000000000000010000000100000001001100,85967636c2fdc6f438368534c7ec35e99d4138ea5267ec015d09b08188f5ba84,f1c94ee73d1bb7bb8f9686246e885910e79d6e3fd49d5050adc4db76f7df29fd,1,0.8050140152577075,"[0.8287003968253969, 0.7546130952380953, 0.8610079346874974, 0.8289731388133408, 0.7517755107242071]",0.04910446616709361,0.021960184869691972,0.0457519316376549,0.053777342410817046,False,absolute_regret_exceeds_tolerance,False,{},,False,False,mean_jaccard > higher_locking_score > smaller_feature_count > stable_mask_hash,regret_constrained_medoid,absolute,0.01,0.01,1,macro_ovr_auroc,"{""cv_random_state"": 42, ""run_model_seed_rule"": ""42 + run_id_one_based"", ""run_seed"": 43}",0.2.0,3d358dd33abc93192d5cd75320a3772b0c29729cfb8202df576c2876d1200ec9
mayo,xgboost,low,3,22,"[""PROT_FRONTAL__NCKIPSD|Q9NZQ3"", ""PROT_FRONTAL__PPP2R2C|Q9Y2T4"", ""PROT_FRONTAL__MDK|P21741"", ""METAB__564"", ""METAB__362"", ""METAB__100008934"", ""PROT_FRONTAL__EMILIN2|Q9BXX0"", ""METAB__100001278"", ""METAB__358"", ""PROT_FRONTAL__CCDC90B|Q9GZT6"", ""PROT_FRONTAL__HSPB1|P04792"", ""PROT_FRONTAL__ACAT2|Q9BWD1"", ""PROT_FRONTAL__GFAP|P14136"", ""PROT_FRONTAL__ORM2|P19652"", ""PROT_FRONTAL__CFL2|Q9Y281"", ""METAB__100004251"", ""METAB__100008980"", ""METAB__999924807"", ""PROT_FRONTAL__RUVBL2|Q9Y230"", ""PROT_FRONTAL__SMOC1|Q9H4F8"", ""METAB__999925983"", ""METAB__100001873""]",1000000000000010010000000111011000000110010100000000000001001000011100000001101000000000101000000000,c99b29a0351a634b33150073e9375389ab98f7ac6e57a2de9da83eb28d40b6cd,f1c94ee73d1bb7bb8f9686246e885910e79d6e3fd49d5050adc4db76f7df29fd,1,0.8507659468953624,"[0.8796031746031746, 0.872013888888889, 0.8748346373745869, 0.8131536074429263, 0.8142244261672352]",0.033957081067233316,0.01518606831676096,0.0,0.0,True,absolute_regret_within_tolerance,False,"{""5"": 0.1794871794871795}",0.1794871794871795,True,True,mean_jaccard > higher_locking_score > smaller_feature_count > stable_mask_hash,regret_constrained_medoid,absolute,0.01,0.01,1,macro_ovr_auroc,"{""cv_random_state"": 42, ""run_model_seed_rule"": ""42 + run_id_one_based"", ""run_seed"": 44}",0.2.0,3d358dd33abc93192d5cd75320a3772b0c29729cfb8202df576c2876d1200ec9
mayo,xgboost,low,4,20,"[""PROT_FRONTAL__GAPVD1|Q14C86"", ""PROT_FRONTAL__MRPL37|Q9BZE1"", ""PROT_FRONTAL__TMEM11|P17152"", ""PROT_FRONTAL__MDK|P21741"", ""METAB__100008906"", ""PROT_FRONTAL__RWDD1|Q9H446"", ""METAB__362"", ""PROT_FRONTAL__ALDH4A1|P30038"", ""PROT_FRONTAL__NUMBL|Q9Y6R0"", ""METAB__100005864"", ""PROT_FRONTAL__ARHGAP17|Q68EM7"", ""PROT_FRONTAL__TARS2|Q9BW92"", ""PROT_FRONTAL__GFAP|P14136"", ""PROT_FRONTAL__ORM2|P19652"", ""PROT_FRONTAL__VWA1|Q6PCB0"", ""PROT_FRONTAL__ISG20|Q96AZ6"", ""METAB__100003415"", ""METAB__100001662"", ""PROT_FRONTAL__MTA2|O94776"", ""PROT_FRONTAL__H1F0|P07305""]",0000000101000000111000010010000000000001100001010000001001001010000001000100000100100000000010000000,d1e4f13e97fb81b2d3f3796cf319c32e3c7dd649d6b015f50d058a8cb3918845,f1c94ee73d1bb7bb8f9686246e885910e79d6e3fd49d5050adc4db76f7df29fd,1,0.8367398138843681,"[0.8577876984126984, 0.8433531746031746, 0.863821405209126, 0.790492337771564, 0.8282444534252776]",0.02928806398488317,0.013098020399912428,0.014026133010994313,0.016486476759182533,False,absolute_regret_exceeds_tolerance,False,{},,False,False,mean_jaccard > higher_locking_score > smaller_feature_count > stable_mask_hash,regret_constrained_medoid,absolute,0.01,0.01,1,macro_ovr_auroc,"{""cv_random_state"": 42, ""run_model_seed_rule"": ""42 + run_id_one_based"", ""run_seed"": 45}",0.2.0,3d358dd33abc93192d5cd75320a3772b0c29729cfb8202df576c2876d1200ec9
mayo,xgboost,reference,5,24,"[""PROT_FRONTAL__CREG1|O75629"", ""PROT_FRONTAL__DNM3|Q9UQ16"", ""PROT_FRONTAL__MDK|P21741"", ""PROT_FRONTAL__RWDD1|Q9H446"", ""METAB__362"", ""PROT_FRONTAL__CUL2|Q13617"", ""METAB__358"", ""PROT_FRONTAL__CCDC90B|Q9GZT6"", ""PROT_FRONTAL__ALDH4A1|P30038"", ""PROT_FRONTAL__TTYH1|Q9H313"", ""PROT_FRONTAL__TARS2|Q9BW92"", ""METAB__892"", ""PROT_FRONTAL__GFAP|P14136"", ""PROT_FRONTAL__PLXNA4|Q9HCM2"", ""METAB__460"", ""PROT_FRONTAL__EML6|Q6ZMW3"", ""METAB__100003415"", ""METAB__999924807"", ""METAB__100010869"", ""PROT_FRONTAL__A1BG|P04217"", ""METAB__999925983"", ""PROT_FRONTAL__GPNMB|Q14956"", ""PROT_FRONTAL__TMEM240|Q5SV17"", ""METAB__100010937""]",0000010010000000010000010010000100000111000000000100001011000101000010000101000010000001100001000011,1f52e1444adff0a339075b05acd65e9e2477d0b9fc4e0485052291702c9fe465,f1c94ee73d1bb7bb8f9686246e885910e79d6e3fd49d5050adc4db76f7df29fd,1,0.8429153115014133,"[0.8742658730158729, 0.8342162698412698, 0.8812956277905816, 0.8156849341668518, 0.8091138526924903]",0.03322503490941485,0.014858687322451034,0.007850635393949146,0.009227726406537417,True,absolute_regret_within_tolerance,False,"{""3"": 0.1794871794871795}",0.1794871794871795,False,False,mean_jaccard > higher_locking_score > smaller_feature_count > stable_mask_hash,regret_constrained_medoid,absolute,0.01,0.01,1,macro_ovr_auroc,"{""cv_random_state"": 42, ""run_model_seed_rule"": ""42 + run_id_one_based"", ""run_seed"": 46}",0.2.0,3d358dd33abc93192d5cd75320a3772b0c29729cfb8202df576c2876d1200ec9
mayo,xgboost,reference,1,21,"[""PROT_FRONTAL__ITIH3|Q06033"", ""PROT_FRONTAL__DNM3|Q9UQ16"", ""PROT_FRONTAL__MDK|P21741"", ""PROT_FRONTAL__CUL2|Q13617"", ""PROT_FRONTAL__KIF5A|Q12840"", ""PROT_FRONTAL__CCDC90B|Q9GZT6"", ""METAB__100005864"", ""PROT_FRONTAL__ARHGAP17|Q68EM7"", ""PROT_FRONTAL__TBC1D10A|Q9BXI6"", ""METAB__892"", ""PROT_FRONTAL__GFAP|P14136"", ""PROT_FRONTAL__PLXNA4|Q9HCM2"", ""PROT_FRONTAL__VWA1|Q6PCB0"", ""METAB__460"", ""PROT_FRONTAL__CFL2|Q9Y281"", ""PROT_FRONTAL__EFHD1|Q9BUP0"", ""PROT_FRONTAL__SMOC1|Q9H4F8"", ""PROT_FRONTAL__MTA2|O94776"", ""PROT_FRONTAL__CHDH|Q8NE62"", ""PROT_FRONTAL__H1F0|P07305"", ""PROT_FRONTAL__CLIC2|O15247""]",0000001010000000010000000000000100001010000001010001000011000111010000000000011000101000000010100000,7d03c00ca3abecb05f118488427e11584b482d136e1047f2b0a8f2816143b616,f1c94ee73d1bb7bb8f9686246e885910e79d6e3fd49d5050adc4db76f7df29fd,1,0.8320446482426087,"[0.857609126984127, 0.8522222222222222, 0.8688745134876338, 0.815209835954159, 0.7663075425649017]",0.04189837110993807,0.018737521189666966,0.018721298652753737,0.022005228019612202,False,absolute_regret_exceeds_tolerance,False,{},,False,False,mean_jaccard > higher_locking_score > smaller_feature_count > stable_mask_hash,regret_constrained_medoid,absolute,0.01,0.01,1,macro_ovr_auroc,"{""cv_random_state"": 42, ""run_model_seed_rule"": ""42 + run_id_one_based"", ""run_seed"": 42}",0.2.0,3d358dd33abc93192d5cd75320a3772b0c29729cfb8202df576c2876d1200ec9
mayo,xgboost,reference,3,22,"[""PROT_FRONTAL__NCKIPSD|Q9NZQ3"", ""PROT_FRONTAL__PPP2R2C|Q9Y2T4"", ""PROT_FRONTAL__MDK|P21741"", ""METAB__564"", ""METAB__362"", ""METAB__100008934"", ""PROT_FRONTAL__EMILIN2|Q9BXX0"", ""METAB__100001278"", ""METAB__358"", ""PROT_FRONTAL__CCDC90B|Q9GZT6"", ""PROT_FRONTAL__HSPB1|P04792"", ""PROT_FRONTAL__ACAT2|Q9BWD1"", ""PROT_FRONTAL__GFAP|P14136"", ""PROT_FRONTAL__ORM2|P19652"", ""PROT_FRONTAL__CFL2|Q9Y281"", ""METAB__100004251"", ""METAB__100008980"", ""METAB__999924807"", ""PROT_FRONTAL__RUVBL2|Q9Y230"", ""PROT_FRONTAL__SMOC1|Q9H4F8"", ""METAB__999925983"", ""METAB__100001873""]",1000000000000010010000000111011000000110010100000000000001001000011100000001101000000000101000000000,c99b29a0351a634b33150073e9375389ab98f7ac6e57a2de9da83eb28d40b6cd,f1c94ee73d1bb7bb8f9686246e885910e79d6e3fd49d5050adc4db76f7df29fd,1,0.8507659468953624,"[0.8796031746031746, 0.872013888888889, 0.8748346373745869, 0.8131536074429263, 0.8142244261672352]",0.033957081067233316,0.01518606831676096,0.0,0.0,True,absolute_regret_within_tolerance,False,"{""5"": 0.1794871794871795}",0.1794871794871795,True,True,mean_jaccard > higher_locking_score > smaller_feature_count > stable_mask_hash,regret_constrained_medoid,absolute,0.01,0.01,1,macro_ovr_auroc,"{""cv_random_state"": 42, ""run_model_seed_rule"": ""42 + run_id_one_based"", ""run_seed"": 44}",0.2.0,3d358dd33abc93192d5cd75320a3772b0c29729cfb8202df576c2876d1200ec9
mayo,xgboost,reference,4,20,"[""PROT_FRONTAL__GAPVD1|Q14C86"", ""PROT_FRONTAL__MRPL37|Q9BZE1"", ""PROT_FRONTAL__TMEM11|P17152"", ""PROT_FRONTAL__MDK|P21741"", ""METAB__100008906"", ""PROT_FRONTAL__RWDD1|Q9H446"", ""METAB__362"", ""PROT_FRONTAL__ALDH4A1|P30038"", ""PROT_FRONTAL__NUMBL|Q9Y6R0"", ""METAB__100005864"", ""PROT_FRONTAL__ARHGAP17|Q68EM7"", ""PROT_FRONTAL__TARS2|Q9BW92"", ""PROT_FRONTAL__GFAP|P14136"", ""PROT_FRONTAL__ORM2|P19652"", ""PROT_FRONTAL__VWA1|Q6PCB0"", ""PROT_FRONTAL__ISG20|Q96AZ6"", ""METAB__100003415"", ""METAB__100001662"", ""PROT_FRONTAL__MTA2|O94776"", ""PROT_FRONTAL__H1F0|P07305""]",0000000101000000111000010010000000000001100001010000001001001010000001000100000100100000000010000000,d1e4f13e97fb81b2d3f3796cf319c32e3c7dd649d6b015f50d058a8cb3918845,f1c94ee73d1bb7bb8f9686246e885910e79d6e3fd49d5050adc4db76f7df29fd,1,0.8367398138843681,"[0.8577876984126984, 0.8433531746031746, 0.863821405209126, 0.790492337771564, 0.8282444534252776]",0.02928806398488317,0.013098020399912428,0.014026133010994313,0.016486476759182533,False,absolute_regret_exceeds_tolerance,False,{},,False,False,mean_jaccard > higher_locking_score > smaller_feature_count > stable_mask_hash,regret_constrained_medoid,absolute,0.01,0.01,1,macro_ovr_auroc,"{""cv_random_state"": 42, ""run_model_seed_rule"": ""42 + run_id_one_based"", ""run_seed"": 45}",0.2.0,3d358dd33abc93192d5cd75320a3772b0c29729cfb8202df576c2876d1200ec9
mayo,xgboost,reference,2,20,"[""PROT_FRONTAL__NCKIPSD|Q9NZQ3"", ""PROT_FRONTAL__CREG1|O75629"", ""PROT_FRONTAL__DNM3|Q9UQ16"", ""PROT_FRONTAL__GK|P32189"", ""PROT_FRONTAL__HPX|P02790"", ""PROT_FRONTAL__PPP2R2C|Q9Y2T4"", ""PROT_FRONTAL__MDK|P21741"", ""METAB__100008906"", ""PROT_FRONTAL__KATNA1|O75449"", ""PROT_FRONTAL__RWDD1|Q9H446"", ""PROT_FRONTAL__CUL2|Q13617"", ""PROT_FRONTAL__CCDC90B|Q9GZT6"", ""PROT_FRONTAL__AK4|P27144"", ""PROT_FRONTAL__HDHD2|Q9H0R4"", ""PROT_FRONTAL__VWA1|Q6PCB0"", ""PROT_FRONTAL__EFHD1|Q9BUP0"", ""PROT_FRONTAL__LRRC1|Q9BTT6"", ""PROT_FRONTAL__GPNMB|Q14956"", ""PROT_FRONTAL__TMUB1|Q9BVT8"", ""PROT_FRONTAL__HPCA|P84074""]",1000010010010110011001010000000100000010000000000000010000010010000000000000010000000100000001001100,e04dfebd012123e791406e5a3c5e589012ae221daa4f45d8b4b5a86fd54552d6,f1c94ee73d1bb7bb8f9686246e885910e79d6e3fd49d5050adc4db76f7df29fd,1,0.818343834688347,"[0.8331646825396826, 0.7697817460317461, 0.8711636307809564, 0.8429452581807503, 0.7746638559085994]",0.0443875980118338,0.019850737302478976,0.03242211220701541,0.038109320577922795,False,absolute_regret_exceeds_tolerance,False,{},,False,False,mean_jaccard > higher_locking_score > smaller_feature_count > stable_mask_hash,regret_constrained_medoid,absolute,0.01,0.01,1,macro_ovr_auroc,"{""cv_random_state"": 42, ""run_model_seed_rule"": ""42 + run_id_one_based"", ""run_seed"": 43}",0.2.0,3d358dd33abc93192d5cd75320a3772b0c29729cfb8202df576c2876d1200ec9
mount_sinai,boruta_rf,low,3,24,"[""PROT_FRONTAL__ACTN1|P12814"", ""PROT_FRONTAL__ADSSL1|Q8N142"", ""PROT_FRONTAL__APOA1|P02647"", ""PROT_FRONTAL__ATP6V1D|Q9Y5K8"", ""PROT_FRONTAL__CAP2|P40123"", ""PROT_FRONTAL__CAPS|Q13938"", ""PROT_FRONTAL__COMMD1|Q8N668"", ""PROT_FRONTAL__CTSD|P07339"", ""PROT_FRONTAL__DPP6|P42658"", ""PROT_FRONTAL__GFAP|P14136"", ""PROT_FRONTAL__GLS2|Q9UI32"", ""PROT_FRONTAL__HTRA1|Q92743"", ""PROT_FRONTAL__MAPT|P10636"", ""PROT_FRONTAL__MDK|P21741"", ""PROT_FRONTAL__MYO9A|B2RTY4"", ""PROT_FRONTAL__RPH3A|Q9Y2J0"", ""PROT_FRONTAL__RTN4|Q9NQC3"", ""PROT_FRONTAL__SEPT5|Q99719"", ""PROT_FRONTAL__TKT|P29401"", ""PROT_FRONTAL__VIM|P08670"", ""PROT_FRONTAL__VWF|P04275"", ""METAB__100000282"", ""METAB__100001271"", ""METAB__999911381""]",01001001000000100010100000100001000001000000110000010000011001000000000000000000100100001000001000000011000001010000001,2c826051b7e33b8ecae830d27a0f5a7955870e4ba2233df14d0fe6a11e44dd14,1feb240b01a2548068cce32753fdc2fceed1cb5011f50aa74b980d3917e77393,1,0.8803842122311307,"[0.8908965153966742, 0.9148747599389072, 0.8624091287689488, 0.8888721556052603, 0.8448685014458631]",0.027187409401248183,0.012158579110661557,0.005969330777105819,0.0067347062853116485,True,absolute_regret_within_tolerance,False,"{""2"": 0.14285714285714285, ""4"": 0.21428571428571427}",0.17857142857142855,True,True,mean_jaccard > higher_locking_score > smaller_feature_count > stable_mask_hash,regret_constrained_medoid,absolute,0.01,0.01,1,macro_ovr_auroc,"{""cv_random_state"": 42, ""run_model_seed_rule"": ""42 + run_id_one_based"", ""run_seed"": 44}",0.2.0,3d358dd33abc93192d5cd75320a3772b0c29729cfb8202df576c2876d1200ec9
mount_sinai,boruta_rf,low,5,25,"[""PROT_FRONTAL__ALDH1L1|O75891"", ""PROT_FRONTAL__BBOX1|O75936"", ""PROT_FRONTAL__BDH2|Q9BUT1"", ""PROT_FRONTAL__COMTD1|Q86VU5"", ""PROT_FRONTAL__CTSD|P07339"", ""PROT_FRONTAL__CUTA|O60888"", ""PROT_FRONTAL__DNM3|Q9UQ16"", ""PROT_FRONTAL__DPP6|P42658"", ""PROT_FRONTAL__ENTPD2|Q9Y5L3"", ""PROT_FRONTAL__EPB41L3|Q9Y2J2"", ""PROT_FRONTAL__GLS2|Q9UI32"", ""PROT_FRONTAL__GMPR|P36959"", ""PROT_FRONTAL__KCNAB1|Q14722"", ""PROT_FRONTAL__MDK|P21741"", ""PROT_FRONTAL__MIOS|Q9NXC5"", ""PROT_FRONTAL__PADI2|Q9Y2J8"", ""PROT_FRONTAL__PRDX6|P30041"", ""PROT_FRONTAL__RTN4|Q9NQC3"", ""PROT_FRONTAL__SMOC1|Q9H4F8"", ""PROT_FRONTAL__SQSTM1|Q13501"", ""PROT_FRONTAL__TMEM106B|Q9NUM4"", ""PROT_FRONTAL__USP13|Q92995"", ""METAB__572"", ""METAB__1053"", ""METAB__999911381""]",00000010000000011000000000010001100101110000011000000001001100001000000000010000000100000101000100010000001100000000001,671553fed907e6c129090a54ab37beac23f09f105f1eddb97e53c71e150516dc,1feb240b01a2548068cce32753fdc2fceed1cb5011f50aa74b980d3917e77393,1,0.874609953931919,"[0.9000906032149284, 0.8920795440225419, 0.8672181998054777, 0.8755001044562554, 0.8381613181603912]",0.02417841760974729,0.010812917072754585,0.011743589076317562,0.013249328294509264,False,absolute_regret_exceeds_tolerance,False,{},,False,False,mean_jaccard > higher_locking_score > smaller_feature_count > stable_mask_hash,regret_constrained_medoid,absolute,0.01,0.01,1,macro_ovr_auroc,"{""cv_random_state"": 42, ""run_model_seed_rule"": ""42 + run_id_one_based"", ""run_seed"": 46}",0.2.0,3d358dd33abc93192d5cd75320a3772b0c29729cfb8202df576c2876d1200ec9
mount_sinai,boruta_rf,low,1,22,"[""PROT_FRONTAL__ADAM11|O75078"", ""PROT_FRONTAL__CAPG|P40121"", ""PROT_FRONTAL__CD109|Q6YHK3"", ""PROT_FRONTAL__CTSD|P07339"", ""PROT_FRONTAL__DNM3|Q9UQ16"", ""PROT_FRONTAL__GFAP|P14136"", ""PROT_FRONTAL__HPCA|P84074"", ""PROT_FRONTAL__ICAM1|P05362"", ""PROT_FRONTAL__MAPT|P10636"", ""PROT_FRONTAL__MDK|P21741"", ""PROT_FRONTAL__MYO9A|B2RTY4"", ""PROT_FRONTAL__NEFH|P12036"", ""PROT_FRONTAL__PBXIP1|Q96AQ6"", ""PROT_FRONTAL__PLCB1|Q9NQ66"", ""PROT_FRONTAL__PLCD1|P51178"", ""PROT_FRONTAL__PSAT1|Q9Y617"", ""PROT_FRONTAL__QPRT|Q15274"", ""PROT_FRONTAL__S100A6|P06703"", ""PROT_FRONTAL__SQSTM1|Q13501"", ""PROT_FRONTAL__VIM|P08670"", ""METAB__1053"", ""METAB__100002102""]",00100000000000000001010000000001000100000000100010001000011001100100001100001010000001000001000000000010000100000010000,7bb927174cd39fce848680a4c3ac8da2c22263bd5f816e8e6ea0115a8ed3dc93,1feb240b01a2548068cce32753fdc2fceed1cb5011f50aa74b980d3917e77393,1,0.8740091597381345,"[0.8913226219459944, 0.8826649478040395, 0.86599980900088, 0.8774784001445725, 0.8525800197951862]",0.015083699874279367,0.006745635654218739,0.01234438327010201,0.013927155103601024,False,absolute_regret_exceeds_tolerance,False,{},,False,False,mean_jaccard > higher_locking_score > smaller_feature_count > stable_mask_hash,regret_constrained_medoid,absolute,0.01,0.01,1,macro_ovr_auroc,"{""cv_random_state"": 42, ""run_model_seed_rule"": ""42 + run_id_one_based"", ""run_seed"": 42}",0.2.0,3d358dd33abc93192d5cd75320a3772b0c29729cfb8202df576c2876d1200ec9
mount_sinai,boruta_rf,low,2,24,"[""PROT_FRONTAL__ALDH1L1|O75891"", ""PROT_FRONTAL__ASAH1|Q13510"", ""PROT_FRONTAL__BDH2|Q9BUT1"", ""PROT_FRONTAL__CAP2|P40123"", ""PROT_FRONTAL__CAPS|Q13938"", ""PROT_FRONTAL__EZR|P15311"", ""PROT_FRONTAL__FABP7|O15540"", ""PROT_FRONTAL__HPCA|P84074"", ""PROT_FRONTAL__HTRA1|Q92743"", ""PROT_FRONTAL__KCNAB1|Q14722"", ""PROT_FRONTAL__MDK|P21741"", ""PROT_FRONTAL__MYO9A|B2RTY4"", ""PROT_FRONTAL__PTPRF|P10586"", ""PROT_FRONTAL__QPRT|Q15274"", ""PROT_FRONTAL__RHOT2|Q8IXI1"", ""PROT_FRONTAL__RPL13|P26373"", ""PROT_FRONTAL__SAMD14|Q8IZD0"", ""PROT_FRONTAL__TTC39B|Q5VTQ0"", ""METAB__533"", ""METAB__1053"", ""METAB__1312"", ""METAB__100001271"", ""METAB__100015962"", ""METAB__100021194""]",00000010000001001010100000000000000000001100000010010001001001000000000000000111010000100000000001000000010110010000110,c2571399d7d1ba01f37eb26efdb1858e8015200a8f081c44977af6f1acabe132,1feb240b01a2548068cce32753fdc2fceed1cb5011f50aa74b980d3917e77393,1,0.8824776886391194,"[0.8886858891963687, 0.9128658253817036, 0.88285998682786, 0.8872333974308573, 0.8407433443588074]",0.02610794428602894,0.011675827635267585,0.003875854369117193,0.004372808570226674,True,absolute_regret_within_tolerance,False,"{""3"": 0.14285714285714285, ""4"": 0.13333333333333333}",0.1380952380952381,False,False,mean_jaccard > higher_locking_score > smaller_feature_count > stable_mask_hash,regret_constrained_medoid,absolute,0.01,0.01,1,macro_ovr_auroc,"{""cv_random_state"": 42, ""run_model_seed_rule"": ""42 + run_id_one_based"", ""run_seed"": 43}",0.2.0,3d358dd33abc93192d5cd75320a3772b0c29729cfb8202df576c2876d1200ec9
mount_sinai,boruta_rf,low,4,27,"[""PROT_FRONTAL__ACTN1|P12814"", ""PROT_FRONTAL__APOA1|P02647"", ""PROT_FRONTAL__APP|P05067"", ""PROT_FRONTAL__BBOX1|O75936"", ""PROT_FRONTAL__CAPS|Q13938"", ""PROT_FRONTAL__CLU|P10909"", ""PROT_FRONTAL__CTSD|P07339"", ""PROT_FRONTAL__DCLK1|O15075"", ""PROT_FRONTAL__DPP6|P42658"", ""PROT_FRONTAL__ENTPD2|Q9Y5L3"", ""PROT_FRONTAL__EPB41L3|Q9Y2J2"", ""PROT_FRONTAL__FABP7|O15540"", ""PROT_FRONTAL__HTRA1|Q92743"", ""PROT_FRONTAL__ILVBL|A1L0T0"", ""PROT_FRONTAL__MAOB|P27338"", ""PROT_FRONTAL__MAPT|P10636"", ""PROT_FRONTAL__MDK|P21741"", ""PROT_FRONTAL__NTN1|O95631"", ""PROT_FRONTAL__PBXIP1|Q96AQ6"", ""PROT_FRONTAL__PEPD|P12955"", ""PROT_FRONTAL__RPH3A|Q9Y2J0"", ""PROT_FRONTAL__SQSTM1|Q13501"", ""PROT_FRONTAL__SYNM|O15061"", ""PROT_FRONTAL__TMEM106B|Q9NUM4"", ""METAB__533"", ""METAB__100002173"", ""METAB__100021194""]",01000001001000010000100010000001010001110100000000010010111000010101000000000000100000000001100100000000010000000001010,fb12c08e0fd75cb8cbddce95b0424294f1c8e7ae7177669968db7ec1f1d4fe41,1feb240b01a2548068cce32753fdc2fceed1cb5011f50aa74b980d3917e77393,1,0.8863535430082365,"[0.8753997036096116, 0.9170239783856808, 0.8753679332257186, 0.8834621149908068, 0.8805139848293645]",0.017491473793044263,0.007822424885580612,0.0,0.0,True,absolute_regret_within_tolerance,False,"{""2"": 0.13333333333333333, ""3"": 0.21428571428571427}",0.1738095238095238,False,False,mean_jaccard > higher_locking_score > smaller_feature_count > stable_mask_hash,regret_constrained_medoid,absolute,0.01,0.01,1,macro_ovr_auroc,"{""cv_random_state"": 42, ""run_model_seed_rule"": ""42 + run_id_one_based"", ""run_seed"": 45}",0.2.0,3d358dd33abc93192d5cd75320a3772b0c29729cfb8202df576c2876d1200ec9
mount_sinai,boruta_rf,reference,3,24,"[""PROT_FRONTAL__ACTN1|P12814"", ""PROT_FRONTAL__ADSSL1|Q8N142"", ""PROT_FRONTAL__APOA1|P02647"", ""PROT_FRONTAL__ATP6V1D|Q9Y5K8"", ""PROT_FRONTAL__CAP2|P40123"", ""PROT_FRONTAL__CAPS|Q13938"", ""PROT_FRONTAL__COMMD1|Q8N668"", ""PROT_FRONTAL__CTSD|P07339"", ""PROT_FRONTAL__DPP6|P42658"", ""PROT_FRONTAL__GFAP|P14136"", ""PROT_FRONTAL__GLS2|Q9UI32"", ""PROT_FRONTAL__HTRA1|Q92743"", ""PROT_FRONTAL__MAPT|P10636"", ""PROT_FRONTAL__MDK|P21741"", ""PROT_FRONTAL__MYO9A|B2RTY4"", ""PROT_FRONTAL__RPH3A|Q9Y2J0"", ""PROT_FRONTAL__RTN4|Q9NQC3"", ""PROT_FRONTAL__SEPT5|Q99719"", ""PROT_FRONTAL__TKT|P29401"", ""PROT_FRONTAL__VIM|P08670"", ""PROT_FRONTAL__VWF|P04275"", ""METAB__100000282"", ""METAB__100001271"", ""METAB__999911381""]",01001001000000100010100000100001000001000000110000010000011001000000000000000000100100001000001000000011000001010000001,2c826051b7e33b8ecae830d27a0f5a7955870e4ba2233df14d0fe6a11e44dd14,1feb240b01a2548068cce32753fdc2fceed1cb5011f50aa74b980d3917e77393,1,0.8803842122311307,"[0.8908965153966742, 0.9148747599389072, 0.8624091287689488, 0.8888721556052603, 0.8448685014458631]",0.027187409401248183,0.012158579110661557,0.005969330777105819,0.0067347062853116485,True,absolute_regret_within_tolerance,False,"{""2"": 0.14285714285714285, ""4"": 0.21428571428571427}",0.17857142857142855,True,True,mean_jaccard > higher_locking_score > smaller_feature_count > stable_mask_hash,regret_constrained_medoid,absolute,0.01,0.01,1,macro_ovr_auroc,"{""cv_random_state"": 42, ""run_model_seed_rule"": ""42 + run_id_one_based"", ""run_seed"": 44}",0.2.0,3d358dd33abc93192d5cd75320a3772b0c29729cfb8202df576c2876d1200ec9
mount_sinai,boruta_rf,reference,5,25,"[""PROT_FRONTAL__ALDH1L1|O75891"", ""PROT_FRONTAL__BBOX1|O75936"", ""PROT_FRONTAL__BDH2|Q9BUT1"", ""PROT_FRONTAL__COMTD1|Q86VU5"", ""PROT_FRONTAL__CTSD|P07339"", ""PROT_FRONTAL__CUTA|O60888"", ""PROT_FRONTAL__DNM3|Q9UQ16"", ""PROT_FRONTAL__DPP6|P42658"", ""PROT_FRONTAL__ENTPD2|Q9Y5L3"", ""PROT_FRONTAL__EPB41L3|Q9Y2J2"", ""PROT_FRONTAL__GLS2|Q9UI32"", ""PROT_FRONTAL__GMPR|P36959"", ""PROT_FRONTAL__KCNAB1|Q14722"", ""PROT_FRONTAL__MDK|P21741"", ""PROT_FRONTAL__MIOS|Q9NXC5"", ""PROT_FRONTAL__PADI2|Q9Y2J8"", ""PROT_FRONTAL__PRDX6|P30041"", ""PROT_FRONTAL__RTN4|Q9NQC3"", ""PROT_FRONTAL__SMOC1|Q9H4F8"", ""PROT_FRONTAL__SQSTM1|Q13501"", ""PROT_FRONTAL__TMEM106B|Q9NUM4"", ""PROT_FRONTAL__USP13|Q92995"", ""METAB__572"", ""METAB__1053"", ""METAB__999911381""]",00000010000000011000000000010001100101110000011000000001001100001000000000010000000100000101000100010000001100000000001,671553fed907e6c129090a54ab37beac23f09f105f1eddb97e53c71e150516dc,1feb240b01a2548068cce32753fdc2fceed1cb5011f50aa74b980d3917e77393,1,0.874609953931919,"[0.9000906032149284, 0.8920795440225419, 0.8672181998054777, 0.8755001044562554, 0.8381613181603912]",0.02417841760974729,0.010812917072754585,0.011743589076317562,0.013249328294509264,False,absolute_regret_exceeds_tolerance,False,{},,False,False,mean_jaccard > higher_locking_score > smaller_feature_count > stable_mask_hash,regret_constrained_medoid,absolute,0.01,0.01,1,macro_ovr_auroc,"{""cv_random_state"": 42, ""run_model_seed_rule"": ""42 + run_id_one_based"", ""run_seed"": 46}",0.2.0,3d358dd33abc93192d5cd75320a3772b0c29729cfb8202df576c2876d1200ec9
mount_sinai,boruta_rf,reference,1,22,"[""PROT_FRONTAL__ADAM11|O75078"", ""PROT_FRONTAL__CAPG|P40121"", ""PROT_FRONTAL__CD109|Q6YHK3"", ""PROT_FRONTAL__CTSD|P07339"", ""PROT_FRONTAL__DNM3|Q9UQ16"", ""PROT_FRONTAL__GFAP|P14136"", ""PROT_FRONTAL__HPCA|P84074"", ""PROT_FRONTAL__ICAM1|P05362"", ""PROT_FRONTAL__MAPT|P10636"", ""PROT_FRONTAL__MDK|P21741"", ""PROT_FRONTAL__MYO9A|B2RTY4"", ""PROT_FRONTAL__NEFH|P12036"", ""PROT_FRONTAL__PBXIP1|Q96AQ6"", ""PROT_FRONTAL__PLCB1|Q9NQ66"", ""PROT_FRONTAL__PLCD1|P51178"", ""PROT_FRONTAL__PSAT1|Q9Y617"", ""PROT_FRONTAL__QPRT|Q15274"", ""PROT_FRONTAL__S100A6|P06703"", ""PROT_FRONTAL__SQSTM1|Q13501"", ""PROT_FRONTAL__VIM|P08670"", ""METAB__1053"", ""METAB__100002102""]",00100000000000000001010000000001000100000000100010001000011001100100001100001010000001000001000000000010000100000010000,7bb927174cd39fce848680a4c3ac8da2c22263bd5f816e8e6ea0115a8ed3dc93,1feb240b01a2548068cce32753fdc2fceed1cb5011f50aa74b980d3917e77393,1,0.8740091597381345,"[0.8913226219459944, 0.8826649478040395, 0.86599980900088, 0.8774784001445725, 0.8525800197951862]",0.015083699874279367,0.006745635654218739,0.01234438327010201,0.013927155103601024,False,absolute_regret_exceeds_tolerance,False,{},,False,False,mean_jaccard > higher_locking_score > smaller_feature_count > stable_mask_hash,regret_constrained_medoid,absolute,0.01,0.01,1,macro_ovr_auroc,"{""cv_random_state"": 42, ""run_model_seed_rule"": ""42 + run_id_one_based"", ""run_seed"": 42}",0.2.0,3d358dd33abc93192d5cd75320a3772b0c29729cfb8202df576c2876d1200ec9
mount_sinai,boruta_rf,reference,2,24,"[""PROT_FRONTAL__ALDH1L1|O75891"", ""PROT_FRONTAL__ASAH1|Q13510"", ""PROT_FRONTAL__BDH2|Q9BUT1"", ""PROT_FRONTAL__CAP2|P40123"", ""PROT_FRONTAL__CAPS|Q13938"", ""PROT_FRONTAL__EZR|P15311"", ""PROT_FRONTAL__FABP7|O15540"", ""PROT_FRONTAL__HPCA|P84074"", ""PROT_FRONTAL__HTRA1|Q92743"", ""PROT_FRONTAL__KCNAB1|Q14722"", ""PROT_FRONTAL__MDK|P21741"", ""PROT_FRONTAL__MYO9A|B2RTY4"", ""PROT_FRONTAL__PTPRF|P10586"", ""PROT_FRONTAL__QPRT|Q15274"", ""PROT_FRONTAL__RHOT2|Q8IXI1"", ""PROT_FRONTAL__RPL13|P26373"", ""PROT_FRONTAL__SAMD14|Q8IZD0"", ""PROT_FRONTAL__TTC39B|Q5VTQ0"", ""METAB__533"", ""METAB__1053"", ""METAB__1312"", ""METAB__100001271"", ""METAB__100015962"", ""METAB__100021194""]",00000010000001001010100000000000000000001100000010010001001001000000000000000111010000100000000001000000010110010000110,c2571399d7d1ba01f37eb26efdb1858e8015200a8f081c44977af6f1acabe132,1feb240b01a2548068cce32753fdc2fceed1cb5011f50aa74b980d3917e77393,1,0.8824776886391194,"[0.8886858891963687, 0.9128658253817036, 0.88285998682786, 0.8872333974308573, 0.8407433443588074]",0.02610794428602894,0.011675827635267585,0.003875854369117193,0.004372808570226674,True,absolute_regret_within_tolerance,False,"{""3"": 0.14285714285714285, ""4"": 0.13333333333333333}",0.1380952380952381,False,False,mean_jaccard > higher_locking_score > smaller_feature_count > stable_mask_hash,regret_constrained_medoid,absolute,0.01,0.01,1,macro_ovr_auroc,"{""cv_random_state"": 42, ""run_model_seed_rule"": ""42 + run_id_one_based"", ""run_seed"": 43}",0.2.0,3d358dd33abc93192d5cd75320a3772b0c29729cfb8202df576c2876d1200ec9
mount_sinai,boruta_rf,reference,4,27,"[""PROT_FRONTAL__ACTN1|P12814"", ""PROT_FRONTAL__APOA1|P02647"", ""PROT_FRONTAL__APP|P05067"", ""PROT_FRONTAL__BBOX1|O75936"", ""PROT_FRONTAL__CAPS|Q13938"", ""PROT_FRONTAL__CLU|P10909"", ""PROT_FRONTAL__CTSD|P07339"", ""PROT_FRONTAL__DCLK1|O15075"", ""PROT_FRONTAL__DPP6|P42658"", ""PROT_FRONTAL__ENTPD2|Q9Y5L3"", ""PROT_FRONTAL__EPB41L3|Q9Y2J2"", ""PROT_FRONTAL__FABP7|O15540"", ""PROT_FRONTAL__HTRA1|Q92743"", ""PROT_FRONTAL__ILVBL|A1L0T0"", ""PROT_FRONTAL__MAOB|P27338"", ""PROT_FRONTAL__MAPT|P10636"", ""PROT_FRONTAL__MDK|P21741"", ""PROT_FRONTAL__NTN1|O95631"", ""PROT_FRONTAL__PBXIP1|Q96AQ6"", ""PROT_FRONTAL__PEPD|P12955"", ""PROT_FRONTAL__RPH3A|Q9Y2J0"", ""PROT_FRONTAL__SQSTM1|Q13501"", ""PROT_FRONTAL__SYNM|O15061"", ""PROT_FRONTAL__TMEM106B|Q9NUM4"", ""METAB__533"", ""METAB__100002173"", ""METAB__100021194""]",01000001001000010000100010000001010001110100000000010010111000010101000000000000100000000001100100000000010000000001010,fb12c08e0fd75cb8cbddce95b0424294f1c8e7ae7177669968db7ec1f1d4fe41,1feb240b01a2548068cce32753fdc2fceed1cb5011f50aa74b980d3917e77393,1,0.8863535430082365,"[0.8753997036096116, 0.9170239783856808, 0.8753679332257186, 0.8834621149908068, 0.8805139848293645]",0.017491473793044263,0.007822424885580612,0.0,0.0,True,absolute_regret_within_tolerance,False,"{""2"": 0.13333333333333333, ""3"": 0.21428571428571427}",0.1738095238095238,False,False,mean_jaccard > higher_locking_score > smaller_feature_count > stable_mask_hash,regret_constrained_medoid,absolute,0.01,0.01,1,macro_ovr_auroc,"{""cv_random_state"": 42, ""run_model_seed_rule"": ""42 + run_id_one_based"", ""run_seed"": 45}",0.2.0,3d358dd33abc93192d5cd75320a3772b0c29729cfb8202df576c2876d1200ec9
mount_sinai,svm_l1,low,3,10,"[""PROT_FRONTAL__MDK|P21741"", ""PROT_FRONTAL__SMOC1|Q9H4F8"", ""PROT_FRONTAL__NTN1|O95631"", ""METAB__100001383"", ""PROT_FRONTAL__CTSD|P07339"", ""METAB__100001257"", ""PROT_FRONTAL__BDH2|Q9BUT1"", ""PROT_FRONTAL__UGP2|Q16851"", ""PROT_FRONTAL__PTPRF|P10586"", ""METAB__100001540""]",1110001000000000000000001000000000000000000000101010000000010000000001,0a7435542f850634b430eb8d226303ba83a59b4c212c13409caa057b9116acb5,fc7c138f9aaafa274e8dbcec79eb69741bc332f77ba7934c034013ee5fb0fe6d,1,0.8629541107779864,"[0.8665848669519676, 0.8952292413313372, 0.8409355211077209, 0.8809680304998744, 0.8310528939990328]",0.026841542752898347,0.012003902843289508,0.01669152320571965,0.018975281136936594,False,absolute_regret_exceeds_tolerance,False,{},,False,False,mean_jaccard > higher_locking_score > smaller_feature_count > stable_mask_hash,regret_constrained_medoid,absolute,0.01,0.01,1,macro_ovr_auroc,"{""cv_random_state"": 42, ""run_model_seed_rule"": ""42 + run_id_one_based"", ""run_seed"": 44}",0.2.0,3d358dd33abc93192d5cd75320a3772b0c29729cfb8202df576c2876d1200ec9
mount_sinai,svm_l1,low,4,13,"[""PROT_FRONTAL__MDK|P21741"", ""PROT_FRONTAL__TMEM106B|Q9NUM4"", ""PROT_FRONTAL__VWF|P04275"", ""PROT_FRONTAL__NDUFA11|Q86Y39"", ""METAB__100000282"", ""PROT_FRONTAL__SLC30A3|Q99726"", ""PROT_FRONTAL__HSPB1|P04792"", ""PROT_FRONTAL__USP13|Q92995"", ""METAB__100002173"", ""PROT_FRONTAL__UGP2|Q16851"", ""METAB__100003064"", ""METAB__100015962"", ""METAB__100001540""]",1001000001011000000010100000000000000000001100000010000000001000010001,40f80ae271c76b1fe26f14d34a1186f67c717754d10867dd1b22c0255c164fb1,fc7c138f9aaafa274e8dbcec79eb69741bc332f77ba7934c034013ee5fb0fe6d,1,0.8716094879669021,"[0.8635689737734831, 0.909835097561836, 0.8335280349930168, 0.8984158541727837, 0.8526994793333905]",0.03182850080385671,0.014234138283866061,0.008036146016804024,0.009135662937824437,True,absolute_regret_within_tolerance,False,"{""1"": 0.25, ""2"": 0.15}",0.2,False,False,mean_jaccard > higher_locking_score > smaller_feature_count > stable_mask_hash,regret_constrained_medoid,absolute,0.01,0.01,1,macro_ovr_auroc,"{""cv_random_state"": 42, ""run_model_seed_rule"": ""42 + run_id_one_based"", ""run_seed"": 45}",0.2.0,3d358dd33abc93192d5cd75320a3772b0c29729cfb8202df576c2876d1200ec9
mount_sinai,svm_l1,low,5,11,"[""PROT_FRONTAL__MDK|P21741"", ""PROT_FRONTAL__RPL18A|Q02543"", ""PROT_FRONTAL__NDUFA11|Q86Y39"", ""PROT_FRONTAL__CTSD|P07339"", ""PROT_FRONTAL__SEPT11|Q9NVA2"", ""METAB__100015762"", ""METAB__100006115"", ""METAB__100001257"", ""METAB__100009025"", ""PROT_FRONTAL__PHGDH|O43175"", ""PROT_FRONTAL__IPO5|O00410""]",1000000010010000000000001100000100010000000000100000000010100100000000,56464df388a54b8748ea610aa297b76c3056ebbf7ac7bff3bbe32aea95cb7d18,fc7c138f9aaafa274e8dbcec79eb69741bc332f77ba7934c034013ee5fb0fe6d,1,0.8609589065593726,"[0.8583139948686154, 0.8882241855565134, 0.8681458979848357, 0.8889788191030427, 0.8011316352838556]",0.035939051634756365,0.016072432500438036,0.018686727424333527,0.021243472032829603,False,absolute_regret_exceeds_tolerance,False,{},,False,False,mean_jaccard > higher_locking_score > smaller_feature_count > stable_mask_hash,regret_constrained_medoid,absolute,0.01,0.01,1,macro_ovr_auroc,"{""cv_random_state"": 42, ""run_model_seed_rule"": ""42 + run_id_one_based"", ""run_seed"": 46}",0.2.0,3d358dd33abc93192d5cd75320a3772b0c29729cfb8202df576c2876d1200ec9
mount_sinai,svm_l1,low,1,12,"[""PROT_FRONTAL__MDK|P21741"", ""PROT_FRONTAL__NTN1|O95631"", ""PROT_FRONTAL__TMEM106B|Q9NUM4"", ""PROT_FRONTAL__NDUFA11|Q86Y39"", ""METAB__100000282"", ""PROT_FRONTAL__QPRT|Q15274"", ""PROT_FRONTAL__HSPB1|P04792"", ""PROT_FRONTAL__SEPT11|Q9NVA2"", ""PROT_FRONTAL__TKT|P29401"", ""PROT_FRONTAL__CAMKK2|Q96RR4"", ""PROT_FRONTAL__PHGDH|O43175"", ""METAB__100002910""]",1011000000011000001000100100000000000001000001000000000000100000000100,9b053e7c9f29a18a36abf713b8af7b2b4e3e0face73e4f161c21976ce286dbb6,fc7c138f9aaafa274e8dbcec79eb69741bc332f77ba7934c034013ee5fb0fe6d,1,0.8796456339837061,"[0.8836061233851008, 0.9037495652436904, 0.8559333190547583, 0.8917385283149629, 0.8632006339200183]",0.019847134416433036,0.008875908342743977,0.0,0.0,True,absolute_regret_within_tolerance,False,"{""2"": 0.375, ""4"": 0.25}",0.3125,True,True,mean_jaccard > higher_locking_score > smaller_feature_count > stable_mask_hash,regret_constrained_medoid,absolute,0.01,0.01,1,macro_ovr_auroc,"{""cv_random_state"": 42, ""run_model_seed_rule"": ""42 + run_id_one_based"", ""run_seed"": 42}",0.2.0,3d358dd33abc93192d5cd75320a3772b0c29729cfb8202df576c2876d1200ec9
mount_sinai,svm_l1,low,2,10,"[""PROT_FRONTAL__MDK|P21741"", ""PROT_FRONTAL__TMEM106B|Q9NUM4"", ""METAB__100001383"", ""PROT_FRONTAL__NDUFA11|Q86Y39"", ""PROT_FRONTAL__CADM3|Q8N126"", ""PROT_FRONTAL__QPRT|Q15274"", ""PROT_FRONTAL__TKT|P29401"", ""METAB__100002102"", ""PROT_FRONTAL__SDHB|P21912"", ""PROT_FRONTAL__PHGDH|O43175""]",1001001000010010001000000000000000000001000000000000100100100000000000,fc8625a399b4046ba0273bdbbb7a18306dd6a35aab1ded3671ef40664bae512d,fc7c138f9aaafa274e8dbcec79eb69741bc332f77ba7934c034013ee5fb0fe6d,1,0.8744677058365848,"[0.8584958364207331, 0.8994420501343333, 0.8611399192178802, 0.9061265771194388, 0.8471341462905384]",0.02648516561329569,0.011844526141333814,0.005177928147121258,0.005886379636390226,True,absolute_regret_within_tolerance,False,"{""1"": 0.375, ""4"": 0.15}",0.2625,False,False,mean_jaccard > higher_locking_score > smaller_feature_count > stable_mask_hash,regret_constrained_medoid,absolute,0.01,0.01,1,macro_ovr_auroc,"{""cv_random_state"": 42, ""run_model_seed_rule"": ""42 + run_id_one_based"", ""run_seed"": 43}",0.2.0,3d358dd33abc93192d5cd75320a3772b0c29729cfb8202df576c2876d1200ec9
mount_sinai,svm_l1,reference,4,17,"[""PROT_FRONTAL__MDK|P21741"", ""PROT_FRONTAL__SMOC1|Q9H4F8"", ""PROT_FRONTAL__TMEM106B|Q9NUM4"", ""PROT_FRONTAL__ALDH1L1|O75891"", ""PROT_FRONTAL__SCN8A|Q9UQD0"", ""METAB__533"", ""PROT_FRONTAL__RPL18A|Q02543"", ""METAB__999925180"", ""PROT_FRONTAL__QPRT|Q15274"", ""PROT_FRONTAL__SLC30A3|Q99726"", ""PROT_FRONTAL__HSPB1|P04792"", ""PROT_FRONTAL__HPCA|P84074"", ""METAB__818"", ""PROT_FRONTAL__NGLY1|Q96IV0"", ""PROT_FRONTAL__ACTN4|O43707"", ""PROT_FRONTAL__CXADR|P78310"", ""METAB__100002910""]",1101110110100000001010100000000000000100000010000000011000000010000100,718ed7693c86ac81da86f9e8a737ff5fde953af8438d840001b089bc7d64e983,fc7c138f9aaafa274e8dbcec79eb69741bc332f77ba7934c034013ee5fb0fe6d,1,0.8893213071013166,"[0.8963267275577533, 0.9156079077762151, 0.8816380554311589, 0.8872993760821702, 0.8657344686592855]",0.018435840093257768,0.008244758334168085,0.006405516523432353,0.007151194264241266,True,absolute_regret_within_tolerance,False,"{""1"": 0.1724137931034483, ""2"": 0.25925925925925924, ""3"": 0.25925925925925924, ""5"": 0.25925925925925924}",0.23754789272030652,False,False,mean_jaccard > higher_locking_score > smaller_feature_count > stable_mask_hash,regret_constrained_medoid,absolute,0.01,0.01,1,macro_ovr_auroc,"{""cv_random_state"": 42, ""run_model_seed_rule"": ""42 + run_id_one_based"", ""run_seed"": 45}",0.2.0,3d358dd33abc93192d5cd75320a3772b0c29729cfb8202df576c2876d1200ec9
mount_sinai,svm_l1,reference,1,17,"[""PROT_FRONTAL__MDK|P21741"", ""PROT_FRONTAL__NTN1|O95631"", ""PROT_FRONTAL__TMEM106B|Q9NUM4"", ""PROT_FRONTAL__SCN8A|Q9UQD0"", ""PROT_FRONTAL__NDUFA11|Q86Y39"", ""PROT_FRONTAL__CADM3|Q8N126"", ""PROT_FRONTAL__DDHD1|Q8NEL9"", ""PROT_FRONTAL__QPRT|Q15274"", ""PROT_FRONTAL__CTSD|P07339"", ""METAB__999925109"", ""PROT_FRONTAL__RPL13|P26373"", ""PROT_FRONTAL__TKT|P29401"", ""METAB__818"", ""PROT_FRONTAL__CAMKK2|Q96RR4"", ""METAB__100002102"", ""PROT_FRONTAL__SDHB|P21912"", ""PROT_FRONTAL__PHGDH|O43175""]",1011010000010010011000001000000001000011000011000000100100100000000000,941db77b52235f3e0f64b8447be3ae80cdef609619aba75200c0c65112bfc775,fc7c138f9aaafa274e8dbcec79eb69741bc332f77ba7934c034013ee5fb0fe6d,1,0.8948105597763197,"[0.8951696608144687, 0.9307901651821944, 0.8798980274859479, 0.924421524518864, 0.8437734208801234]",0.035350542279161914,0.015809243115537278,0.000916263848429244,0.0010229277769324666,True,absolute_regret_within_tolerance,False,"{""2"": 0.25925925925925924, ""3"": 0.25925925925925924, ""4"": 0.1724137931034483, ""5"": 0.25925925925925924}",0.23754789272030652,False,False,mean_jaccard > higher_locking_score > smaller_feature_count > stable_mask_hash,regret_constrained_medoid,absolute,0.01,0.01,1,macro_ovr_auroc,"{""cv_random_state"": 42, ""run_model_seed_rule"": ""42 + run_id_one_based"", ""run_seed"": 42}",0.2.0,3d358dd33abc93192d5cd75320a3772b0c29729cfb8202df576c2876d1200ec9
mount_sinai,svm_l1,reference,5,17,"[""PROT_FRONTAL__MDK|P21741"", ""PROT_FRONTAL__NTN1|O95631"", ""PROT_FRONTAL__TMEM106B|Q9NUM4"", ""METAB__533"", ""PROT_FRONTAL__EPB41L3|Q9Y2J2"", ""PROT_FRONTAL__CADM3|Q8N126"", ""PROT_FRONTAL__QPRT|Q15274"", ""PROT_FRONTAL__HSPB1|P04792"", ""PROT_FRONTAL__CTSD|P07339"", ""PROT_FRONTAL__CTHRC1|Q96CG8"", ""METAB__100000963"", ""PROT_FRONTAL__RPL13|P26373"", ""PROT_FRONTAL__S100A13|Q99584"", ""PROT_FRONTAL__ACTN4|O43707"", ""METAB__100009025"", ""METAB__100002910"", ""METAB__100008947""]",1011000100000110001000101010000000100010000000000100001010000000000110,9b71f021efc232b98d65e91c4b50b09032a7b4b1ff04d8be091e9c2d56ccba06,fc7c138f9aaafa274e8dbcec79eb69741bc332f77ba7934c034013ee5fb0fe6d,1,0.8920246270544959,"[0.9133802416488984, 0.908608565581414, 0.8824339654538841, 0.8702575657011552, 0.885442796887128]",0.018304340537280212,0.008185949944932715,0.003702196570253058,0.004133175955668418,True,absolute_regret_within_tolerance,False,"{""1"": 0.25925925925925924, ""2"": 0.21428571428571427, ""3"": 0.36, ""4"": 0.25925925925925924}",0.2732010582010582,True,True,mean_jaccard > higher_locking_score > smaller_feature_count > stable_mask_hash,regret_constrained_medoid,absolute,0.01,0.01,1,macro_ovr_auroc,"{""cv_random_state"": 42, ""run_model_seed_rule"": ""42 + run_id_one_based"", ""run_seed"": 46}",0.2.0,3d358dd33abc93192d5cd75320a3772b0c29729cfb8202df576c2876d1200ec9
mount_sinai,svm_l1,reference,2,17,"[""PROT_FRONTAL__MDK|P21741"", ""PROT_FRONTAL__TMEM106B|Q9NUM4"", ""PROT_FRONTAL__SCN8A|Q9UQD0"", ""PROT_FRONTAL__RPL18A|Q02543"", ""PROT_FRONTAL__NDUFA11|Q86Y39"", ""PROT_FRONTAL__QPRT|Q15274"", ""PROT_FRONTAL__HSPB1|P04792"", ""PROT_FRONTAL__SEPT11|Q9NVA2"", ""PROT_FRONTAL__CCT4|P50991"", ""METAB__100000963"", ""PROT_FRONTAL__APOA1|P02647"", ""METAB__818"", ""PROT_FRONTAL__CPLX1|O14810"", ""PROT_FRONTAL__BDH2|Q9BUT1"", ""METAB__100002102"", ""METAB__100009025"", ""METAB__100001540""]",1001010010010000001000100100001000100000100010011000100010000000000001,bdecdc8c37bbfb9c66214fe7d9e9dc133bba2257032c2fb221eb4244311cac49,fc7c138f9aaafa274e8dbcec79eb69741bc332f77ba7934c034013ee5fb0fe6d,1,0.894989177008666,"[0.9047798671283904, 0.9126372720994824, 0.8754917358883948, 0.9093679324744496, 0.8726690774526132]",0.019315787173516372,0.008638282631780226,0.0007376466160829986,0.0008235173901546844,True,absolute_regret_within_tolerance,False,"{""1"": 0.25925925925925924, ""3"": 0.21428571428571427, ""4"": 0.25925925925925924, ""5"": 0.21428571428571427}",0.23677248677248677,False,False,mean_jaccard > higher_locking_score > smaller_feature_count > stable_mask_hash,regret_constrained_medoid,absolute,0.01,0.01,1,macro_ovr_auroc,"{""cv_random_state"": 42, ""run_model_seed_rule"": ""42 + run_id_one_based"", ""run_seed"": 43}",0.2.0,3d358dd33abc93192d5cd75320a3772b0c29729cfb8202df576c2876d1200ec9
mount_sinai,svm_l1,reference,3,17,"[""PROT_FRONTAL__MDK|P21741"", ""PROT_FRONTAL__SMOC1|Q9H4F8"", ""PROT_FRONTAL__TMEM106B|Q9NUM4"", ""PROT_FRONTAL__SCN8A|Q9UQD0"", ""METAB__533"", ""PROT_FRONTAL__NDUFA11|Q86Y39"", ""PROT_FRONTAL__EPB41L3|Q9Y2J2"", ""PROT_FRONTAL__CADM3|Q8N126"", ""PROT_FRONTAL__QPRT|Q15274"", ""PROT_FRONTAL__IGHV3-15|A0A0B4J1V0"", ""PROT_FRONTAL__ASAH1|Q13510"", ""PROT_FRONTAL__CTSD|P07339"", ""METAB__100001851"", ""METAB__100001296"", ""METAB__100000963"", ""PROT_FRONTAL__ACTN4|O43707"", ""METAB__100003064""]",1101010100010110001001011001000010100000000000000000001000001000000000,dbcb09b4b0075258fcba1323283ebc3ffb5ed519ac3318c9f9db86bf6e321b4b,fc7c138f9aaafa274e8dbcec79eb69741bc332f77ba7934c034013ee5fb0fe6d,1,0.895726823624749,"[0.9071924924516224, 0.9271358884402708, 0.8804107983114194, 0.8808739641918467, 0.8830209747285857]",0.020824370189380454,0.009312941466414973,0.0,0.0,True,absolute_regret_within_tolerance,False,"{""1"": 0.25925925925925924, ""2"": 0.21428571428571427, ""4"": 0.25925925925925924, ""5"": 0.36}",0.27320105820105817,False,False,mean_jaccard > higher_locking_score > smaller_feature_count > stable_mask_hash,regret_constrained_medoid,absolute,0.01,0.01,1,macro_ovr_auroc,"{""cv_random_state"": 42, ""run_model_seed_rule"": ""42 + run_id_one_based"", ""run_seed"": 44}",0.2.0,3d358dd33abc93192d5cd75320a3772b0c29729cfb8202df576c2876d1200ec9
mount_sinai,xgboost,low,2,18,"[""PROT_FRONTAL__TSC22D4|Q9Y3Q8"", ""PROT_FRONTAL__MDK|P21741"", ""PROT_FRONTAL__ATP6V1D|Q9Y5K8"", ""PROT_FRONTAL__SYNCRIP|O60506"", ""PROT_FRONTAL__SGSM1|Q2NKQ1"", ""PROT_FRONTAL__FLT1|P17948"", ""PROT_FRONTAL__ARG2|P78540"", ""PROT_FRONTAL__ADH5|P11766"", ""PROT_FRONTAL__CD63|P08962"", ""PROT_FRONTAL__SNX1|Q13596"", ""PROT_FRONTAL__EPHX1|P07099"", ""PROT_FRONTAL__SLC4A3|P48751"", ""PROT_FRONTAL__VPS13B|Q7Z7G8"", ""PROT_FRONTAL__PLCD1|P51178"", ""PROT_FRONTAL__HSDL1|Q3SXM5"", ""METAB__100009036"", ""METAB__339"", ""PROT_FRONTAL__SNRK|Q9NRH2""]",1000000000000011110000000011000001000010000001000110000000000001000000000110001000000001000000000100,16b2b35f5e183a1a6979d2605de3dfd53db1e28953a15a0da3b434b0fdc390dd,f6c4212a8f0af437bc19f52b48204284ffc83ae1cbd1b9602302f14601ae9a6c,1,0.8495705257192295,"[0.8494006991385525, 0.8677327067801821, 0.8211075977162934, 0.8729754963879373, 0.8366361285731824]",0.02153557065643605,0.009630999984408153,0.022650346263720533,0.025968590057041534,False,absolute_regret_exceeds_tolerance,False,{},,False,False,mean_jaccard > higher_locking_score > smaller_feature_count > stable_mask_hash,regret_constrained_medoid,absolute,0.01,0.01,1,macro_ovr_auroc,"{""cv_random_state"": 42, ""run_model_seed_rule"": ""42 + run_id_one_based"", ""run_seed"": 43}",0.2.0,3d358dd33abc93192d5cd75320a3772b0c29729cfb8202df576c2876d1200ec9
mount_sinai,xgboost,low,4,24,"[""PROT_FRONTAL__PRKCE|Q02156"", ""PROT_FRONTAL__WDR44|Q5JSH3"", ""PROT_FRONTAL__ELMOD1|Q8N336"", ""PROT_FRONTAL__CEBPZOS|A8MTT3"", ""PROT_FRONTAL__MDK|P21741"", ""PROT_FRONTAL__HSP90B1|P14625"", ""PROT_FRONTAL__FLT1|P17948"", ""METAB__1124"", ""PROT_FRONTAL__NEFL|P07196"", ""PROT_FRONTAL__EPB41L3|Q9Y2J2"", ""PROT_FRONTAL__CD63|P08962"", ""PROT_FRONTAL__NCKIPSD|Q9NZQ3"", ""METAB__100002106"", ""PROT_FRONTAL__CALB2|P22676"", ""PROT_FRONTAL__GFAP|P14136"", ""METAB__100015834"", ""PROT_FRONTAL__KNG1|P01042"", ""METAB__100015723"", ""METAB__100000491"", ""PROT_FRONTAL__PLCD1|P51178"", ""PROT_FRONTAL__HSDL1|Q3SXM5"", ""METAB__999917010"", ""PROT_FRONTAL__ITIH3|Q06033"", ""METAB__100004488""]",0100010100000110000010000010011000100010000000010000000111000100100000011110010000001000000000100000,3f5f7c3d10a7c07ad87a9645d15d32b7604527cb84ee9ffdb51e27bef822245e,f6c4212a8f0af437bc19f52b48204284ffc83ae1cbd1b9602302f14601ae9a6c,1,0.8722208719829501,"[0.8825258887931163, 0.8996296632339821, 0.8624970928264996, 0.8768084125922263, 0.8396433024689259]",0.022551777394845807,0.010085461453663668,0.0,0.0,True,absolute_regret_within_tolerance,False,"{""3"": 0.125}",0.125,True,True,mean_jaccard > higher_locking_score > smaller_feature_count > stable_mask_hash,regret_constrained_medoid,absolute,0.01,0.01,1,macro_ovr_auroc,"{""cv_random_state"": 42, ""run_model_seed_rule"": ""42 + run_id_one_based"", ""run_seed"": 45}",0.2.0,3d358dd33abc93192d5cd75320a3772b0c29729cfb8202df576c2876d1200ec9
mount_sinai,xgboost,low,1,19,"[""PROT_FRONTAL__MDK|P21741"", ""PROT_FRONTAL__HSPA2|P54652"", ""PROT_FRONTAL__ABCB1|P08183"", ""PROT_FRONTAL__ADH5|P11766"", ""METAB__100001048"", ""PROT_FRONTAL__FXYD1|O00168"", ""PROT_FRONTAL__NME2|P22392"", ""PROT_FRONTAL__GFAP|P14136"", ""METAB__100015834"", ""PROT_FRONTAL__APOA4|P06727"", ""PROT_FRONTAL__VPS13B|Q7Z7G8"", ""PROT_FRONTAL__KNG1|P01042"", ""METAB__999911979"", ""PROT_FRONTAL__SMOC1|Q9H4F8"", ""PROT_FRONTAL__EZR|P15311"", ""PROT_FRONTAL__FLNA|P21333"", ""PROT_FRONTAL__YTHDC2|Q9H6S0"", ""PROT_FRONTAL__SNRK|Q9NRH2"", ""PROT_FRONTAL__PTPRS|Q13332""]",0000000000000010000000000000000111000100000100000000001001000111110100000000100000000000001001000110,6de9ad52b8ebdb75d53d5542a45977b210b76e1c40c095ffae78ad6b45d978b9,f6c4212a8f0af437bc19f52b48204284ffc83ae1cbd1b9602302f14601ae9a6c,1,0.858273416051912,"[0.8665493001053496, 0.885078707274166, 0.8522030784236824, 0.8517006623755489, 0.8358353320808128]",0.01851034573205438,0.00827807826877934,0.013947455931038077,0.015990738560668974,False,absolute_regret_exceeds_tolerance,False,{},,False,False,mean_jaccard > higher_locking_score > smaller_feature_count > stable_mask_hash,regret_constrained_medoid,absolute,0.01,0.01,1,macro_ovr_auroc,"{""cv_random_state"": 42, ""run_model_seed_rule"": ""42 + run_id_one_based"", ""run_seed"": 42}",0.2.0,3d358dd33abc93192d5cd75320a3772b0c29729cfb8202df576c2876d1200ec9
mount_sinai,xgboost,low,5,10,"[""PROT_FRONTAL__HSPA2|P54652"", ""PROT_FRONTAL__ADH5|P11766"", ""PROT_FRONTAL__EHHADH|Q08426"", ""PROT_FRONTAL__HSD17B11|Q8NBQ5"", ""METAB__536"", ""PROT_FRONTAL__KNG1|P01042"", ""PROT_FRONTAL__SMOC1|Q9H4F8"", ""PROT_FRONTAL__PLCD1|P51178"", ""PROT_FRONTAL__ALDH1L1|O75891"", ""METAB__100001859""]",0000000000000000000000000000000101000000100000000000000000011000100100000101000000000000100000000000,7ab6b76a701f50964da3e5ab41483d60e450ce6b8e64e61db2291eea8f33eb27,f6c4212a8f0af437bc19f52b48204284ffc83ae1cbd1b9602302f14601ae9a6c,1,0.8258877990093678,"[0.8270011391875475, 0.8357819791619411, 0.8259157477538287, 0.8140133405730884, 0.8267267883704336]",0.007759538882548853,0.0034701712830863983,0.046333072973582246,0.053120802840049386,False,absolute_regret_exceeds_tolerance,False,{},,False,False,mean_jaccard > higher_locking_score > smaller_feature_count > stable_mask_hash,regret_constrained_medoid,absolute,0.01,0.01,1,macro_ovr_auroc,"{""cv_random_state"": 42, ""run_model_seed_rule"": ""42 + run_id_one_based"", ""run_seed"": 46}",0.2.0,3d358dd33abc93192d5cd75320a3772b0c29729cfb8202df576c2876d1200ec9
mount_sinai,xgboost,low,3,21,"[""PROT_FRONTAL__TSC22D2|O75157"", ""PROT_FRONTAL__IGHV3-15|A0A0B4J1V0"", ""PROT_FRONTAL__MDK|P21741"", ""PROT_FRONTAL__HSPA2|P54652"", ""METAB__100001048"", ""PROT_FRONTAL__AKR7A3|O95154"", ""PROT_FRONTAL__SNX1|Q13596"", ""PROT_FRONTAL__NCKIPSD|Q9NZQ3"", ""METAB__100015962"", ""PROT_FRONTAL__EPHX1|P07099"", ""PROT_FRONTAL__SLC4A3|P48751"", ""PROT_FRONTAL__GFAP|P14136"", ""PROT_FRONTAL__KNG1|P01042"", ""PROT_FRONTAL__SMOC1|Q9H4F8"", ""METAB__194"", ""PROT_FRONTAL__OS9|Q13438"", ""PROT_FRONTAL__PDCL|Q13371"", ""PROT_FRONTAL__ITIH3|Q06033"", ""PROT_FRONTAL__ANGEL1|Q9UNK9"", ""PROT_FRONTAL__SNRK|Q9NRH2"", ""PROT_FRONTAL__PTPRS|Q13332""]",0010100000000010000000000000000100000101000001011110000001000000100110000000000001011000010000000110,ca5deeaef5abfb2d8f293ff961507347546ccbe7b6826f56e011a6aa6dc21411,f6c4212a8f0af437bc19f52b48204284ffc83ae1cbd1b9602302f14601ae9a6c,1,0.8677386608566533,"[0.8766694365054161, 0.9013011059192384, 0.8473469882251207, 0.8903203353004039, 0.8230554383330873]",0.03212685473538155,0.014367566218314832,0.0044822111262967645,0.005138848736910737,True,absolute_regret_within_tolerance,False,"{""4"": 0.125}",0.125,False,False,mean_jaccard > higher_locking_score > smaller_feature_count > stable_mask_hash,regret_constrained_medoid,absolute,0.01,0.01,1,macro_ovr_auroc,"{""cv_random_state"": 42, ""run_model_seed_rule"": ""42 + run_id_one_based"", ""run_seed"": 44}",0.2.0,3d358dd33abc93192d5cd75320a3772b0c29729cfb8202df576c2876d1200ec9
mount_sinai,xgboost,reference,2,19,"[""PROT_FRONTAL__TSC22D4|Q9Y3Q8"", ""PROT_FRONTAL__TST|Q16762"", ""PROT_FRONTAL__MDK|P21741"", ""PROT_FRONTAL__ATP6V1D|Q9Y5K8"", ""PROT_FRONTAL__HSP90B1|P14625"", ""PROT_FRONTAL__FLT1|P17948"", ""PROT_FRONTAL__ARG2|P78540"", ""PROT_FRONTAL__NEFL|P07196"", ""PROT_FRONTAL__ADH5|P11766"", ""PROT_FRONTAL__CD63|P08962"", ""PROT_FRONTAL__EHHADH|Q08426"", ""PROT_FRONTAL__SNX1|Q13596"", ""PROT_FRONTAL__SLC4A3|P48751"", ""PROT_FRONTAL__APOA4|P06727"", ""PROT_FRONTAL__VPS13B|Q7Z7G8"", ""METAB__356"", ""PROT_FRONTAL__PLCD1|P51178"", ""METAB__100009036"", ""METAB__339""]",1000000001000011000010000011001001000010100001000010000000000011000000100100001000000001000000000000,2c513c17644dd780190f3dc573112ea5f6d0b99d8394edbb21088ff539aee920,f6c4212a8f0af437bc19f52b48204284ffc83ae1cbd1b9602302f14601ae9a6c,1,0.8534294096756838,"[0.8498006623417865, 0.8768650037552864, 0.8318822005200245, 0.8690032952339433, 0.8395958865273783]",0.019108828938159506,0.008545728095227956,0.01879146230726625,0.02154438504153748,False,absolute_regret_exceeds_tolerance,False,{},,False,False,mean_jaccard > higher_locking_score > smaller_feature_count > stable_mask_hash,regret_constrained_medoid,absolute,0.01,0.01,1,macro_ovr_auroc,"{""cv_random_state"": 42, ""run_model_seed_rule"": ""42 + run_id_one_based"", ""run_seed"": 43}",0.2.0,3d358dd33abc93192d5cd75320a3772b0c29729cfb8202df576c2876d1200ec9
mount_sinai,xgboost,reference,5,19,"[""PROT_FRONTAL__MDK|P21741"", ""METAB__1124"", ""PROT_FRONTAL__ADH5|P11766"", ""PROT_FRONTAL__EPB41L3|Q9Y2J2"", ""PROT_FRONTAL__CD63|P08962"", ""PROT_FRONTAL__EHHADH|Q08426"", ""PROT_FRONTAL__NCKIPSD|Q9NZQ3"", ""PROT_FRONTAL__CALB2|P22676"", ""METAB__536"", ""PROT_FRONTAL__KNG1|P01042"", ""PROT_FRONTAL__CLU|P10909"", ""PROT_FRONTAL__SMOC1|Q9H4F8"", ""METAB__194"", ""METAB__356"", ""PROT_FRONTAL__AHSA1|O95433"", ""PROT_FRONTAL__YTHDC2|Q9H6S0"", ""METAB__100005850"", ""PROT_FRONTAL__SNRK|Q9NRH2"", ""PROT_FRONTAL__PTPRS|Q13332""]",0000000000000010000000000000010001100010100000010000000010001000101110100000000010000000000001010110,2ed094ea7ad77512410ed6d2235c08372c666e153c35591b5b9a403043b5ef5f,f6c4212a8f0af437bc19f52b48204284ffc83ae1cbd1b9602302f14601ae9a6c,1,0.8608044441301077,"[0.8630995528940909, 0.8890996915120447, 0.8461692202754528, 0.8743827923859443, 0.8312709635830058]",0.022785282204211412,0.010189887979026592,0.011416427852842359,0.013088918437468353,False,absolute_regret_exceeds_tolerance,False,{},,False,False,mean_jaccard > higher_locking_score > smaller_feature_count > stable_mask_hash,regret_constrained_medoid,absolute,0.01,0.01,1,macro_ovr_auroc,"{""cv_random_state"": 42, ""run_model_seed_rule"": ""42 + run_id_one_based"", ""run_seed"": 46}",0.2.0,3d358dd33abc93192d5cd75320a3772b0c29729cfb8202df576c2876d1200ec9
mount_sinai,xgboost,reference,4,24,"[""PROT_FRONTAL__PRKCE|Q02156"", ""PROT_FRONTAL__WDR44|Q5JSH3"", ""PROT_FRONTAL__ELMOD1|Q8N336"", ""PROT_FRONTAL__CEBPZOS|A8MTT3"", ""PROT_FRONTAL__MDK|P21741"", ""PROT_FRONTAL__HSP90B1|P14625"", ""PROT_FRONTAL__FLT1|P17948"", ""METAB__1124"", ""PROT_FRONTAL__NEFL|P07196"", ""PROT_FRONTAL__EPB41L3|Q9Y2J2"", ""PROT_FRONTAL__CD63|P08962"", ""PROT_FRONTAL__NCKIPSD|Q9NZQ3"", ""METAB__100002106"", ""PROT_FRONTAL__CALB2|P22676"", ""PROT_FRONTAL__GFAP|P14136"", ""METAB__100015834"", ""PROT_FRONTAL__KNG1|P01042"", ""METAB__100015723"", ""METAB__100000491"", ""PROT_FRONTAL__PLCD1|P51178"", ""PROT_FRONTAL__HSDL1|Q3SXM5"", ""METAB__999917010"", ""PROT_FRONTAL__ITIH3|Q06033"", ""METAB__100004488""]",0100010100000110000010000010011000100010000000010000000111000100100000011110010000001000000000100000,3f5f7c3d10a7c07ad87a9645d15d32b7604527cb84ee9ffdb51e27bef822245e,f6c4212a8f0af437bc19f52b48204284ffc83ae1cbd1b9602302f14601ae9a6c,1,0.8722208719829501,"[0.8825258887931163, 0.8996296632339821, 0.8624970928264996, 0.8768084125922263, 0.8396433024689259]",0.022551777394845807,0.010085461453663668,0.0,0.0,True,absolute_regret_within_tolerance,False,"{""3"": 0.125}",0.125,True,True,mean_jaccard > higher_locking_score > smaller_feature_count > stable_mask_hash,regret_constrained_medoid,absolute,0.01,0.01,1,macro_ovr_auroc,"{""cv_random_state"": 42, ""run_model_seed_rule"": ""42 + run_id_one_based"", ""run_seed"": 45}",0.2.0,3d358dd33abc93192d5cd75320a3772b0c29729cfb8202df576c2876d1200ec9
mount_sinai,xgboost,reference,1,19,"[""PROT_FRONTAL__MDK|P21741"", ""PROT_FRONTAL__HSPA2|P54652"", ""PROT_FRONTAL__ABCB1|P08183"", ""PROT_FRONTAL__ADH5|P11766"", ""METAB__100001048"", ""PROT_FRONTAL__FXYD1|O00168"", ""PROT_FRONTAL__NME2|P22392"", ""PROT_FRONTAL__GFAP|P14136"", ""METAB__100015834"", ""PROT_FRONTAL__APOA4|P06727"", ""PROT_FRONTAL__VPS13B|Q7Z7G8"", ""PROT_FRONTAL__KNG1|P01042"", ""METAB__999911979"", ""PROT_FRONTAL__SMOC1|Q9H4F8"", ""PROT_FRONTAL__EZR|P15311"", ""PROT_FRONTAL__FLNA|P21333"", ""PROT_FRONTAL__YTHDC2|Q9H6S0"", ""PROT_FRONTAL__SNRK|Q9NRH2"", ""PROT_FRONTAL__PTPRS|Q13332""]",0000000000000010000000000000000111000100000100000000001001000111110100000000100000000000001001000110,6de9ad52b8ebdb75d53d5542a45977b210b76e1c40c095ffae78ad6b45d978b9,f6c4212a8f0af437bc19f52b48204284ffc83ae1cbd1b9602302f14601ae9a6c,1,0.858273416051912,"[0.8665493001053496, 0.885078707274166, 0.8522030784236824, 0.8517006623755489, 0.8358353320808128]",0.01851034573205438,0.00827807826877934,0.013947455931038077,0.015990738560668974,False,absolute_regret_exceeds_tolerance,False,{},,False,False,mean_jaccard > higher_locking_score > smaller_feature_count > stable_mask_hash,regret_constrained_medoid,absolute,0.01,0.01,1,macro_ovr_auroc,"{""cv_random_state"": 42, ""run_model_seed_rule"": ""42 + run_id_one_based"", ""run_seed"": 42}",0.2.0,3d358dd33abc93192d5cd75320a3772b0c29729cfb8202df576c2876d1200ec9
mount_sinai,xgboost,reference,3,21,"[""PROT_FRONTAL__TSC22D2|O75157"", ""PROT_FRONTAL__IGHV3-15|A0A0B4J1V0"", ""PROT_FRONTAL__MDK|P21741"", ""PROT_FRONTAL__HSPA2|P54652"", ""METAB__100001048"", ""PROT_FRONTAL__AKR7A3|O95154"", ""PROT_FRONTAL__SNX1|Q13596"", ""PROT_FRONTAL__NCKIPSD|Q9NZQ3"", ""METAB__100015962"", ""PROT_FRONTAL__EPHX1|P07099"", ""PROT_FRONTAL__SLC4A3|P48751"", ""PROT_FRONTAL__GFAP|P14136"", ""PROT_FRONTAL__KNG1|P01042"", ""PROT_FRONTAL__SMOC1|Q9H4F8"", ""METAB__194"", ""PROT_FRONTAL__OS9|Q13438"", ""PROT_FRONTAL__PDCL|Q13371"", ""PROT_FRONTAL__ITIH3|Q06033"", ""PROT_FRONTAL__ANGEL1|Q9UNK9"", ""PROT_FRONTAL__SNRK|Q9NRH2"", ""PROT_FRONTAL__PTPRS|Q13332""]",0010100000000010000000000000000100000101000001011110000001000000100110000000000001011000010000000110,ca5deeaef5abfb2d8f293ff961507347546ccbe7b6826f56e011a6aa6dc21411,f6c4212a8f0af437bc19f52b48204284ffc83ae1cbd1b9602302f14601ae9a6c,1,0.8677386608566533,"[0.8766694365054161, 0.9013011059192384, 0.8473469882251207, 0.8903203353004039, 0.8230554383330873]",0.03212685473538155,0.014367566218314832,0.0044822111262967645,0.005138848736910737,True,absolute_regret_within_tolerance,False,"{""4"": 0.125}",0.125,False,False,mean_jaccard > higher_locking_score > smaller_feature_count > stable_mask_hash,regret_constrained_medoid,absolute,0.01,0.01,1,macro_ovr_auroc,"{""cv_random_state"": 42, ""run_model_seed_rule"": ""42 + run_id_one_based"", ""run_seed"": 44}",0.2.0,3d358dd33abc93192d5cd75320a3772b0c29729cfb8202df576c2876d1200ec9
