branch,method,feature,selection_count,selection_frequency
boruta_rf,elastic_net_matched,RNA::AK2,2,0.2
boruta_rf,elastic_net_matched,RNA::ASAP3,10,1.0
boruta_rf,elastic_net_matched,RNA::ATP5EP2,7,0.7
boruta_rf,elastic_net_matched,RNA::ATP6V1C2,2,0.2
boruta_rf,elastic_net_matched,RNA::ATP8B5P,1,0.1
boruta_rf,elastic_net_matched,RNA::B3GNT5,1,0.1
boruta_rf,elastic_net_matched,RNA::C14orf147,1,0.1
boruta_rf,elastic_net_matched,RNA::C15orf21,5,0.5
boruta_rf,elastic_net_matched,RNA::C1orf116,1,0.1
boruta_rf,elastic_net_matched,RNA::C3orf38,2,0.2
boruta_rf,elastic_net_matched,RNA::CA9,3,0.3
boruta_rf,elastic_net_matched,RNA::CARD8,1,0.1
boruta_rf,elastic_net_matched,RNA::CD151,1,0.1
boruta_rf,elastic_net_matched,RNA::CLIC1,1,0.1
boruta_rf,elastic_net_matched,RNA::CNIH4,1,0.1
boruta_rf,elastic_net_matched,RNA::CNPY3,1,0.1
boruta_rf,elastic_net_matched,RNA::CPEB3,1,0.1
boruta_rf,elastic_net_matched,RNA::DNALI1,1,0.1
boruta_rf,elastic_net_matched,RNA::EEF1A1P9,9,0.9
boruta_rf,elastic_net_matched,RNA::FAM120AOS,1,0.1
boruta_rf,elastic_net_matched,RNA::FAM90A7,1,0.1
boruta_rf,elastic_net_matched,RNA::FTHL3,10,1.0
boruta_rf,elastic_net_matched,RNA::GCSH,2,0.2
boruta_rf,elastic_net_matched,RNA::GPR179,1,0.1
boruta_rf,elastic_net_matched,RNA::H3F3C,1,0.1
boruta_rf,elastic_net_matched,RNA::HDAC1,1,0.1
boruta_rf,elastic_net_matched,RNA::HIST1H1C,1,0.1
boruta_rf,elastic_net_matched,RNA::HIST1H2BE,1,0.1
boruta_rf,elastic_net_matched,RNA::HNRNPA3P1,6,0.6
boruta_rf,elastic_net_matched,RNA::ID2B,1,0.1
boruta_rf,elastic_net_matched,RNA::ID4,1,0.1
boruta_rf,elastic_net_matched,RNA::IRF2,1,0.1
boruta_rf,elastic_net_matched,RNA::LOC341056,1,0.1
boruta_rf,elastic_net_matched,RNA::LOC442454,6,0.6
boruta_rf,elastic_net_matched,RNA::LOC613037,1,0.1
boruta_rf,elastic_net_matched,RNA::LOC643387,10,1.0
boruta_rf,elastic_net_matched,RNA::LOC644936,7,0.7
boruta_rf,elastic_net_matched,RNA::LOC728643,8,0.8
boruta_rf,elastic_net_matched,RNA::LSM14A,6,0.6
boruta_rf,elastic_net_matched,RNA::MFSD2B,7,0.7
boruta_rf,elastic_net_matched,RNA::MICAL3,2,0.2
boruta_rf,elastic_net_matched,RNA::MPRIP,5,0.5
boruta_rf,elastic_net_matched,RNA::MRPL36,1,0.1
boruta_rf,elastic_net_matched,RNA::MTX1,1,0.1
boruta_rf,elastic_net_matched,RNA::MYH6,1,0.1
boruta_rf,elastic_net_matched,RNA::MYO18A,1,0.1
boruta_rf,elastic_net_matched,RNA::NACAP1,9,0.9
boruta_rf,elastic_net_matched,RNA::NADK,3,0.3
boruta_rf,elastic_net_matched,RNA::NFIA,7,0.7
boruta_rf,elastic_net_matched,RNA::NOX4,2,0.2
boruta_rf,elastic_net_matched,RNA::PCBP3,2,0.2
boruta_rf,elastic_net_matched,RNA::PDCD5,1,0.1
boruta_rf,elastic_net_matched,RNA::PNPLA1,2,0.2
boruta_rf,elastic_net_matched,RNA::PNRC2,1,0.1
boruta_rf,elastic_net_matched,RNA::PPIA,1,0.1
boruta_rf,elastic_net_matched,RNA::PPIAL4C,8,0.8
boruta_rf,elastic_net_matched,RNA::RAB6C,1,0.1
boruta_rf,elastic_net_matched,RNA::S100A10,1,0.1
boruta_rf,elastic_net_matched,RNA::SCP2,2,0.2
boruta_rf,elastic_net_matched,RNA::SFRS4,1,0.1
boruta_rf,elastic_net_matched,RNA::SHQ1,2,0.2
boruta_rf,elastic_net_matched,RNA::SUMO1P3,1,0.1
boruta_rf,elastic_net_native,RNA::AARS,2,0.2
boruta_rf,elastic_net_native,RNA::ABLIM1,2,0.2
boruta_rf,elastic_net_native,RNA::ACBD5,1,0.1
boruta_rf,elastic_net_native,RNA::ACTL6A,2,0.2
boruta_rf,elastic_net_native,RNA::ACTR3,1,0.1
boruta_rf,elastic_net_native,RNA::AK2,5,0.5
boruta_rf,elastic_net_native,RNA::AKAP6,3,0.3
boruta_rf,elastic_net_native,RNA::ANXA2P1,6,0.6
boruta_rf,elastic_net_native,RNA::ANXA2P2,1,0.1
boruta_rf,elastic_net_native,RNA::ARF4,1,0.1
boruta_rf,elastic_net_native,RNA::ASAP3,10,1.0
boruta_rf,elastic_net_native,RNA::ATP5EP2,9,0.9
boruta_rf,elastic_net_native,RNA::ATP6V1C2,9,0.9
boruta_rf,elastic_net_native,RNA::ATP8B5P,9,0.9
boruta_rf,elastic_net_native,RNA::ATP9A,1,0.1
boruta_rf,elastic_net_native,RNA::B3GNT5,1,0.1
boruta_rf,elastic_net_native,RNA::BFAR,1,0.1
boruta_rf,elastic_net_native,RNA::BOD1,1,0.1
boruta_rf,elastic_net_native,RNA::BRD7,3,0.3
boruta_rf,elastic_net_native,RNA::BZW1,1,0.1
boruta_rf,elastic_net_native,RNA::C12orf48,1,0.1
boruta_rf,elastic_net_native,RNA::C12orf51,3,0.3
boruta_rf,elastic_net_native,RNA::C14orf147,1,0.1
boruta_rf,elastic_net_native,RNA::C15orf21,9,0.9
boruta_rf,elastic_net_native,RNA::C1orf116,2,0.2
boruta_rf,elastic_net_native,RNA::C1orf144,1,0.1
boruta_rf,elastic_net_native,RNA::C22orf46,1,0.1
boruta_rf,elastic_net_native,RNA::C3orf38,5,0.5
boruta_rf,elastic_net_native,RNA::C5orf53,1,0.1
boruta_rf,elastic_net_native,RNA::C5orf62,1,0.1
boruta_rf,elastic_net_native,RNA::CA9,3,0.3
boruta_rf,elastic_net_native,RNA::CAPZA1,2,0.2
boruta_rf,elastic_net_native,RNA::CARD8,1,0.1
boruta_rf,elastic_net_native,RNA::CASP4,1,0.1
boruta_rf,elastic_net_native,RNA::CASP6,1,0.1
boruta_rf,elastic_net_native,RNA::CCDC109B,1,0.1
boruta_rf,elastic_net_native,RNA::CD151,1,0.1
boruta_rf,elastic_net_native,RNA::CDC26,9,0.9
boruta_rf,elastic_net_native,RNA::CEP170L,2,0.2
boruta_rf,elastic_net_native,RNA::CKLF,3,0.3
boruta_rf,elastic_net_native,RNA::CLIC1,6,0.6
boruta_rf,elastic_net_native,RNA::CMC1,3,0.3
boruta_rf,elastic_net_native,RNA::CNIH4,3,0.3
boruta_rf,elastic_net_native,RNA::CNN3,4,0.4
boruta_rf,elastic_net_native,RNA::CNPY3,1,0.1
boruta_rf,elastic_net_native,RNA::COMMD10,1,0.1
boruta_rf,elastic_net_native,RNA::CPEB3,4,0.4
boruta_rf,elastic_net_native,RNA::CTCFL,5,0.5
boruta_rf,elastic_net_native,RNA::DDOST,4,0.4
boruta_rf,elastic_net_native,RNA::DGCR2,1,0.1
boruta_rf,elastic_net_native,RNA::DIP2C,1,0.1
boruta_rf,elastic_net_native,RNA::DNALI1,3,0.3
boruta_rf,elastic_net_native,RNA::DOCK7,2,0.2
boruta_rf,elastic_net_native,RNA::DST,3,0.3
boruta_rf,elastic_net_native,RNA::DSTYK,4,0.4
boruta_rf,elastic_net_native,RNA::DTX4,1,0.1
boruta_rf,elastic_net_native,RNA::DTYMK,1,0.1
boruta_rf,elastic_net_native,RNA::DYNC1H1,5,0.5
boruta_rf,elastic_net_native,RNA::DYNC1I2,1,0.1
boruta_rf,elastic_net_native,RNA::EDARADD,5,0.5
boruta_rf,elastic_net_native,RNA::EEF1A1P9,10,1.0
boruta_rf,elastic_net_native,RNA::EIF3A,2,0.2
boruta_rf,elastic_net_native,RNA::ERP44,1,0.1
boruta_rf,elastic_net_native,RNA::FAF1,1,0.1
boruta_rf,elastic_net_native,RNA::FAM120AOS,1,0.1
boruta_rf,elastic_net_native,RNA::FAM136A,2,0.2
boruta_rf,elastic_net_native,RNA::FAM176B,1,0.1
boruta_rf,elastic_net_native,RNA::FAM71D,8,0.8
boruta_rf,elastic_net_native,RNA::FAM90A7,9,0.9
boruta_rf,elastic_net_native,RNA::FSTL5,1,0.1
boruta_rf,elastic_net_native,RNA::FTHL3,10,1.0
boruta_rf,elastic_net_native,RNA::GBAP1,2,0.2
boruta_rf,elastic_net_native,RNA::GCSH,9,0.9
boruta_rf,elastic_net_native,RNA::GGTLC1,5,0.5
boruta_rf,elastic_net_native,RNA::GLB1,1,0.1
boruta_rf,elastic_net_native,RNA::GNAI3,1,0.1
boruta_rf,elastic_net_native,RNA::GNG5,3,0.3
boruta_rf,elastic_net_native,RNA::GPN1,1,0.1
boruta_rf,elastic_net_native,RNA::GPR137C,1,0.1
boruta_rf,elastic_net_native,RNA::GPR179,1,0.1
boruta_rf,elastic_net_native,RNA::GPX7,7,0.7
boruta_rf,elastic_net_native,RNA::GTF2F2,1,0.1
boruta_rf,elastic_net_native,RNA::GUSBL1,7,0.7
boruta_rf,elastic_net_native,RNA::H3F3C,9,0.9
boruta_rf,elastic_net_native,RNA::HDAC1,6,0.6
boruta_rf,elastic_net_native,RNA::HERC2,2,0.2
boruta_rf,elastic_net_native,RNA::HIST1H1C,1,0.1
boruta_rf,elastic_net_native,RNA::HIST1H2BE,2,0.2
boruta_rf,elastic_net_native,RNA::HMGN5,2,0.2
boruta_rf,elastic_net_native,RNA::HNRNPA3P1,10,1.0
boruta_rf,elastic_net_native,RNA::HNRNPUL2,1,0.1
boruta_rf,elastic_net_native,RNA::HSPA12B,1,0.1
boruta_rf,elastic_net_native,RNA::HTATSF1,2,0.2
boruta_rf,elastic_net_native,RNA::ID2B,1,0.1
boruta_rf,elastic_net_native,RNA::ID4,1,0.1
boruta_rf,elastic_net_native,RNA::IFNGR2,3,0.3
boruta_rf,elastic_net_native,RNA::IK,2,0.2
boruta_rf,elastic_net_native,RNA::IRF2,1,0.1
boruta_rf,elastic_net_native,RNA::KDELR1,2,0.2
boruta_rf,elastic_net_native,RNA::KDELR2,1,0.1
boruta_rf,elastic_net_native,RNA::KIAA0427,1,0.1
boruta_rf,elastic_net_native,RNA::KIAA1409,2,0.2
boruta_rf,elastic_net_native,RNA::KSR1,1,0.1
boruta_rf,elastic_net_native,RNA::KTI12,1,0.1
boruta_rf,elastic_net_native,RNA::LDHA,4,0.4
boruta_rf,elastic_net_native,RNA::LNPEP,1,0.1
boruta_rf,elastic_net_native,RNA::LOC100130776,2,0.2
boruta_rf,elastic_net_native,RNA::LOC284232,3,0.3
boruta_rf,elastic_net_native,RNA::LOC341056,9,0.9
boruta_rf,elastic_net_native,RNA::LOC389705,1,0.1
boruta_rf,elastic_net_native,RNA::LOC407835,8,0.8
boruta_rf,elastic_net_native,RNA::LOC442454,9,0.9
boruta_rf,elastic_net_native,RNA::LOC541471,2,0.2
boruta_rf,elastic_net_native,RNA::LOC613037,1,0.1
boruta_rf,elastic_net_native,RNA::LOC643387,10,1.0
boruta_rf,elastic_net_native,RNA::LOC644936,9,0.9
boruta_rf,elastic_net_native,RNA::LOC645332,1,0.1
boruta_rf,elastic_net_native,RNA::LOC650368,1,0.1
boruta_rf,elastic_net_native,RNA::LOC728643,10,1.0
boruta_rf,elastic_net_native,RNA::LOC728758,1,0.1
boruta_rf,elastic_net_native,RNA::LOX,1,0.1
boruta_rf,elastic_net_native,RNA::LRRC37A4,2,0.2
boruta_rf,elastic_net_native,RNA::LRRC42,3,0.3
boruta_rf,elastic_net_native,RNA::LRRTM4,5,0.5
boruta_rf,elastic_net_native,RNA::LSM14A,9,0.9
boruta_rf,elastic_net_native,RNA::LYPLA1,5,0.5
boruta_rf,elastic_net_native,RNA::MADD,2,0.2
boruta_rf,elastic_net_native,RNA::MAGOH,2,0.2
boruta_rf,elastic_net_native,RNA::MEOX2,1,0.1
boruta_rf,elastic_net_native,RNA::MFSD2B,10,1.0
boruta_rf,elastic_net_native,RNA::MICAL3,3,0.3
boruta_rf,elastic_net_native,RNA::MLLT6,1,0.1
boruta_rf,elastic_net_native,RNA::MPRIP,10,1.0
boruta_rf,elastic_net_native,RNA::MRPL36,1,0.1
boruta_rf,elastic_net_native,RNA::MTMR12,1,0.1
boruta_rf,elastic_net_native,RNA::MTX1,1,0.1
boruta_rf,elastic_net_native,RNA::MUM1L1,1,0.1
boruta_rf,elastic_net_native,RNA::MYH6,2,0.2
boruta_rf,elastic_net_native,RNA::MYO18A,5,0.5
boruta_rf,elastic_net_native,RNA::NACA2,5,0.5
boruta_rf,elastic_net_native,RNA::NACAP1,10,1.0
boruta_rf,elastic_net_native,RNA::NADK,8,0.8
boruta_rf,elastic_net_native,RNA::NALCN,2,0.2
boruta_rf,elastic_net_native,RNA::NBPF7,1,0.1
boruta_rf,elastic_net_native,RNA::NCRNA00152,6,0.6
boruta_rf,elastic_net_native,RNA::NFIA,7,0.7
boruta_rf,elastic_net_native,RNA::NOX4,3,0.3
boruta_rf,elastic_net_native,RNA::NPLOC4,1,0.1
boruta_rf,elastic_net_native,RNA::NUP37,2,0.2
boruta_rf,elastic_net_native,RNA::OPN1SW,1,0.1
boruta_rf,elastic_net_native,RNA::OSTC,5,0.5
boruta_rf,elastic_net_native,RNA::PA2G4P4,8,0.8
boruta_rf,elastic_net_native,RNA::PAIP1,2,0.2
boruta_rf,elastic_net_native,RNA::PCBP3,2,0.2
boruta_rf,elastic_net_native,RNA::PDCD5,1,0.1
boruta_rf,elastic_net_native,RNA::PIGC,4,0.4
boruta_rf,elastic_net_native,RNA::PMS2L2,4,0.4
boruta_rf,elastic_net_native,RNA::PNPLA1,2,0.2
boruta_rf,elastic_net_native,RNA::PNRC2,1,0.1
boruta_rf,elastic_net_native,RNA::PPIA,5,0.5
boruta_rf,elastic_net_native,RNA::PPIAL4C,8,0.8
boruta_rf,elastic_net_native,RNA::PRDX4,3,0.3
boruta_rf,elastic_net_native,RNA::PRKCG,1,0.1
boruta_rf,elastic_net_native,RNA::PVT1,1,0.1
boruta_rf,elastic_net_native,RNA::RAB6C,7,0.7
boruta_rf,elastic_net_native,RNA::RAN,3,0.3
boruta_rf,elastic_net_native,RNA::RAP1B,1,0.1
boruta_rf,elastic_net_native,RNA::RASGRF1,1,0.1
boruta_rf,elastic_net_native,RNA::REXO2,2,0.2
boruta_rf,elastic_net_native,RNA::RGPD4,1,0.1
boruta_rf,elastic_net_native,RNA::RHOC,2,0.2
boruta_rf,elastic_net_native,RNA::RPF1,2,0.2
boruta_rf,elastic_net_native,RNA::RPL12,1,0.1
boruta_rf,elastic_net_native,RNA::RPL13A,1,0.1
boruta_rf,elastic_net_native,RNA::RPL13AP3,7,0.7
boruta_rf,elastic_net_native,RNA::RPL17,2,0.2
boruta_rf,elastic_net_native,RNA::RPL23P8,3,0.3
boruta_rf,elastic_net_native,RNA::RRM2,1,0.1
boruta_rf,elastic_net_native,RNA::S100A10,1,0.1
boruta_rf,elastic_net_native,RNA::SBF1,1,0.1
boruta_rf,elastic_net_native,RNA::SCP2,2,0.2
boruta_rf,elastic_net_native,RNA::SEPHS2,1,0.1
boruta_rf,elastic_net_native,RNA::SFRS4,1,0.1
boruta_rf,elastic_net_native,RNA::SHQ1,3,0.3
boruta_rf,elastic_net_native,RNA::SLC6A10P,2,0.2
boruta_rf,elastic_net_native,RNA::SNRNP40,1,0.1
boruta_rf,elastic_net_native,RNA::SPCS2,1,0.1
boruta_rf,elastic_net_native,RNA::SPTAN1,2,0.2
boruta_rf,elastic_net_native,RNA::SUMO1P3,3,0.3
boruta_rf,elastic_net_native,RNA::SYNPO2,2,0.2
boruta_rf,elastic_net_native,RNA::SYT11,1,0.1
boruta_rf,elastic_net_native,RNA::TOP1P2,1,0.1
boruta_rf,elastic_net_native,RNA::TXLNA,1,0.1
boruta_rf,elastic_net_native,RNA::UBE2MP1,1,0.1
boruta_rf,elastic_net_native,RNA::WBP11P1,1,0.1
boruta_rf,elastic_net_native,RNA::WDR77,1,0.1
boruta_rf,elastic_net_native,RNA::ZCCHC9,1,0.1
boruta_rf,random_bank_rep_01,RNA::AK2,1,0.1
boruta_rf,random_bank_rep_01,RNA::AKAP6,1,0.1
boruta_rf,random_bank_rep_01,RNA::ANXA2P1,1,0.1
boruta_rf,random_bank_rep_01,RNA::ASAP3,1,0.1
boruta_rf,random_bank_rep_01,RNA::ATP5EP2,5,0.5
boruta_rf,random_bank_rep_01,RNA::ATP6V1C2,3,0.3
boruta_rf,random_bank_rep_01,RNA::ATP8B5P,4,0.4
boruta_rf,random_bank_rep_01,RNA::ATP9A,1,0.1
boruta_rf,random_bank_rep_01,RNA::B3GNT5,1,0.1
boruta_rf,random_bank_rep_01,RNA::BAGE2,2,0.2
boruta_rf,random_bank_rep_01,RNA::BZW1,1,0.1
boruta_rf,random_bank_rep_01,RNA::C10orf4,1,0.1
boruta_rf,random_bank_rep_01,RNA::C12orf51,2,0.2
boruta_rf,random_bank_rep_01,RNA::C15orf21,1,0.1
boruta_rf,random_bank_rep_01,RNA::C3orf38,1,0.1
boruta_rf,random_bank_rep_01,RNA::CA9,2,0.2
boruta_rf,random_bank_rep_01,RNA::CAPZA1,1,0.1
boruta_rf,random_bank_rep_01,RNA::CASP4,1,0.1
boruta_rf,random_bank_rep_01,RNA::CCDC109B,2,0.2
boruta_rf,random_bank_rep_01,RNA::CD58,1,0.1
boruta_rf,random_bank_rep_01,RNA::CDC26,2,0.2
boruta_rf,random_bank_rep_01,RNA::CEP170L,2,0.2
boruta_rf,random_bank_rep_01,RNA::CKLF,3,0.3
boruta_rf,random_bank_rep_01,RNA::CLIC1,2,0.2
boruta_rf,random_bank_rep_01,RNA::CMC1,1,0.1
boruta_rf,random_bank_rep_01,RNA::CNIH4,2,0.2
boruta_rf,random_bank_rep_01,RNA::CNN3,3,0.3
boruta_rf,random_bank_rep_01,RNA::COMMD10,1,0.1
boruta_rf,random_bank_rep_01,RNA::CPEB3,1,0.1
boruta_rf,random_bank_rep_01,RNA::CTCFL,1,0.1
boruta_rf,random_bank_rep_01,RNA::DDOST,1,0.1
boruta_rf,random_bank_rep_01,RNA::DIP2C,1,0.1
boruta_rf,random_bank_rep_01,RNA::DNALI1,1,0.1
boruta_rf,random_bank_rep_01,RNA::DPYD,1,0.1
boruta_rf,random_bank_rep_01,RNA::DST,1,0.1
boruta_rf,random_bank_rep_01,RNA::DYNC1H1,3,0.3
boruta_rf,random_bank_rep_01,RNA::DYNC1I2,1,0.1
boruta_rf,random_bank_rep_01,RNA::EDARADD,2,0.2
boruta_rf,random_bank_rep_01,RNA::EEF1A1P9,1,0.1
boruta_rf,random_bank_rep_01,RNA::FAM71D,2,0.2
boruta_rf,random_bank_rep_01,RNA::FAM90A7,4,0.4
boruta_rf,random_bank_rep_01,RNA::FTHL3,3,0.3
boruta_rf,random_bank_rep_01,RNA::GBAP1,1,0.1
boruta_rf,random_bank_rep_01,RNA::GCSH,3,0.3
boruta_rf,random_bank_rep_01,RNA::GNAO1,1,0.1
boruta_rf,random_bank_rep_01,RNA::GPN1,1,0.1
boruta_rf,random_bank_rep_01,RNA::GPX7,2,0.2
boruta_rf,random_bank_rep_01,RNA::GTF2F2,1,0.1
boruta_rf,random_bank_rep_01,RNA::GUSBL1,1,0.1
boruta_rf,random_bank_rep_01,RNA::H3F3C,1,0.1
boruta_rf,random_bank_rep_01,RNA::HERC2,1,0.1
boruta_rf,random_bank_rep_01,RNA::HIST1H2BE,1,0.1
boruta_rf,random_bank_rep_01,RNA::HMGN5,2,0.2
boruta_rf,random_bank_rep_01,RNA::HNRNPA3P1,2,0.2
boruta_rf,random_bank_rep_01,RNA::HTATSF1,1,0.1
boruta_rf,random_bank_rep_01,RNA::IFNGR2,1,0.1
boruta_rf,random_bank_rep_01,RNA::IGFBP2,1,0.1
boruta_rf,random_bank_rep_01,RNA::IKBIP,1,0.1
boruta_rf,random_bank_rep_01,RNA::IRF2,1,0.1
boruta_rf,random_bank_rep_01,RNA::KDELR1,1,0.1
boruta_rf,random_bank_rep_01,RNA::KDELR2,1,0.1
boruta_rf,random_bank_rep_01,RNA::KIAA1409,3,0.3
boruta_rf,random_bank_rep_01,RNA::KTI12,1,0.1
boruta_rf,random_bank_rep_01,RNA::LOC100130776,2,0.2
boruta_rf,random_bank_rep_01,RNA::LOC284232,2,0.2
boruta_rf,random_bank_rep_01,RNA::LOC341056,2,0.2
boruta_rf,random_bank_rep_01,RNA::LOC399744,1,0.1
boruta_rf,random_bank_rep_01,RNA::LOC407835,2,0.2
boruta_rf,random_bank_rep_01,RNA::LOC442454,2,0.2
boruta_rf,random_bank_rep_01,RNA::LOC541471,3,0.3
boruta_rf,random_bank_rep_01,RNA::LOC643387,1,0.1
boruta_rf,random_bank_rep_01,RNA::LOC645332,1,0.1
boruta_rf,random_bank_rep_01,RNA::LOC650368,1,0.1
boruta_rf,random_bank_rep_01,RNA::LOC728643,2,0.2
boruta_rf,random_bank_rep_01,RNA::LRRC37A4,1,0.1
boruta_rf,random_bank_rep_01,RNA::LRRC42,2,0.2
boruta_rf,random_bank_rep_01,RNA::LYPLA1,3,0.3
boruta_rf,random_bank_rep_01,RNA::MADD,1,0.1
boruta_rf,random_bank_rep_01,RNA::MFSD2B,1,0.1
boruta_rf,random_bank_rep_01,RNA::MICAL3,1,0.1
boruta_rf,random_bank_rep_01,RNA::MPRIP,1,0.1
boruta_rf,random_bank_rep_01,RNA::MYO18A,1,0.1
boruta_rf,random_bank_rep_01,RNA::NACAP1,2,0.2
boruta_rf,random_bank_rep_01,RNA::NADK,2,0.2
boruta_rf,random_bank_rep_01,RNA::NALCN,1,0.1
boruta_rf,random_bank_rep_01,RNA::NBPF7,1,0.1
boruta_rf,random_bank_rep_01,RNA::NCRNA00152,1,0.1
boruta_rf,random_bank_rep_01,RNA::NFIA,1,0.1
boruta_rf,random_bank_rep_01,RNA::OSTC,3,0.3
boruta_rf,random_bank_rep_01,RNA::PA2G4P4,2,0.2
boruta_rf,random_bank_rep_01,RNA::PAIP1,1,0.1
boruta_rf,random_bank_rep_01,RNA::PCBP3,2,0.2
boruta_rf,random_bank_rep_01,RNA::PIGC,2,0.2
boruta_rf,random_bank_rep_01,RNA::PIP4K2B,1,0.1
boruta_rf,random_bank_rep_01,RNA::PMS2L2,2,0.2
boruta_rf,random_bank_rep_01,RNA::PNPLA1,2,0.2
boruta_rf,random_bank_rep_01,RNA::PPIA,3,0.3
boruta_rf,random_bank_rep_01,RNA::PRDX4,2,0.2
boruta_rf,random_bank_rep_01,RNA::PRKCA,1,0.1
boruta_rf,random_bank_rep_01,RNA::PTTG1,1,0.1
boruta_rf,random_bank_rep_01,RNA::RAB6C,2,0.2
boruta_rf,random_bank_rep_01,RNA::RAN,1,0.1
boruta_rf,random_bank_rep_01,RNA::RPF1,1,0.1
boruta_rf,random_bank_rep_01,RNA::RPL12,2,0.2
boruta_rf,random_bank_rep_01,RNA::RPL13AP3,4,0.4
boruta_rf,random_bank_rep_01,RNA::RPL23P8,2,0.2
boruta_rf,random_bank_rep_01,RNA::RPS27A,1,0.1
boruta_rf,random_bank_rep_01,RNA::SDF4,1,0.1
boruta_rf,random_bank_rep_01,RNA::SPCS2,1,0.1
boruta_rf,random_bank_rep_01,RNA::SPTAN1,1,0.1
boruta_rf,random_bank_rep_01,RNA::SUMO1P3,2,0.2
boruta_rf,random_bank_rep_01,RNA::SYT11,1,0.1
boruta_rf,random_bank_rep_01,RNA::TXLNA,1,0.1
boruta_rf,random_bank_rep_02,RNA::AARS,1,0.1
boruta_rf,random_bank_rep_02,RNA::ABLIM1,1,0.1
boruta_rf,random_bank_rep_02,RNA::ACBD5,1,0.1
boruta_rf,random_bank_rep_02,RNA::ACTL6A,1,0.1
boruta_rf,random_bank_rep_02,RNA::AK2,2,0.2
boruta_rf,random_bank_rep_02,RNA::AKAP6,1,0.1
boruta_rf,random_bank_rep_02,RNA::ANXA2P1,2,0.2
boruta_rf,random_bank_rep_02,RNA::ASAP3,4,0.4
boruta_rf,random_bank_rep_02,RNA::ATP5EP2,1,0.1
boruta_rf,random_bank_rep_02,RNA::ATP6V1C2,1,0.1
boruta_rf,random_bank_rep_02,RNA::ATP8B5P,4,0.4
boruta_rf,random_bank_rep_02,RNA::ATP9A,1,0.1
boruta_rf,random_bank_rep_02,RNA::BRD7,1,0.1
boruta_rf,random_bank_rep_02,RNA::C12orf48,1,0.1
boruta_rf,random_bank_rep_02,RNA::C15orf21,2,0.2
boruta_rf,random_bank_rep_02,RNA::C1orf116,2,0.2
boruta_rf,random_bank_rep_02,RNA::C1orf144,2,0.2
boruta_rf,random_bank_rep_02,RNA::C22orf46,1,0.1
boruta_rf,random_bank_rep_02,RNA::C2orf28,1,0.1
boruta_rf,random_bank_rep_02,RNA::C3orf38,1,0.1
boruta_rf,random_bank_rep_02,RNA::CASP3,1,0.1
boruta_rf,random_bank_rep_02,RNA::CASP6,2,0.2
boruta_rf,random_bank_rep_02,RNA::CCDC109B,2,0.2
boruta_rf,random_bank_rep_02,RNA::CDC26,5,0.5
boruta_rf,random_bank_rep_02,RNA::CEP170L,2,0.2
boruta_rf,random_bank_rep_02,RNA::CLIC1,1,0.1
boruta_rf,random_bank_rep_02,RNA::CNPY3,1,0.1
boruta_rf,random_bank_rep_02,RNA::COMMD10,3,0.3
boruta_rf,random_bank_rep_02,RNA::CPEB3,2,0.2
boruta_rf,random_bank_rep_02,RNA::CTCFL,1,0.1
boruta_rf,random_bank_rep_02,RNA::DGCR2,1,0.1
boruta_rf,random_bank_rep_02,RNA::DNALI1,1,0.1
boruta_rf,random_bank_rep_02,RNA::DOCK7,4,0.4
boruta_rf,random_bank_rep_02,RNA::DYNC1H1,3,0.3
boruta_rf,random_bank_rep_02,RNA::DYNC1I2,1,0.1
boruta_rf,random_bank_rep_02,RNA::EDARADD,3,0.3
boruta_rf,random_bank_rep_02,RNA::EEF1A1P9,2,0.2
boruta_rf,random_bank_rep_02,RNA::EIF3A,2,0.2
boruta_rf,random_bank_rep_02,RNA::ERP44,1,0.1
boruta_rf,random_bank_rep_02,RNA::FAM71D,2,0.2
boruta_rf,random_bank_rep_02,RNA::FAM90A7,4,0.4
boruta_rf,random_bank_rep_02,RNA::FSTL5,1,0.1
boruta_rf,random_bank_rep_02,RNA::FTHL3,2,0.2
boruta_rf,random_bank_rep_02,RNA::GBAP1,2,0.2
boruta_rf,random_bank_rep_02,RNA::GCSH,2,0.2
boruta_rf,random_bank_rep_02,RNA::GGTLC1,2,0.2
boruta_rf,random_bank_rep_02,RNA::GNG5,1,0.1
boruta_rf,random_bank_rep_02,RNA::GPN1,2,0.2
boruta_rf,random_bank_rep_02,RNA::GPR179,1,0.1
boruta_rf,random_bank_rep_02,RNA::GUSBL1,1,0.1
boruta_rf,random_bank_rep_02,RNA::H3F3C,4,0.4
boruta_rf,random_bank_rep_02,RNA::HERC2,1,0.1
boruta_rf,random_bank_rep_02,RNA::HIST1H1C,1,0.1
boruta_rf,random_bank_rep_02,RNA::HNRNPA3P1,3,0.3
boruta_rf,random_bank_rep_02,RNA::IFNGR2,1,0.1
boruta_rf,random_bank_rep_02,RNA::KIAA0427,1,0.1
boruta_rf,random_bank_rep_02,RNA::KTI12,1,0.1
boruta_rf,random_bank_rep_02,RNA::LDHA,3,0.3
boruta_rf,random_bank_rep_02,RNA::LOC100130776,2,0.2
boruta_rf,random_bank_rep_02,RNA::LOC284232,2,0.2
boruta_rf,random_bank_rep_02,RNA::LOC341056,2,0.2
boruta_rf,random_bank_rep_02,RNA::LOC407835,2,0.2
boruta_rf,random_bank_rep_02,RNA::LOC442454,1,0.1
boruta_rf,random_bank_rep_02,RNA::LOC541471,1,0.1
boruta_rf,random_bank_rep_02,RNA::LOC643387,5,0.5
boruta_rf,random_bank_rep_02,RNA::LOC644936,2,0.2
boruta_rf,random_bank_rep_02,RNA::LOC728643,1,0.1
boruta_rf,random_bank_rep_02,RNA::LOC728758,1,0.1
boruta_rf,random_bank_rep_02,RNA::LRRC42,2,0.2
boruta_rf,random_bank_rep_02,RNA::LRRTM4,3,0.3
boruta_rf,random_bank_rep_02,RNA::LSM14A,2,0.2
boruta_rf,random_bank_rep_02,RNA::MAGOH,1,0.1
boruta_rf,random_bank_rep_02,RNA::MFSD2B,2,0.2
boruta_rf,random_bank_rep_02,RNA::MICAL3,2,0.2
boruta_rf,random_bank_rep_02,RNA::MLLT6,1,0.1
boruta_rf,random_bank_rep_02,RNA::MPRIP,2,0.2
boruta_rf,random_bank_rep_02,RNA::MYH6,2,0.2
boruta_rf,random_bank_rep_02,RNA::NACA2,1,0.1
boruta_rf,random_bank_rep_02,RNA::NACAP1,1,0.1
boruta_rf,random_bank_rep_02,RNA::NADK,1,0.1
boruta_rf,random_bank_rep_02,RNA::NALCN,2,0.2
boruta_rf,random_bank_rep_02,RNA::NCRNA00152,2,0.2
boruta_rf,random_bank_rep_02,RNA::NOX4,2,0.2
boruta_rf,random_bank_rep_02,RNA::NPLOC4,1,0.1
boruta_rf,random_bank_rep_02,RNA::NUP37,1,0.1
boruta_rf,random_bank_rep_02,RNA::OPN1SW,1,0.1
boruta_rf,random_bank_rep_02,RNA::OSTC,3,0.3
boruta_rf,random_bank_rep_02,RNA::PA2G4P4,1,0.1
boruta_rf,random_bank_rep_02,RNA::PAIP1,1,0.1
boruta_rf,random_bank_rep_02,RNA::PCBP3,1,0.1
boruta_rf,random_bank_rep_02,RNA::PDPN,1,0.1
boruta_rf,random_bank_rep_02,RNA::PIGC,1,0.1
boruta_rf,random_bank_rep_02,RNA::PMS2L2,1,0.1
boruta_rf,random_bank_rep_02,RNA::PPIA,1,0.1
boruta_rf,random_bank_rep_02,RNA::PPIAL4C,2,0.2
boruta_rf,random_bank_rep_02,RNA::RAB6C,3,0.3
boruta_rf,random_bank_rep_02,RNA::RAP1B,1,0.1
boruta_rf,random_bank_rep_02,RNA::RASGRF1,1,0.1
boruta_rf,random_bank_rep_02,RNA::REXO2,1,0.1
boruta_rf,random_bank_rep_02,RNA::RPL13AP3,1,0.1
boruta_rf,random_bank_rep_02,RNA::RPL17,1,0.1
boruta_rf,random_bank_rep_02,RNA::RPS2P32,1,0.1
boruta_rf,random_bank_rep_02,RNA::RUSC2,1,0.1
boruta_rf,random_bank_rep_02,RNA::S100A10,1,0.1
boruta_rf,random_bank_rep_02,RNA::SNRNP40,1,0.1
boruta_rf,random_bank_rep_02,RNA::SNX3,1,0.1
boruta_rf,random_bank_rep_02,RNA::SPCS2,1,0.1
boruta_rf,random_bank_rep_02,RNA::SYNPO2,1,0.1
boruta_rf,random_bank_rep_02,RNA::UPF2,1,0.1
boruta_rf,random_bank_rep_03,RNA::ACBD5,1,0.1
boruta_rf,random_bank_rep_03,RNA::ACTL6A,2,0.2
boruta_rf,random_bank_rep_03,RNA::AK2,2,0.2
boruta_rf,random_bank_rep_03,RNA::AKAP6,1,0.1
boruta_rf,random_bank_rep_03,RNA::ANXA2P1,2,0.2
boruta_rf,random_bank_rep_03,RNA::ASAP3,3,0.3
boruta_rf,random_bank_rep_03,RNA::ATP5EP2,1,0.1
boruta_rf,random_bank_rep_03,RNA::ATP6V1C2,2,0.2
boruta_rf,random_bank_rep_03,RNA::ATP8B5P,3,0.3
boruta_rf,random_bank_rep_03,RNA::ATP9A,1,0.1
boruta_rf,random_bank_rep_03,RNA::BAGE2,1,0.1
boruta_rf,random_bank_rep_03,RNA::BFAR,1,0.1
boruta_rf,random_bank_rep_03,RNA::BOD1,1,0.1
boruta_rf,random_bank_rep_03,RNA::BRD7,3,0.3
boruta_rf,random_bank_rep_03,RNA::BZW1,2,0.2
boruta_rf,random_bank_rep_03,RNA::C12orf48,1,0.1
boruta_rf,random_bank_rep_03,RNA::C15orf21,1,0.1
boruta_rf,random_bank_rep_03,RNA::C1orf144,1,0.1
boruta_rf,random_bank_rep_03,RNA::C3orf38,2,0.2
boruta_rf,random_bank_rep_03,RNA::CA9,1,0.1
boruta_rf,random_bank_rep_03,RNA::CASP6,4,0.4
boruta_rf,random_bank_rep_03,RNA::CCDC109B,4,0.4
boruta_rf,random_bank_rep_03,RNA::CD248,1,0.1
boruta_rf,random_bank_rep_03,RNA::CDC26,2,0.2
boruta_rf,random_bank_rep_03,RNA::CDKN3,1,0.1
boruta_rf,random_bank_rep_03,RNA::CENPA,1,0.1
boruta_rf,random_bank_rep_03,RNA::CEP170L,2,0.2
boruta_rf,random_bank_rep_03,RNA::CKLF,2,0.2
boruta_rf,random_bank_rep_03,RNA::CLIC1,1,0.1
boruta_rf,random_bank_rep_03,RNA::CNN3,1,0.1
boruta_rf,random_bank_rep_03,RNA::COMMD10,1,0.1
boruta_rf,random_bank_rep_03,RNA::CPEB3,1,0.1
boruta_rf,random_bank_rep_03,RNA::DCUN1D5,1,0.1
boruta_rf,random_bank_rep_03,RNA::DDOST,2,0.2
boruta_rf,random_bank_rep_03,RNA::DEPDC1,1,0.1
boruta_rf,random_bank_rep_03,RNA::DIP2C,1,0.1
boruta_rf,random_bank_rep_03,RNA::DNALI1,1,0.1
boruta_rf,random_bank_rep_03,RNA::DOCK7,3,0.3
boruta_rf,random_bank_rep_03,RNA::DST,1,0.1
boruta_rf,random_bank_rep_03,RNA::DSTYK,1,0.1
boruta_rf,random_bank_rep_03,RNA::DTX4,1,0.1
boruta_rf,random_bank_rep_03,RNA::DYNC1H1,4,0.4
boruta_rf,random_bank_rep_03,RNA::EDARADD,1,0.1
boruta_rf,random_bank_rep_03,RNA::EEF1A1P9,3,0.3
boruta_rf,random_bank_rep_03,RNA::EXTL3,1,0.1
boruta_rf,random_bank_rep_03,RNA::FAM120AOS,1,0.1
boruta_rf,random_bank_rep_03,RNA::FAM71D,2,0.2
boruta_rf,random_bank_rep_03,RNA::FAM90A7,3,0.3
boruta_rf,random_bank_rep_03,RNA::FTHL3,3,0.3
boruta_rf,random_bank_rep_03,RNA::GBAP1,2,0.2
boruta_rf,random_bank_rep_03,RNA::GCSH,2,0.2
boruta_rf,random_bank_rep_03,RNA::GGTLC1,2,0.2
boruta_rf,random_bank_rep_03,RNA::GNAI3,1,0.1
boruta_rf,random_bank_rep_03,RNA::GPR179,1,0.1
boruta_rf,random_bank_rep_03,RNA::GPX7,4,0.4
boruta_rf,random_bank_rep_03,RNA::GUSBL1,3,0.3
boruta_rf,random_bank_rep_03,RNA::H3F3C,1,0.1
boruta_rf,random_bank_rep_03,RNA::HDAC1,2,0.2
boruta_rf,random_bank_rep_03,RNA::HDAC3,1,0.1
boruta_rf,random_bank_rep_03,RNA::HMGN5,1,0.1
boruta_rf,random_bank_rep_03,RNA::HNRNPA3P1,2,0.2
boruta_rf,random_bank_rep_03,RNA::HSPA12B,1,0.1
boruta_rf,random_bank_rep_03,RNA::ID4,1,0.1
boruta_rf,random_bank_rep_03,RNA::IFNGR2,2,0.2
boruta_rf,random_bank_rep_03,RNA::KDELR2,1,0.1
boruta_rf,random_bank_rep_03,RNA::KIAA0427,2,0.2
boruta_rf,random_bank_rep_03,RNA::KIAA1409,2,0.2
boruta_rf,random_bank_rep_03,RNA::KIF4B,1,0.1
boruta_rf,random_bank_rep_03,RNA::LDHA,1,0.1
boruta_rf,random_bank_rep_03,RNA::LOC100130776,1,0.1
boruta_rf,random_bank_rep_03,RNA::LOC341056,2,0.2
boruta_rf,random_bank_rep_03,RNA::LOC407835,1,0.1
boruta_rf,random_bank_rep_03,RNA::LOC442454,1,0.1
boruta_rf,random_bank_rep_03,RNA::LOC541471,2,0.2
boruta_rf,random_bank_rep_03,RNA::LOC643387,4,0.4
boruta_rf,random_bank_rep_03,RNA::LOC728643,2,0.2
boruta_rf,random_bank_rep_03,RNA::LRRC37A4,1,0.1
boruta_rf,random_bank_rep_03,RNA::LRRC42,2,0.2
boruta_rf,random_bank_rep_03,RNA::LRRTM4,2,0.2
boruta_rf,random_bank_rep_03,RNA::LSM14A,1,0.1
boruta_rf,random_bank_rep_03,RNA::MADD,1,0.1
boruta_rf,random_bank_rep_03,RNA::MFSD2B,4,0.4
boruta_rf,random_bank_rep_03,RNA::MICAL3,1,0.1
boruta_rf,random_bank_rep_03,RNA::MLLT6,1,0.1
boruta_rf,random_bank_rep_03,RNA::MPRIP,2,0.2
boruta_rf,random_bank_rep_03,RNA::MYO18A,2,0.2
boruta_rf,random_bank_rep_03,RNA::NADK,1,0.1
boruta_rf,random_bank_rep_03,RNA::NCRNA00152,1,0.1
boruta_rf,random_bank_rep_03,RNA::NFIA,1,0.1
boruta_rf,random_bank_rep_03,RNA::NUP37,1,0.1
boruta_rf,random_bank_rep_03,RNA::OSTC,1,0.1
boruta_rf,random_bank_rep_03,RNA::PAIP1,2,0.2
boruta_rf,random_bank_rep_03,RNA::PIGC,1,0.1
boruta_rf,random_bank_rep_03,RNA::PIP4K2B,1,0.1
boruta_rf,random_bank_rep_03,RNA::PPIA,3,0.3
boruta_rf,random_bank_rep_03,RNA::PPIAL4C,2,0.2
boruta_rf,random_bank_rep_03,RNA::PRDX4,1,0.1
boruta_rf,random_bank_rep_03,RNA::PRKCG,1,0.1
boruta_rf,random_bank_rep_03,RNA::PRMT6,1,0.1
boruta_rf,random_bank_rep_03,RNA::PVT1,2,0.2
boruta_rf,random_bank_rep_03,RNA::RAB6C,3,0.3
boruta_rf,random_bank_rep_03,RNA::RAP1B,1,0.1
boruta_rf,random_bank_rep_03,RNA::RGPD4,1,0.1
boruta_rf,random_bank_rep_03,RNA::RPF1,1,0.1
boruta_rf,random_bank_rep_03,RNA::RPL12,1,0.1
boruta_rf,random_bank_rep_03,RNA::RPL13AP3,1,0.1
boruta_rf,random_bank_rep_03,RNA::RPL17,2,0.2
boruta_rf,random_bank_rep_03,RNA::S100A10,1,0.1
boruta_rf,random_bank_rep_03,RNA::SCP2,1,0.1
boruta_rf,random_bank_rep_03,RNA::SHQ1,1,0.1
boruta_rf,random_bank_rep_03,RNA::SPCS2,1,0.1
boruta_rf,random_bank_rep_03,RNA::SUMO1P3,1,0.1
boruta_rf,random_bank_rep_04,RNA::ACBD5,2,0.2
boruta_rf,random_bank_rep_04,RNA::AK2,1,0.1
boruta_rf,random_bank_rep_04,RNA::AKAP6,2,0.2
boruta_rf,random_bank_rep_04,RNA::ANXA2P1,3,0.3
boruta_rf,random_bank_rep_04,RNA::ARF4,1,0.1
boruta_rf,random_bank_rep_04,RNA::ASAP3,3,0.3
boruta_rf,random_bank_rep_04,RNA::ATP6V1C2,4,0.4
boruta_rf,random_bank_rep_04,RNA::ATP8B5P,2,0.2
boruta_rf,random_bank_rep_04,RNA::BFAR,1,0.1
boruta_rf,random_bank_rep_04,RNA::BRD7,2,0.2
boruta_rf,random_bank_rep_04,RNA::BZW1,1,0.1
boruta_rf,random_bank_rep_04,RNA::C12orf48,2,0.2
boruta_rf,random_bank_rep_04,RNA::C12orf51,1,0.1
boruta_rf,random_bank_rep_04,RNA::C15orf21,2,0.2
boruta_rf,random_bank_rep_04,RNA::C1orf116,1,0.1
boruta_rf,random_bank_rep_04,RNA::C1orf144,2,0.2
boruta_rf,random_bank_rep_04,RNA::C3orf38,2,0.2
boruta_rf,random_bank_rep_04,RNA::CA9,1,0.1
boruta_rf,random_bank_rep_04,RNA::CARD8,1,0.1
boruta_rf,random_bank_rep_04,RNA::CASP4,1,0.1
boruta_rf,random_bank_rep_04,RNA::CASP6,2,0.2
boruta_rf,random_bank_rep_04,RNA::CCDC109B,1,0.1
boruta_rf,random_bank_rep_04,RNA::CDC26,2,0.2
boruta_rf,random_bank_rep_04,RNA::CEP170L,1,0.1
boruta_rf,random_bank_rep_04,RNA::CKLF,2,0.2
boruta_rf,random_bank_rep_04,RNA::CLIC1,2,0.2
boruta_rf,random_bank_rep_04,RNA::CMC1,2,0.2
boruta_rf,random_bank_rep_04,RNA::CNN3,1,0.1
boruta_rf,random_bank_rep_04,RNA::COMMD10,1,0.1
boruta_rf,random_bank_rep_04,RNA::CPEB3,3,0.3
boruta_rf,random_bank_rep_04,RNA::DDOST,2,0.2
boruta_rf,random_bank_rep_04,RNA::DNALI1,1,0.1
boruta_rf,random_bank_rep_04,RNA::DST,2,0.2
boruta_rf,random_bank_rep_04,RNA::DSTYK,1,0.1
boruta_rf,random_bank_rep_04,RNA::DYNC1H1,5,0.5
boruta_rf,random_bank_rep_04,RNA::EDEM2,1,0.1
boruta_rf,random_bank_rep_04,RNA::EEF1A1P9,2,0.2
boruta_rf,random_bank_rep_04,RNA::ERI1,1,0.1
boruta_rf,random_bank_rep_04,RNA::ERP44,1,0.1
boruta_rf,random_bank_rep_04,RNA::FAM120AOS,1,0.1
boruta_rf,random_bank_rep_04,RNA::FAM71D,4,0.4
boruta_rf,random_bank_rep_04,RNA::FAM90A7,1,0.1
boruta_rf,random_bank_rep_04,RNA::FSTL5,1,0.1
boruta_rf,random_bank_rep_04,RNA::FTHL3,2,0.2
boruta_rf,random_bank_rep_04,RNA::GBAP1,1,0.1
boruta_rf,random_bank_rep_04,RNA::GCSH,1,0.1
boruta_rf,random_bank_rep_04,RNA::GGTLC1,3,0.3
boruta_rf,random_bank_rep_04,RNA::GPN1,3,0.3
boruta_rf,random_bank_rep_04,RNA::GPR137C,1,0.1
boruta_rf,random_bank_rep_04,RNA::GPR179,1,0.1
boruta_rf,random_bank_rep_04,RNA::GPX7,2,0.2
boruta_rf,random_bank_rep_04,RNA::GUSBL1,1,0.1
boruta_rf,random_bank_rep_04,RNA::H3F3C,1,0.1
boruta_rf,random_bank_rep_04,RNA::HDAC1,1,0.1
boruta_rf,random_bank_rep_04,RNA::HERC2,2,0.2
boruta_rf,random_bank_rep_04,RNA::HIST1H2BE,1,0.1
boruta_rf,random_bank_rep_04,RNA::HNRNPA3P1,2,0.2
boruta_rf,random_bank_rep_04,RNA::HNRNPUL2,1,0.1
boruta_rf,random_bank_rep_04,RNA::HTATSF1,2,0.2
boruta_rf,random_bank_rep_04,RNA::IRF2,1,0.1
boruta_rf,random_bank_rep_04,RNA::KIAA0427,1,0.1
boruta_rf,random_bank_rep_04,RNA::LDHA,1,0.1
boruta_rf,random_bank_rep_04,RNA::LOC284232,2,0.2
boruta_rf,random_bank_rep_04,RNA::LOC341056,3,0.3
boruta_rf,random_bank_rep_04,RNA::LOC407835,1,0.1
boruta_rf,random_bank_rep_04,RNA::LOC442454,4,0.4
boruta_rf,random_bank_rep_04,RNA::LOC541471,2,0.2
boruta_rf,random_bank_rep_04,RNA::LOC643387,2,0.2
boruta_rf,random_bank_rep_04,RNA::LOC644936,1,0.1
boruta_rf,random_bank_rep_04,RNA::LOC728643,3,0.3
boruta_rf,random_bank_rep_04,RNA::LOC728758,1,0.1
boruta_rf,random_bank_rep_04,RNA::LOX,2,0.2
boruta_rf,random_bank_rep_04,RNA::LRRC37A4,4,0.4
boruta_rf,random_bank_rep_04,RNA::LRRC42,2,0.2
boruta_rf,random_bank_rep_04,RNA::LRRTM4,1,0.1
boruta_rf,random_bank_rep_04,RNA::LSM14A,1,0.1
boruta_rf,random_bank_rep_04,RNA::LYPLA1,1,0.1
boruta_rf,random_bank_rep_04,RNA::MAGOH,1,0.1
boruta_rf,random_bank_rep_04,RNA::MFSD2B,2,0.2
boruta_rf,random_bank_rep_04,RNA::MICAL3,2,0.2
boruta_rf,random_bank_rep_04,RNA::MPRIP,1,0.1
boruta_rf,random_bank_rep_04,RNA::MYO18A,1,0.1
boruta_rf,random_bank_rep_04,RNA::NACA2,1,0.1
boruta_rf,random_bank_rep_04,RNA::NADK,1,0.1
boruta_rf,random_bank_rep_04,RNA::NALCN,1,0.1
boruta_rf,random_bank_rep_04,RNA::NBPF7,1,0.1
boruta_rf,random_bank_rep_04,RNA::NCRNA00152,1,0.1
boruta_rf,random_bank_rep_04,RNA::NFIA,4,0.4
boruta_rf,random_bank_rep_04,RNA::NOX4,1,0.1
boruta_rf,random_bank_rep_04,RNA::NUP37,2,0.2
boruta_rf,random_bank_rep_04,RNA::OSTC,1,0.1
boruta_rf,random_bank_rep_04,RNA::PCNA,1,0.1
boruta_rf,random_bank_rep_04,RNA::PDCD5,1,0.1
boruta_rf,random_bank_rep_04,RNA::PIGC,1,0.1
boruta_rf,random_bank_rep_04,RNA::PIP4K2B,1,0.1
boruta_rf,random_bank_rep_04,RNA::PMS2L2,2,0.2
boruta_rf,random_bank_rep_04,RNA::PPIA,1,0.1
boruta_rf,random_bank_rep_04,RNA::PPIAL4C,1,0.1
boruta_rf,random_bank_rep_04,RNA::PRKCG,1,0.1
boruta_rf,random_bank_rep_04,RNA::RAB6C,3,0.3
boruta_rf,random_bank_rep_04,RNA::RAN,2,0.2
boruta_rf,random_bank_rep_04,RNA::REXO2,1,0.1
boruta_rf,random_bank_rep_04,RNA::RGPD4,1,0.1
boruta_rf,random_bank_rep_04,RNA::RPL12,1,0.1
boruta_rf,random_bank_rep_04,RNA::RPL13A,1,0.1
boruta_rf,random_bank_rep_04,RNA::RPL23P8,1,0.1
boruta_rf,random_bank_rep_04,RNA::RPS2P32,1,0.1
boruta_rf,random_bank_rep_04,RNA::SDF4,1,0.1
boruta_rf,random_bank_rep_04,RNA::SFRS4,1,0.1
boruta_rf,random_bank_rep_04,RNA::SLC6A10P,1,0.1
boruta_rf,random_bank_rep_04,RNA::SPTAN1,1,0.1
boruta_rf,random_bank_rep_04,RNA::TNRC6C,1,0.1
boruta_rf,random_bank_rep_04,RNA::TOR1A,1,0.1
boruta_rf,random_bank_rep_04,RNA::ZNF207,1,0.1
boruta_rf,random_bank_rep_05,RNA::ACTR3,1,0.1
boruta_rf,random_bank_rep_05,RNA::ANXA2P1,2,0.2
boruta_rf,random_bank_rep_05,RNA::ASAP3,4,0.4
boruta_rf,random_bank_rep_05,RNA::ATP5EP2,1,0.1
boruta_rf,random_bank_rep_05,RNA::ATP8B5P,1,0.1
boruta_rf,random_bank_rep_05,RNA::BAGE2,2,0.2
boruta_rf,random_bank_rep_05,RNA::BFAR,1,0.1
boruta_rf,random_bank_rep_05,RNA::BOD1,1,0.1
boruta_rf,random_bank_rep_05,RNA::BRD7,1,0.1
boruta_rf,random_bank_rep_05,RNA::BZW1,2,0.2
boruta_rf,random_bank_rep_05,RNA::C12orf51,1,0.1
boruta_rf,random_bank_rep_05,RNA::C15orf21,1,0.1
boruta_rf,random_bank_rep_05,RNA::C1orf144,1,0.1
boruta_rf,random_bank_rep_05,RNA::C2orf28,1,0.1
boruta_rf,random_bank_rep_05,RNA::C3orf38,1,0.1
boruta_rf,random_bank_rep_05,RNA::C5orf53,1,0.1
boruta_rf,random_bank_rep_05,RNA::CASP6,1,0.1
boruta_rf,random_bank_rep_05,RNA::CD151,1,0.1
boruta_rf,random_bank_rep_05,RNA::CD58,1,0.1
boruta_rf,random_bank_rep_05,RNA::CDC26,4,0.4
boruta_rf,random_bank_rep_05,RNA::CDKN3,1,0.1
boruta_rf,random_bank_rep_05,RNA::CENPL,1,0.1
boruta_rf,random_bank_rep_05,RNA::CEP170L,1,0.1
boruta_rf,random_bank_rep_05,RNA::CHGB,1,0.1
boruta_rf,random_bank_rep_05,RNA::CLIC1,2,0.2
boruta_rf,random_bank_rep_05,RNA::CMC1,1,0.1
boruta_rf,random_bank_rep_05,RNA::CNIH4,1,0.1
boruta_rf,random_bank_rep_05,RNA::CNN3,1,0.1
boruta_rf,random_bank_rep_05,RNA::COMMD10,1,0.1
boruta_rf,random_bank_rep_05,RNA::CTCFL,2,0.2
boruta_rf,random_bank_rep_05,RNA::DDOST,1,0.1
boruta_rf,random_bank_rep_05,RNA::DEPDC1,1,0.1
boruta_rf,random_bank_rep_05,RNA::DNALI1,1,0.1
boruta_rf,random_bank_rep_05,RNA::DOCK7,2,0.2
boruta_rf,random_bank_rep_05,RNA::DST,2,0.2
boruta_rf,random_bank_rep_05,RNA::DSTYK,2,0.2
boruta_rf,random_bank_rep_05,RNA::DTYMK,1,0.1
boruta_rf,random_bank_rep_05,RNA::DYNC1H1,3,0.3
boruta_rf,random_bank_rep_05,RNA::DYNC1I2,1,0.1
boruta_rf,random_bank_rep_05,RNA::EDARADD,3,0.3
boruta_rf,random_bank_rep_05,RNA::EXTL3,1,0.1
boruta_rf,random_bank_rep_05,RNA::FAM120AOS,1,0.1
boruta_rf,random_bank_rep_05,RNA::FAM71D,2,0.2
boruta_rf,random_bank_rep_05,RNA::FAM90A7,1,0.1
boruta_rf,random_bank_rep_05,RNA::FTHL3,2,0.2
boruta_rf,random_bank_rep_05,RNA::GBAP1,2,0.2
boruta_rf,random_bank_rep_05,RNA::GCSH,3,0.3
boruta_rf,random_bank_rep_05,RNA::GGTLC1,1,0.1
boruta_rf,random_bank_rep_05,RNA::GPR137C,1,0.1
boruta_rf,random_bank_rep_05,RNA::GPX7,2,0.2
boruta_rf,random_bank_rep_05,RNA::GUSB,1,0.1
boruta_rf,random_bank_rep_05,RNA::H3F3C,1,0.1
boruta_rf,random_bank_rep_05,RNA::HDAC1,1,0.1
boruta_rf,random_bank_rep_05,RNA::HERC2,1,0.1
boruta_rf,random_bank_rep_05,RNA::HIPK2,1,0.1
boruta_rf,random_bank_rep_05,RNA::HIST1H2BE,1,0.1
boruta_rf,random_bank_rep_05,RNA::HNRNPA3P1,3,0.3
boruta_rf,random_bank_rep_05,RNA::HNRNPUL2,1,0.1
boruta_rf,random_bank_rep_05,RNA::HTATSF1,1,0.1
boruta_rf,random_bank_rep_05,RNA::KDELR1,1,0.1
boruta_rf,random_bank_rep_05,RNA::KIAA0427,2,0.2
boruta_rf,random_bank_rep_05,RNA::KIAA1409,1,0.1
boruta_rf,random_bank_rep_05,RNA::KIF3A,1,0.1
boruta_rf,random_bank_rep_05,RNA::KTI12,1,0.1
boruta_rf,random_bank_rep_05,RNA::LDHA,1,0.1
boruta_rf,random_bank_rep_05,RNA::LNPEP,1,0.1
boruta_rf,random_bank_rep_05,RNA::LOC341056,1,0.1
boruta_rf,random_bank_rep_05,RNA::LOC389705,1,0.1
boruta_rf,random_bank_rep_05,RNA::LOC399744,1,0.1
boruta_rf,random_bank_rep_05,RNA::LOC407835,2,0.2
boruta_rf,random_bank_rep_05,RNA::LOC442454,3,0.3
boruta_rf,random_bank_rep_05,RNA::LOC541471,1,0.1
boruta_rf,random_bank_rep_05,RNA::LOC643387,2,0.2
boruta_rf,random_bank_rep_05,RNA::LOC644936,1,0.1
boruta_rf,random_bank_rep_05,RNA::LOC728643,2,0.2
boruta_rf,random_bank_rep_05,RNA::LOX,1,0.1
boruta_rf,random_bank_rep_05,RNA::LRRC37A4,1,0.1
boruta_rf,random_bank_rep_05,RNA::LRRC42,1,0.1
boruta_rf,random_bank_rep_05,RNA::LRRTM4,1,0.1
boruta_rf,random_bank_rep_05,RNA::LSM14A,2,0.2
boruta_rf,random_bank_rep_05,RNA::LYPLA1,5,0.5
boruta_rf,random_bank_rep_05,RNA::MICAL3,1,0.1
boruta_rf,random_bank_rep_05,RNA::MLLT6,1,0.1
boruta_rf,random_bank_rep_05,RNA::MPRIP,3,0.3
boruta_rf,random_bank_rep_05,RNA::MRPL36,1,0.1
boruta_rf,random_bank_rep_05,RNA::MTX1,1,0.1
boruta_rf,random_bank_rep_05,RNA::MYH6,1,0.1
boruta_rf,random_bank_rep_05,RNA::MYO18A,2,0.2
boruta_rf,random_bank_rep_05,RNA::NACA2,1,0.1
boruta_rf,random_bank_rep_05,RNA::NACAP1,2,0.2
boruta_rf,random_bank_rep_05,RNA::NADK,3,0.3
boruta_rf,random_bank_rep_05,RNA::NFIA,2,0.2
boruta_rf,random_bank_rep_05,RNA::NOX4,1,0.1
boruta_rf,random_bank_rep_05,RNA::NPLOC4,1,0.1
boruta_rf,random_bank_rep_05,RNA::NUP37,1,0.1
boruta_rf,random_bank_rep_05,RNA::OSTC,1,0.1
boruta_rf,random_bank_rep_05,RNA::PA2G4P4,2,0.2
boruta_rf,random_bank_rep_05,RNA::PAIP1,1,0.1
boruta_rf,random_bank_rep_05,RNA::PCNA,1,0.1
boruta_rf,random_bank_rep_05,RNA::PDCD5,1,0.1
boruta_rf,random_bank_rep_05,RNA::PIP4K2B,1,0.1
boruta_rf,random_bank_rep_05,RNA::PMS2L2,1,0.1
boruta_rf,random_bank_rep_05,RNA::PNPLA1,1,0.1
boruta_rf,random_bank_rep_05,RNA::PNRC2,1,0.1
boruta_rf,random_bank_rep_05,RNA::PPIA,1,0.1
boruta_rf,random_bank_rep_05,RNA::PPIAL4C,4,0.4
boruta_rf,random_bank_rep_05,RNA::PRDX4,1,0.1
boruta_rf,random_bank_rep_05,RNA::PRKCA,1,0.1
boruta_rf,random_bank_rep_05,RNA::PRKCG,1,0.1
boruta_rf,random_bank_rep_05,RNA::PTTG1,1,0.1
boruta_rf,random_bank_rep_05,RNA::RAB6C,2,0.2
boruta_rf,random_bank_rep_05,RNA::RAP1B,1,0.1
boruta_rf,random_bank_rep_05,RNA::REXO2,1,0.1
boruta_rf,random_bank_rep_05,RNA::RGPD4,2,0.2
boruta_rf,random_bank_rep_05,RNA::RPL12,4,0.4
boruta_rf,random_bank_rep_05,RNA::RPL17,2,0.2
boruta_rf,random_bank_rep_05,RNA::RPL7,1,0.1
boruta_rf,random_bank_rep_05,RNA::RPS2P32,1,0.1
boruta_rf,random_bank_rep_05,RNA::RRM2,1,0.1
boruta_rf,random_bank_rep_05,RNA::RUSC2,1,0.1
boruta_rf,random_bank_rep_05,RNA::S100A10,1,0.1
boruta_rf,random_bank_rep_05,RNA::SPCS2,1,0.1
boruta_rf,random_bank_rep_05,RNA::SUMO1P3,1,0.1
boruta_rf,random_bank_rep_05,RNA::SYNPO2,1,0.1
boruta_rf,random_bank_rep_05,RNA::TARSL2,1,0.1
boruta_rf,random_bank_rep_05,RNA::TNRC6C,1,0.1
boruta_rf,stability_matched,RNA::AK2,2,0.2
boruta_rf,stability_matched,RNA::ASAP3,10,1.0
boruta_rf,stability_matched,RNA::ATP5EP2,8,0.8
boruta_rf,stability_matched,RNA::ATP6V1C2,1,0.1
boruta_rf,stability_matched,RNA::ATP8B5P,3,0.3
boruta_rf,stability_matched,RNA::C15orf21,4,0.4
boruta_rf,stability_matched,RNA::CA9,1,0.1
boruta_rf,stability_matched,RNA::CARD8,1,0.1
boruta_rf,stability_matched,RNA::CNPY3,1,0.1
boruta_rf,stability_matched,RNA::EEF1A1P9,10,1.0
boruta_rf,stability_matched,RNA::FAM120AOS,1,0.1
boruta_rf,stability_matched,RNA::FAM90A7,3,0.3
boruta_rf,stability_matched,RNA::FTHL3,10,1.0
boruta_rf,stability_matched,RNA::GCSH,8,0.8
boruta_rf,stability_matched,RNA::GUSBL1,1,0.1
boruta_rf,stability_matched,RNA::HDAC1,1,0.1
boruta_rf,stability_matched,RNA::HIST1H2BE,1,0.1
boruta_rf,stability_matched,RNA::HNRNPA3P1,9,0.9
boruta_rf,stability_matched,RNA::ID2B,1,0.1
boruta_rf,stability_matched,RNA::LOC341056,2,0.2
boruta_rf,stability_matched,RNA::LOC407835,1,0.1
boruta_rf,stability_matched,RNA::LOC442454,9,0.9
boruta_rf,stability_matched,RNA::LOC613037,1,0.1
boruta_rf,stability_matched,RNA::LOC643387,10,1.0
boruta_rf,stability_matched,RNA::LOC644936,9,0.9
boruta_rf,stability_matched,RNA::LOC728643,10,1.0
boruta_rf,stability_matched,RNA::LSM14A,7,0.7
boruta_rf,stability_matched,RNA::MFSD2B,7,0.7
boruta_rf,stability_matched,RNA::MYH6,1,0.1
boruta_rf,stability_matched,RNA::NACAP1,10,1.0
boruta_rf,stability_matched,RNA::NADK,3,0.3
boruta_rf,stability_matched,RNA::NFIA,6,0.6
boruta_rf,stability_matched,RNA::PA2G4P4,6,0.6
boruta_rf,stability_matched,RNA::PCBP3,1,0.1
boruta_rf,stability_matched,RNA::PDCD5,1,0.1
boruta_rf,stability_matched,RNA::PNPLA1,1,0.1
boruta_rf,stability_matched,RNA::PNRC2,1,0.1
boruta_rf,stability_matched,RNA::PPIAL4C,8,0.8
boruta_rf,stability_matched,RNA::RHOC,2,0.2
boruta_rf,stability_matched,RNA::RPL13AP3,3,0.3
boruta_rf,stability_matched,RNA::S100A10,1,0.1
boruta_rf,stability_matched,RNA::SCP2,1,0.1
boruta_rf,stability_matched,RNA::SFRS4,1,0.1
boruta_rf,stability_matched,RNA::SLC6A10P,1,0.1
boruta_rf,stability_matched,RNA::SUMO1P3,1,0.1
boruta_rf,stability_native,RNA::AK2,4,0.4
boruta_rf,stability_native,RNA::ANXA2P1,1,0.1
boruta_rf,stability_native,RNA::ASAP3,9,0.9
boruta_rf,stability_native,RNA::ATP5EP2,9,0.9
boruta_rf,stability_native,RNA::ATP6V1C2,6,0.6
boruta_rf,stability_native,RNA::ATP8B5P,5,0.5
boruta_rf,stability_native,RNA::B3GNT5,1,0.1
boruta_rf,stability_native,RNA::BOD1,1,0.1
boruta_rf,stability_native,RNA::C14orf147,1,0.1
boruta_rf,stability_native,RNA::C15orf21,6,0.6
boruta_rf,stability_native,RNA::C1orf116,1,0.1
boruta_rf,stability_native,RNA::C3orf38,1,0.1
boruta_rf,stability_native,RNA::CA9,1,0.1
boruta_rf,stability_native,RNA::CARD8,1,0.1
boruta_rf,stability_native,RNA::CD151,1,0.1
boruta_rf,stability_native,RNA::CDC26,4,0.4
boruta_rf,stability_native,RNA::CEP170L,1,0.1
boruta_rf,stability_native,RNA::CMC1,1,0.1
boruta_rf,stability_native,RNA::CNN3,3,0.3
boruta_rf,stability_native,RNA::CNPY3,1,0.1
boruta_rf,stability_native,RNA::COMMD10,1,0.1
boruta_rf,stability_native,RNA::CTCFL,4,0.4
boruta_rf,stability_native,RNA::DNALI1,1,0.1
boruta_rf,stability_native,RNA::DOCK7,2,0.2
boruta_rf,stability_native,RNA::DYNC1H1,2,0.2
boruta_rf,stability_native,RNA::EDARADD,4,0.4
boruta_rf,stability_native,RNA::EEF1A1P9,9,0.9
boruta_rf,stability_native,RNA::ERP44,1,0.1
boruta_rf,stability_native,RNA::FAM120AOS,1,0.1
boruta_rf,stability_native,RNA::FAM71D,4,0.4
boruta_rf,stability_native,RNA::FAM90A7,6,0.6
boruta_rf,stability_native,RNA::FSTL5,1,0.1
boruta_rf,stability_native,RNA::FTHL3,10,1.0
boruta_rf,stability_native,RNA::GCSH,9,0.9
boruta_rf,stability_native,RNA::GGTLC1,1,0.1
boruta_rf,stability_native,RNA::GNG5,1,0.1
boruta_rf,stability_native,RNA::GPN1,1,0.1
boruta_rf,stability_native,RNA::GPR179,1,0.1
boruta_rf,stability_native,RNA::GPX7,3,0.3
boruta_rf,stability_native,RNA::GTF2F2,1,0.1
boruta_rf,stability_native,RNA::GUSBL1,4,0.4
boruta_rf,stability_native,RNA::H3F3C,3,0.3
boruta_rf,stability_native,RNA::HDAC1,3,0.3
boruta_rf,stability_native,RNA::HIST1H1C,1,0.1
boruta_rf,stability_native,RNA::HIST1H2BE,2,0.2
boruta_rf,stability_native,RNA::HNRNPA3P1,9,0.9
boruta_rf,stability_native,RNA::ID4,1,0.1
boruta_rf,stability_native,RNA::IRF2,1,0.1
boruta_rf,stability_native,RNA::KDELR1,2,0.2
boruta_rf,stability_native,RNA::KSR1,1,0.1
boruta_rf,stability_native,RNA::LOC284232,2,0.2
boruta_rf,stability_native,RNA::LOC341056,5,0.5
boruta_rf,stability_native,RNA::LOC407835,4,0.4
boruta_rf,stability_native,RNA::LOC442454,9,0.9
boruta_rf,stability_native,RNA::LOC613037,1,0.1
boruta_rf,stability_native,RNA::LOC643387,10,1.0
boruta_rf,stability_native,RNA::LOC644936,9,0.9
boruta_rf,stability_native,RNA::LOC645332,1,0.1
boruta_rf,stability_native,RNA::LOC728643,10,1.0
boruta_rf,stability_native,RNA::LOC728758,1,0.1
boruta_rf,stability_native,RNA::LRRC42,1,0.1
boruta_rf,stability_native,RNA::LSM14A,8,0.8
boruta_rf,stability_native,RNA::MFSD2B,8,0.8
boruta_rf,stability_native,RNA::MICAL3,1,0.1
boruta_rf,stability_native,RNA::MPRIP,2,0.2
boruta_rf,stability_native,RNA::MRPL36,1,0.1
boruta_rf,stability_native,RNA::MTMR12,1,0.1
boruta_rf,stability_native,RNA::MYH6,2,0.2
boruta_rf,stability_native,RNA::MYO18A,1,0.1
boruta_rf,stability_native,RNA::NACAP1,9,0.9
boruta_rf,stability_native,RNA::NADK,5,0.5
boruta_rf,stability_native,RNA::NFIA,6,0.6
boruta_rf,stability_native,RNA::OPN1SW,1,0.1
boruta_rf,stability_native,RNA::PA2G4P4,8,0.8
boruta_rf,stability_native,RNA::PAIP1,1,0.1
boruta_rf,stability_native,RNA::PCBP3,1,0.1
boruta_rf,stability_native,RNA::PDCD5,1,0.1
boruta_rf,stability_native,RNA::PMS2L2,3,0.3
boruta_rf,stability_native,RNA::PNPLA1,2,0.2
boruta_rf,stability_native,RNA::PNRC2,1,0.1
boruta_rf,stability_native,RNA::PPIA,5,0.5
boruta_rf,stability_native,RNA::PPIAL4C,8,0.8
boruta_rf,stability_native,RNA::RAB6C,1,0.1
boruta_rf,stability_native,RNA::RHOC,2,0.2
boruta_rf,stability_native,RNA::RPL13AP3,7,0.7
boruta_rf,stability_native,RNA::RPL17,2,0.2
boruta_rf,stability_native,RNA::RPL23P8,2,0.2
boruta_rf,stability_native,RNA::S100A10,1,0.1
boruta_rf,stability_native,RNA::SCP2,2,0.2
boruta_rf,stability_native,RNA::SFRS4,1,0.1
boruta_rf,stability_native,RNA::SLC6A10P,2,0.2
boruta_rf,stability_native,RNA::SNRNP40,1,0.1
boruta_rf,stability_native,RNA::SPTAN1,2,0.2
boruta_rf,stability_native,RNA::SUMO1P3,2,0.2
boruta_rf,stability_native,RNA::TOP1P2,1,0.1
boruta_rf,stability_native,RNA::TXLNA,1,0.1
boruta_rf,stability_native,RNA::UBE2MP1,1,0.1
boruta_rf,stability_native,RNA::WBP11P1,1,0.1
boruta_rf,stability_native,RNA::WDR77,1,0.1
svm_l1,elastic_net_matched,RNA::ADAM2,2,0.2
svm_l1,elastic_net_matched,RNA::AGPAT4,1,0.1
svm_l1,elastic_net_matched,RNA::AMH,1,0.1
svm_l1,elastic_net_matched,RNA::AMZ2P1,1,0.1
svm_l1,elastic_net_matched,RNA::ANGEL2,1,0.1
svm_l1,elastic_net_matched,RNA::ANO2,1,0.1
svm_l1,elastic_net_matched,RNA::ARID5B,2,0.2
svm_l1,elastic_net_matched,RNA::ATP5EP2,5,0.5
svm_l1,elastic_net_matched,RNA::C14orf143,1,0.1
svm_l1,elastic_net_matched,RNA::C2orf61,1,0.1
svm_l1,elastic_net_matched,RNA::C3orf48,5,0.5
svm_l1,elastic_net_matched,RNA::CDK11B,1,0.1
svm_l1,elastic_net_matched,RNA::CLIC6,1,0.1
svm_l1,elastic_net_matched,RNA::CLP1,1,0.1
svm_l1,elastic_net_matched,RNA::CT45A3,1,0.1
svm_l1,elastic_net_matched,RNA::EEF1A1P9,2,0.2
svm_l1,elastic_net_matched,RNA::EML5,1,0.1
svm_l1,elastic_net_matched,RNA::ESM1,1,0.1
svm_l1,elastic_net_matched,RNA::EXOG,1,0.1
svm_l1,elastic_net_matched,RNA::FTHL3,10,1.0
svm_l1,elastic_net_matched,RNA::GAPT,1,0.1
svm_l1,elastic_net_matched,RNA::GCSH,1,0.1
svm_l1,elastic_net_matched,RNA::GLP1R,1,0.1
svm_l1,elastic_net_matched,RNA::GPR182,2,0.2
svm_l1,elastic_net_matched,RNA::HIST1H4H,4,0.4
svm_l1,elastic_net_matched,RNA::HNRNPA3P1,6,0.6
svm_l1,elastic_net_matched,RNA::HRASLS,1,0.1
svm_l1,elastic_net_matched,RNA::HTN3,2,0.2
svm_l1,elastic_net_matched,RNA::ID3,1,0.1
svm_l1,elastic_net_matched,RNA::LAYN,2,0.2
svm_l1,elastic_net_matched,RNA::LCE1E,1,0.1
svm_l1,elastic_net_matched,RNA::LEKR1,2,0.2
svm_l1,elastic_net_matched,RNA::LOC100133050,1,0.1
svm_l1,elastic_net_matched,RNA::LOC643387,10,1.0
svm_l1,elastic_net_matched,RNA::LOC644936,1,0.1
svm_l1,elastic_net_matched,RNA::LOC728643,5,0.5
svm_l1,elastic_net_matched,RNA::MFNG,1,0.1
svm_l1,elastic_net_matched,RNA::MFSD2B,1,0.1
svm_l1,elastic_net_matched,RNA::NACAP1,10,1.0
svm_l1,elastic_net_matched,RNA::NIF3L1,1,0.1
svm_l1,elastic_net_matched,RNA::NUDT3,1,0.1
svm_l1,elastic_net_matched,RNA::OR1L1,1,0.1
svm_l1,elastic_net_matched,RNA::OR5B12,1,0.1
svm_l1,elastic_net_matched,RNA::OR6C75,3,0.3
svm_l1,elastic_net_matched,RNA::OR8D1,1,0.1
svm_l1,elastic_net_matched,RNA::PARP9,1,0.1
svm_l1,elastic_net_matched,RNA::PDZD9,1,0.1
svm_l1,elastic_net_matched,RNA::PEX2,1,0.1
svm_l1,elastic_net_matched,RNA::PGRMC2,1,0.1
svm_l1,elastic_net_matched,RNA::PKHD1,1,0.1
svm_l1,elastic_net_matched,RNA::PLEKHA4,1,0.1
svm_l1,elastic_net_matched,RNA::PMP2,2,0.2
svm_l1,elastic_net_matched,RNA::PPAPDC2,1,0.1
svm_l1,elastic_net_matched,RNA::PPIAL4C,10,1.0
svm_l1,elastic_net_matched,RNA::PURB,1,0.1
svm_l1,elastic_net_matched,RNA::RAN,1,0.1
svm_l1,elastic_net_matched,RNA::RGAG4,2,0.2
svm_l1,elastic_net_matched,RNA::SHISA3,1,0.1
svm_l1,elastic_net_matched,RNA::SNORD115-7,1,0.1
svm_l1,elastic_net_matched,RNA::SRXN1,1,0.1
svm_l1,elastic_net_matched,RNA::SUN3,3,0.3
svm_l1,elastic_net_matched,RNA::THRAP3,1,0.1
svm_l1,elastic_net_matched,RNA::TMEM178,2,0.2
svm_l1,elastic_net_matched,RNA::TMX2,2,0.2
svm_l1,elastic_net_matched,RNA::TRIM35,2,0.2
svm_l1,elastic_net_matched,RNA::VASH2,1,0.1
svm_l1,elastic_net_matched,RNA::XIRP1,1,0.1
svm_l1,elastic_net_matched,RNA::XRCC5,1,0.1
svm_l1,elastic_net_matched,RNA::ZNF596,2,0.2
svm_l1,elastic_net_matched,RNA::ZNRF4,2,0.2
svm_l1,elastic_net_matched,SCNV::PEX14,2,0.2
svm_l1,elastic_net_native,RNA::ABCG1,4,0.4
svm_l1,elastic_net_native,RNA::ACADM,1,0.1
svm_l1,elastic_net_native,RNA::ACSM2A,2,0.2
svm_l1,elastic_net_native,RNA::ADAM2,6,0.6
svm_l1,elastic_net_native,RNA::AGPAT4,1,0.1
svm_l1,elastic_net_native,RNA::AK2,3,0.3
svm_l1,elastic_net_native,RNA::AMH,1,0.1
svm_l1,elastic_net_native,RNA::AMZ2P1,1,0.1
svm_l1,elastic_net_native,RNA::ANAPC5,1,0.1
svm_l1,elastic_net_native,RNA::ANGEL2,5,0.5
svm_l1,elastic_net_native,RNA::ANKRD20B,2,0.2
svm_l1,elastic_net_native,RNA::ANKRD27,2,0.2
svm_l1,elastic_net_native,RNA::ANKRD55,1,0.1
svm_l1,elastic_net_native,RNA::ANO2,1,0.1
svm_l1,elastic_net_native,RNA::AQP7P1,2,0.2
svm_l1,elastic_net_native,RNA::AQP7P3,1,0.1
svm_l1,elastic_net_native,RNA::ARHGEF17,1,0.1
svm_l1,elastic_net_native,RNA::ARID5B,2,0.2
svm_l1,elastic_net_native,RNA::ARV1,1,0.1
svm_l1,elastic_net_native,RNA::ASAP3,2,0.2
svm_l1,elastic_net_native,RNA::ATP1B3,2,0.2
svm_l1,elastic_net_native,RNA::ATP5EP2,10,1.0
svm_l1,elastic_net_native,RNA::ATP8B5P,10,1.0
svm_l1,elastic_net_native,RNA::BAI1,2,0.2
svm_l1,elastic_net_native,RNA::BASE,2,0.2
svm_l1,elastic_net_native,RNA::BFAR,1,0.1
svm_l1,elastic_net_native,RNA::BNIP3L,1,0.1
svm_l1,elastic_net_native,RNA::BRF2,1,0.1
svm_l1,elastic_net_native,RNA::C10orf131,1,0.1
svm_l1,elastic_net_native,RNA::C11orf92,2,0.2
svm_l1,elastic_net_native,RNA::C12orf29,2,0.2
svm_l1,elastic_net_native,RNA::C12orf43,1,0.1
svm_l1,elastic_net_native,RNA::C14orf105,2,0.2
svm_l1,elastic_net_native,RNA::C14orf143,2,0.2
svm_l1,elastic_net_native,RNA::C15orf21,9,0.9
svm_l1,elastic_net_native,RNA::C1orf107,1,0.1
svm_l1,elastic_net_native,RNA::C1orf123,1,0.1
svm_l1,elastic_net_native,RNA::C1orf87,3,0.3
svm_l1,elastic_net_native,RNA::C22orf15,1,0.1
svm_l1,elastic_net_native,RNA::C2orf61,1,0.1
svm_l1,elastic_net_native,RNA::C2orf67,2,0.2
svm_l1,elastic_net_native,RNA::C3orf38,2,0.2
svm_l1,elastic_net_native,RNA::C3orf48,5,0.5
svm_l1,elastic_net_native,RNA::C4A,3,0.3
svm_l1,elastic_net_native,RNA::CA9,1,0.1
svm_l1,elastic_net_native,RNA::CAPZA3,1,0.1
svm_l1,elastic_net_native,RNA::CAPZB,1,0.1
svm_l1,elastic_net_native,RNA::CARD8,10,1.0
svm_l1,elastic_net_native,RNA::CASP1,2,0.2
svm_l1,elastic_net_native,RNA::CCDC102A,3,0.3
svm_l1,elastic_net_native,RNA::CCDC127,1,0.1
svm_l1,elastic_net_native,RNA::CCDC34,1,0.1
svm_l1,elastic_net_native,RNA::CD151,1,0.1
svm_l1,elastic_net_native,RNA::CD69,1,0.1
svm_l1,elastic_net_native,RNA::CDH1,1,0.1
svm_l1,elastic_net_native,RNA::CDK11B,4,0.4
svm_l1,elastic_net_native,RNA::CDKL1,2,0.2
svm_l1,elastic_net_native,RNA::CEP70,1,0.1
svm_l1,elastic_net_native,RNA::CERKL,1,0.1
svm_l1,elastic_net_native,RNA::CHRDL2,2,0.2
svm_l1,elastic_net_native,RNA::CHRNA7,3,0.3
svm_l1,elastic_net_native,RNA::CLIC6,1,0.1
svm_l1,elastic_net_native,RNA::CLP1,3,0.3
svm_l1,elastic_net_native,RNA::CMC1,1,0.1
svm_l1,elastic_net_native,RNA::CNNM3,1,0.1
svm_l1,elastic_net_native,RNA::CSDE1,1,0.1
svm_l1,elastic_net_native,RNA::CSTF1,1,0.1
svm_l1,elastic_net_native,RNA::CT45A1,5,0.5
svm_l1,elastic_net_native,RNA::CT45A3,1,0.1
svm_l1,elastic_net_native,RNA::CTSH,1,0.1
svm_l1,elastic_net_native,RNA::CUL4A,1,0.1
svm_l1,elastic_net_native,RNA::CXCL13,1,0.1
svm_l1,elastic_net_native,RNA::CXorf21,3,0.3
svm_l1,elastic_net_native,RNA::CYB5R3,1,0.1
svm_l1,elastic_net_native,RNA::CYTL1,4,0.4
svm_l1,elastic_net_native,RNA::DCPS,1,0.1
svm_l1,elastic_net_native,RNA::DDX19B,2,0.2
svm_l1,elastic_net_native,RNA::DGCR6,1,0.1
svm_l1,elastic_net_native,RNA::DGKK,1,0.1
svm_l1,elastic_net_native,RNA::DIAPH1,1,0.1
svm_l1,elastic_net_native,RNA::DIRC3,1,0.1
svm_l1,elastic_net_native,RNA::DMBX1,1,0.1
svm_l1,elastic_net_native,RNA::ECHDC3,1,0.1
svm_l1,elastic_net_native,RNA::EEF1A1P9,3,0.3
svm_l1,elastic_net_native,RNA::EEPD1,3,0.3
svm_l1,elastic_net_native,RNA::EML5,1,0.1
svm_l1,elastic_net_native,RNA::ERMP1,1,0.1
svm_l1,elastic_net_native,RNA::ESM1,2,0.2
svm_l1,elastic_net_native,RNA::EXOG,1,0.1
svm_l1,elastic_net_native,RNA::FAM120AOS,1,0.1
svm_l1,elastic_net_native,RNA::FAM125B,1,0.1
svm_l1,elastic_net_native,RNA::FAM159A,4,0.4
svm_l1,elastic_net_native,RNA::FAM180B,2,0.2
svm_l1,elastic_net_native,RNA::FAM190A,1,0.1
svm_l1,elastic_net_native,RNA::FHL3,3,0.3
svm_l1,elastic_net_native,RNA::FLJ35024,1,0.1
svm_l1,elastic_net_native,RNA::FOXD3,7,0.7
svm_l1,elastic_net_native,RNA::FOXG1,1,0.1
svm_l1,elastic_net_native,RNA::FTHL3,10,1.0
svm_l1,elastic_net_native,RNA::FXN,2,0.2
svm_l1,elastic_net_native,RNA::FYCO1,6,0.6
svm_l1,elastic_net_native,RNA::G6PC2,4,0.4
svm_l1,elastic_net_native,RNA::GAPT,3,0.3
svm_l1,elastic_net_native,RNA::GBP7,2,0.2
svm_l1,elastic_net_native,RNA::GCSH,10,1.0
svm_l1,elastic_net_native,RNA::GDF7,1,0.1
svm_l1,elastic_net_native,RNA::GKN1,1,0.1
svm_l1,elastic_net_native,RNA::GLP1R,1,0.1
svm_l1,elastic_net_native,RNA::GLUD1,1,0.1
svm_l1,elastic_net_native,RNA::GMDS,2,0.2
svm_l1,elastic_net_native,RNA::GOLGA6L5,1,0.1
svm_l1,elastic_net_native,RNA::GP9,3,0.3
svm_l1,elastic_net_native,RNA::GPR182,4,0.4
svm_l1,elastic_net_native,RNA::GPR89A,1,0.1
svm_l1,elastic_net_native,RNA::GRM8,1,0.1
svm_l1,elastic_net_native,RNA::GTF2H1,1,0.1
svm_l1,elastic_net_native,RNA::H3F3C,2,0.2
svm_l1,elastic_net_native,RNA::HAPLN1,5,0.5
svm_l1,elastic_net_native,RNA::HBZ,1,0.1
svm_l1,elastic_net_native,RNA::HCG22,4,0.4
svm_l1,elastic_net_native,RNA::HDAC1,1,0.1
svm_l1,elastic_net_native,RNA::HECA,1,0.1
svm_l1,elastic_net_native,RNA::HERC2,1,0.1
svm_l1,elastic_net_native,RNA::HIST1H2BE,5,0.5
svm_l1,elastic_net_native,RNA::HIST1H4H,6,0.6
svm_l1,elastic_net_native,RNA::HK2,1,0.1
svm_l1,elastic_net_native,RNA::HKDC1,1,0.1
svm_l1,elastic_net_native,RNA::HLA-DRB6,1,0.1
svm_l1,elastic_net_native,RNA::HLA-G,1,0.1
svm_l1,elastic_net_native,RNA::HMGA1,1,0.1
svm_l1,elastic_net_native,RNA::HNRNPA3P1,9,0.9
svm_l1,elastic_net_native,RNA::HPS3,2,0.2
svm_l1,elastic_net_native,RNA::HRASLS,1,0.1
svm_l1,elastic_net_native,RNA::HSPBAP1,2,0.2
svm_l1,elastic_net_native,RNA::HSPC072,1,0.1
svm_l1,elastic_net_native,RNA::HTN3,4,0.4
svm_l1,elastic_net_native,RNA::ID2B,2,0.2
svm_l1,elastic_net_native,RNA::ID3,6,0.6
svm_l1,elastic_net_native,RNA::ID4,1,0.1
svm_l1,elastic_net_native,RNA::IL12A,2,0.2
svm_l1,elastic_net_native,RNA::IL9,2,0.2
svm_l1,elastic_net_native,RNA::ITGA8,2,0.2
svm_l1,elastic_net_native,RNA::IVL,1,0.1
svm_l1,elastic_net_native,RNA::KIAA1984,1,0.1
svm_l1,elastic_net_native,RNA::KLHL4,1,0.1
svm_l1,elastic_net_native,RNA::KRTAP4-7,1,0.1
svm_l1,elastic_net_native,RNA::LAYN,2,0.2
svm_l1,elastic_net_native,RNA::LCE1E,1,0.1
svm_l1,elastic_net_native,RNA::LEKR1,10,1.0
svm_l1,elastic_net_native,RNA::LGALS9C,1,0.1
svm_l1,elastic_net_native,RNA::LHX5,1,0.1
svm_l1,elastic_net_native,RNA::LIMD2,5,0.5
svm_l1,elastic_net_native,RNA::LOC100129034,7,0.7
svm_l1,elastic_net_native,RNA::LOC100132831,1,0.1
svm_l1,elastic_net_native,RNA::LOC100133050,1,0.1
svm_l1,elastic_net_native,RNA::LOC100240726,2,0.2
svm_l1,elastic_net_native,RNA::LOC100288778,2,0.2
svm_l1,elastic_net_native,RNA::LOC151162,1,0.1
svm_l1,elastic_net_native,RNA::LOC341056,3,0.3
svm_l1,elastic_net_native,RNA::LOC348021,2,0.2
svm_l1,elastic_net_native,RNA::LOC643387,10,1.0
svm_l1,elastic_net_native,RNA::LOC644936,4,0.4
svm_l1,elastic_net_native,RNA::LOC723809,1,0.1
svm_l1,elastic_net_native,RNA::LOC728643,10,1.0
svm_l1,elastic_net_native,RNA::LONRF1,2,0.2
svm_l1,elastic_net_native,RNA::LRRC3,2,0.2
svm_l1,elastic_net_native,RNA::LSM14A,2,0.2
svm_l1,elastic_net_native,RNA::MAD2L2,1,0.1
svm_l1,elastic_net_native,RNA::MCM6,2,0.2
svm_l1,elastic_net_native,RNA::MFN2,1,0.1
svm_l1,elastic_net_native,RNA::MFNG,8,0.8
svm_l1,elastic_net_native,RNA::MFSD2B,10,1.0
svm_l1,elastic_net_native,RNA::MIA,4,0.4
svm_l1,elastic_net_native,RNA::MLH1,1,0.1
svm_l1,elastic_net_native,RNA::MRPS10,3,0.3
svm_l1,elastic_net_native,RNA::MSX2,5,0.5
svm_l1,elastic_net_native,RNA::MSX2P1,7,0.7
svm_l1,elastic_net_native,RNA::MYH6,4,0.4
svm_l1,elastic_net_native,RNA::MYOZ2,6,0.6
svm_l1,elastic_net_native,RNA::NACAP1,10,1.0
svm_l1,elastic_net_native,RNA::NANP,1,0.1
svm_l1,elastic_net_native,RNA::NCF1C,3,0.3
svm_l1,elastic_net_native,RNA::NCRNA00169,1,0.1
svm_l1,elastic_net_native,RNA::NEU2,1,0.1
svm_l1,elastic_net_native,RNA::NIF3L1,4,0.4
svm_l1,elastic_net_native,RNA::NTN1,1,0.1
svm_l1,elastic_net_native,RNA::NUDT3,5,0.5
svm_l1,elastic_net_native,RNA::OR11G2,1,0.1
svm_l1,elastic_net_native,RNA::OR1L1,4,0.4
svm_l1,elastic_net_native,RNA::OR4D11,1,0.1
svm_l1,elastic_net_native,RNA::OR5B12,1,0.1
svm_l1,elastic_net_native,RNA::OR6C75,6,0.6
svm_l1,elastic_net_native,RNA::OR8D1,6,0.6
svm_l1,elastic_net_native,RNA::PA2G4P4,8,0.8
svm_l1,elastic_net_native,RNA::PABPC4,2,0.2
svm_l1,elastic_net_native,RNA::PAFAH2,1,0.1
svm_l1,elastic_net_native,RNA::PARP9,1,0.1
svm_l1,elastic_net_native,RNA::PCDHGB7,1,0.1
svm_l1,elastic_net_native,RNA::PDZD9,3,0.3
svm_l1,elastic_net_native,RNA::PEX2,1,0.1
svm_l1,elastic_net_native,RNA::PGA5,4,0.4
svm_l1,elastic_net_native,RNA::PGRMC2,3,0.3
svm_l1,elastic_net_native,RNA::PKHD1,1,0.1
svm_l1,elastic_net_native,RNA::PLEKHA2,2,0.2
svm_l1,elastic_net_native,RNA::PLEKHA4,8,0.8
svm_l1,elastic_net_native,RNA::PMP2,9,0.9
svm_l1,elastic_net_native,RNA::POLR2C,3,0.3
svm_l1,elastic_net_native,RNA::POLR3F,1,0.1
svm_l1,elastic_net_native,RNA::PPAPDC2,1,0.1
svm_l1,elastic_net_native,RNA::PPIAL4C,10,1.0
svm_l1,elastic_net_native,RNA::PRR5-ARHGAP8,1,0.1
svm_l1,elastic_net_native,RNA::PRRG2,3,0.3
svm_l1,elastic_net_native,RNA::PRUNE,1,0.1
svm_l1,elastic_net_native,RNA::PTDSS1,1,0.1
svm_l1,elastic_net_native,RNA::PURB,1,0.1
svm_l1,elastic_net_native,RNA::PWP1,3,0.3
svm_l1,elastic_net_native,RNA::RAN,1,0.1
svm_l1,elastic_net_native,RNA::RAPSN,1,0.1
svm_l1,elastic_net_native,RNA::RBBP7,1,0.1
svm_l1,elastic_net_native,RNA::RET,2,0.2
svm_l1,elastic_net_native,RNA::RGAG4,5,0.5
svm_l1,elastic_net_native,RNA::RHOC,1,0.1
svm_l1,elastic_net_native,RNA::RNF115,1,0.1
svm_l1,elastic_net_native,RNA::RPL13AP3,1,0.1
svm_l1,elastic_net_native,RNA::S100PBP,1,0.1
svm_l1,elastic_net_native,RNA::SAMD11,2,0.2
svm_l1,elastic_net_native,RNA::SCN7A,3,0.3
svm_l1,elastic_net_native,RNA::SCP2,1,0.1
svm_l1,elastic_net_native,RNA::SCRT2,1,0.1
svm_l1,elastic_net_native,RNA::SEMA6A,1,0.1
svm_l1,elastic_net_native,RNA::SH3BGRL3,1,0.1
svm_l1,elastic_net_native,RNA::SHISA3,1,0.1
svm_l1,elastic_net_native,RNA::SHQ1,1,0.1
svm_l1,elastic_net_native,RNA::SLC16A10,2,0.2
svm_l1,elastic_net_native,RNA::SLC17A8,1,0.1
svm_l1,elastic_net_native,RNA::SLC47A1,6,0.6
svm_l1,elastic_net_native,RNA::SNORD115-7,1,0.1
svm_l1,elastic_net_native,RNA::SNTG1,4,0.4
svm_l1,elastic_net_native,RNA::SPATS2,2,0.2
svm_l1,elastic_net_native,RNA::SRXN1,5,0.5
svm_l1,elastic_net_native,RNA::ST6GAL1,4,0.4
svm_l1,elastic_net_native,RNA::STC2,1,0.1
svm_l1,elastic_net_native,RNA::SUMF1,3,0.3
svm_l1,elastic_net_native,RNA::SUMO1P3,10,1.0
svm_l1,elastic_net_native,RNA::SUN3,3,0.3
svm_l1,elastic_net_native,RNA::SUSD3,3,0.3
svm_l1,elastic_net_native,RNA::SYF2,8,0.8
svm_l1,elastic_net_native,RNA::SYNPO2,2,0.2
svm_l1,elastic_net_native,RNA::TAAR8,2,0.2
svm_l1,elastic_net_native,RNA::TAC4,1,0.1
svm_l1,elastic_net_native,RNA::TAL1,1,0.1
svm_l1,elastic_net_native,RNA::TAOK3,1,0.1
svm_l1,elastic_net_native,RNA::TARDBP,1,0.1
svm_l1,elastic_net_native,RNA::TAS1R1,1,0.1
svm_l1,elastic_net_native,RNA::TBC1D25,2,0.2
svm_l1,elastic_net_native,RNA::TCHH,1,0.1
svm_l1,elastic_net_native,RNA::TFF2,2,0.2
svm_l1,elastic_net_native,RNA::THAP8,2,0.2
svm_l1,elastic_net_native,RNA::THRAP3,7,0.7
svm_l1,elastic_net_native,RNA::TMEM106C,1,0.1
svm_l1,elastic_net_native,RNA::TMEM149,1,0.1
svm_l1,elastic_net_native,RNA::TMEM159,1,0.1
svm_l1,elastic_net_native,RNA::TMEM178,3,0.3
svm_l1,elastic_net_native,RNA::TMEM18,3,0.3
svm_l1,elastic_net_native,RNA::TMX2,5,0.5
svm_l1,elastic_net_native,RNA::TRIM35,8,0.8
svm_l1,elastic_net_native,RNA::TRIM48,3,0.3
svm_l1,elastic_net_native,RNA::TXNDC12,1,0.1
svm_l1,elastic_net_native,RNA::USP44,1,0.1
svm_l1,elastic_net_native,RNA::VASH2,1,0.1
svm_l1,elastic_net_native,RNA::VWCE,1,0.1
svm_l1,elastic_net_native,RNA::WLS,1,0.1
svm_l1,elastic_net_native,RNA::XIRP1,1,0.1
svm_l1,elastic_net_native,RNA::XRCC5,1,0.1
svm_l1,elastic_net_native,RNA::ZNF263,2,0.2
svm_l1,elastic_net_native,RNA::ZNF596,3,0.3
svm_l1,elastic_net_native,RNA::ZNF75D,1,0.1
svm_l1,elastic_net_native,RNA::ZNRF4,2,0.2
svm_l1,elastic_net_native,SCNV::DAB1,3,0.3
svm_l1,elastic_net_native,SCNV::GPR42,1,0.1
svm_l1,elastic_net_native,SCNV::KCTD15,3,0.3
svm_l1,elastic_net_native,SCNV::KIRREL2,1,0.1
svm_l1,elastic_net_native,SCNV::LIN28A,1,0.1
svm_l1,elastic_net_native,SCNV::LINC00662,5,0.5
svm_l1,elastic_net_native,SCNV::LZIC,1,0.1
svm_l1,elastic_net_native,SCNV::MIR4425,1,0.1
svm_l1,elastic_net_native,SCNV::NPHS1,1,0.1
svm_l1,elastic_net_native,SCNV::PEPD,1,0.1
svm_l1,elastic_net_native,SCNV::PEX14,2,0.2
svm_l1,elastic_net_native,SCNV::RNA5SP40,1,0.1
svm_l1,elastic_net_native,SCNV::SLC25A33,1,0.1
svm_l1,elastic_net_native,SCNV::SLC7A9,1,0.1
svm_l1,elastic_net_native,SCNV::SPATA21,2,0.2
svm_l1,elastic_net_native,SCNV::TDRD12,1,0.1
svm_l1,elastic_net_native,SCNV::ZNF254,1,0.1
svm_l1,elastic_net_native,SCNV::ZNF726,1,0.1
svm_l1,random_bank_rep_01,RNA::ABCG1,1,0.1
svm_l1,random_bank_rep_01,RNA::AMH,1,0.1
svm_l1,random_bank_rep_01,RNA::ANGEL2,1,0.1
svm_l1,random_bank_rep_01,RNA::ARID5B,1,0.1
svm_l1,random_bank_rep_01,RNA::ASAP3,1,0.1
svm_l1,random_bank_rep_01,RNA::ATP8B5P,1,0.1
svm_l1,random_bank_rep_01,RNA::BAI1,1,0.1
svm_l1,random_bank_rep_01,RNA::BFAR,1,0.1
svm_l1,random_bank_rep_01,RNA::BNIP3L,1,0.1
svm_l1,random_bank_rep_01,RNA::C10orf131,1,0.1
svm_l1,random_bank_rep_01,RNA::C14orf105,1,0.1
svm_l1,random_bank_rep_01,RNA::C15orf21,2,0.2
svm_l1,random_bank_rep_01,RNA::C1orf123,1,0.1
svm_l1,random_bank_rep_01,RNA::C22orf15,1,0.1
svm_l1,random_bank_rep_01,RNA::C2orf67,1,0.1
svm_l1,random_bank_rep_01,RNA::C3orf38,1,0.1
svm_l1,random_bank_rep_01,RNA::C4A,1,0.1
svm_l1,random_bank_rep_01,RNA::CA9,1,0.1
svm_l1,random_bank_rep_01,RNA::CARD8,1,0.1
svm_l1,random_bank_rep_01,RNA::CCDC102A,1,0.1
svm_l1,random_bank_rep_01,RNA::CD69,1,0.1
svm_l1,random_bank_rep_01,RNA::CHRDL2,1,0.1
svm_l1,random_bank_rep_01,RNA::CHRNA7,2,0.2
svm_l1,random_bank_rep_01,RNA::CLIC6,1,0.1
svm_l1,random_bank_rep_01,RNA::CLP1,1,0.1
svm_l1,random_bank_rep_01,RNA::CT45A1,1,0.1
svm_l1,random_bank_rep_01,RNA::CXorf21,1,0.1
svm_l1,random_bank_rep_01,RNA::CYB5R3,1,0.1
svm_l1,random_bank_rep_01,RNA::DDX19B,2,0.2
svm_l1,random_bank_rep_01,RNA::ECHDC3,1,0.1
svm_l1,random_bank_rep_01,RNA::FAM159A,2,0.2
svm_l1,random_bank_rep_01,RNA::FOXD3,2,0.2
svm_l1,random_bank_rep_01,RNA::FTHL3,2,0.2
svm_l1,random_bank_rep_01,RNA::FXN,1,0.1
svm_l1,random_bank_rep_01,RNA::GBP7,1,0.1
svm_l1,random_bank_rep_01,RNA::GDF7,1,0.1
svm_l1,random_bank_rep_01,RNA::GMDS,1,0.1
svm_l1,random_bank_rep_01,RNA::GOLGA6L5,1,0.1
svm_l1,random_bank_rep_01,RNA::GP9,1,0.1
svm_l1,random_bank_rep_01,RNA::GPR182,1,0.1
svm_l1,random_bank_rep_01,RNA::GTF2H1,1,0.1
svm_l1,random_bank_rep_01,RNA::HAPLN1,2,0.2
svm_l1,random_bank_rep_01,RNA::HCG22,1,0.1
svm_l1,random_bank_rep_01,RNA::HECA,1,0.1
svm_l1,random_bank_rep_01,RNA::HIST1H2BE,2,0.2
svm_l1,random_bank_rep_01,RNA::HIST1H4H,1,0.1
svm_l1,random_bank_rep_01,RNA::HK2,1,0.1
svm_l1,random_bank_rep_01,RNA::HKDC1,1,0.1
svm_l1,random_bank_rep_01,RNA::HLA-DRB6,1,0.1
svm_l1,random_bank_rep_01,RNA::HNRNPA3P1,3,0.3
svm_l1,random_bank_rep_01,RNA::HSPBAP1,1,0.1
svm_l1,random_bank_rep_01,RNA::ID2B,1,0.1
svm_l1,random_bank_rep_01,RNA::ID3,2,0.2
svm_l1,random_bank_rep_01,RNA::IVL,1,0.1
svm_l1,random_bank_rep_01,RNA::KLHL4,1,0.1
svm_l1,random_bank_rep_01,RNA::KRTAP4-7,1,0.1
svm_l1,random_bank_rep_01,RNA::LCE1E,1,0.1
svm_l1,random_bank_rep_01,RNA::LEKR1,3,0.3
svm_l1,random_bank_rep_01,RNA::LIMD2,3,0.3
svm_l1,random_bank_rep_01,RNA::LOC100129034,2,0.2
svm_l1,random_bank_rep_01,RNA::LOC100132831,1,0.1
svm_l1,random_bank_rep_01,RNA::LOC348021,1,0.1
svm_l1,random_bank_rep_01,RNA::LOC643387,2,0.2
svm_l1,random_bank_rep_01,RNA::LOC723809,1,0.1
svm_l1,random_bank_rep_01,RNA::LRRC3,1,0.1
svm_l1,random_bank_rep_01,RNA::LSM14A,1,0.1
svm_l1,random_bank_rep_01,RNA::MFSD2B,1,0.1
svm_l1,random_bank_rep_01,RNA::MRPS10,2,0.2
svm_l1,random_bank_rep_01,RNA::MSX2,1,0.1
svm_l1,random_bank_rep_01,RNA::MSX2P1,1,0.1
svm_l1,random_bank_rep_01,RNA::MYH6,1,0.1
svm_l1,random_bank_rep_01,RNA::MYOZ2,1,0.1
svm_l1,random_bank_rep_01,RNA::NACAP1,1,0.1
svm_l1,random_bank_rep_01,RNA::NIF3L1,3,0.3
svm_l1,random_bank_rep_01,RNA::NUDT3,1,0.1
svm_l1,random_bank_rep_01,RNA::OR1L1,1,0.1
svm_l1,random_bank_rep_01,RNA::OR5B12,1,0.1
svm_l1,random_bank_rep_01,RNA::OR8D1,2,0.2
svm_l1,random_bank_rep_01,RNA::PA2G4P4,1,0.1
svm_l1,random_bank_rep_01,RNA::PABPC4,1,0.1
svm_l1,random_bank_rep_01,RNA::PKHD1,1,0.1
svm_l1,random_bank_rep_01,RNA::PLEKHA4,3,0.3
svm_l1,random_bank_rep_01,RNA::PMP2,4,0.4
svm_l1,random_bank_rep_01,RNA::POLR3F,1,0.1
svm_l1,random_bank_rep_01,RNA::PPIAL4C,1,0.1
svm_l1,random_bank_rep_01,RNA::PRR5-ARHGAP8,1,0.1
svm_l1,random_bank_rep_01,RNA::PWP1,1,0.1
svm_l1,random_bank_rep_01,RNA::RWDD2A,1,0.1
svm_l1,random_bank_rep_01,RNA::SAMD11,1,0.1
svm_l1,random_bank_rep_01,RNA::SCN7A,1,0.1
svm_l1,random_bank_rep_01,RNA::SCP2,1,0.1
svm_l1,random_bank_rep_01,RNA::SCRT2,1,0.1
svm_l1,random_bank_rep_01,RNA::SFRS4,1,0.1
svm_l1,random_bank_rep_01,RNA::SLC16A10,1,0.1
svm_l1,random_bank_rep_01,RNA::SNTG1,1,0.1
svm_l1,random_bank_rep_01,RNA::SPATS2,1,0.1
svm_l1,random_bank_rep_01,RNA::ST6GAL1,1,0.1
svm_l1,random_bank_rep_01,RNA::SUMF1,1,0.1
svm_l1,random_bank_rep_01,RNA::SUMO1P3,3,0.3
svm_l1,random_bank_rep_01,RNA::SUN3,2,0.2
svm_l1,random_bank_rep_01,RNA::SYNPO2,2,0.2
svm_l1,random_bank_rep_01,RNA::TARDBP,1,0.1
svm_l1,random_bank_rep_01,RNA::TCHH,1,0.1
svm_l1,random_bank_rep_01,RNA::THRAP3,1,0.1
svm_l1,random_bank_rep_01,RNA::TMEM149,1,0.1
svm_l1,random_bank_rep_01,RNA::TMEM18,1,0.1
svm_l1,random_bank_rep_01,RNA::TRIM35,1,0.1
svm_l1,random_bank_rep_01,RNA::TRIM48,1,0.1
svm_l1,random_bank_rep_01,RNA::WLS,1,0.1
svm_l1,random_bank_rep_01,RNA::ZNF596,1,0.1
svm_l1,random_bank_rep_01,RNA::ZNRF4,1,0.1
svm_l1,random_bank_rep_01,SCNV::KCTD15,3,0.3
svm_l1,random_bank_rep_01,SCNV::SLC25A33,1,0.1
svm_l1,random_bank_rep_01,SCNV::ZNF683,1,0.1
svm_l1,random_bank_rep_02,RNA::ABCG1,1,0.1
svm_l1,random_bank_rep_02,RNA::ACSM2A,1,0.1
svm_l1,random_bank_rep_02,RNA::ADAM2,1,0.1
svm_l1,random_bank_rep_02,RNA::AK2,2,0.2
svm_l1,random_bank_rep_02,RNA::AMH,1,0.1
svm_l1,random_bank_rep_02,RNA::AQP7P1,2,0.2
svm_l1,random_bank_rep_02,RNA::AQP7P3,1,0.1
svm_l1,random_bank_rep_02,RNA::ATP1B3,1,0.1
svm_l1,random_bank_rep_02,RNA::ATP5EP2,2,0.2
svm_l1,random_bank_rep_02,RNA::ATP8B5P,4,0.4
svm_l1,random_bank_rep_02,RNA::BAI1,1,0.1
svm_l1,random_bank_rep_02,RNA::C11orf92,1,0.1
svm_l1,random_bank_rep_02,RNA::C12orf43,1,0.1
svm_l1,random_bank_rep_02,RNA::C15orf21,2,0.2
svm_l1,random_bank_rep_02,RNA::C19orf61,1,0.1
svm_l1,random_bank_rep_02,RNA::C1orf87,1,0.1
svm_l1,random_bank_rep_02,RNA::CD69,1,0.1
svm_l1,random_bank_rep_02,RNA::CDK11B,1,0.1
svm_l1,random_bank_rep_02,RNA::CDKL1,1,0.1
svm_l1,random_bank_rep_02,RNA::CHRNA7,1,0.1
svm_l1,random_bank_rep_02,RNA::CNN3,1,0.1
svm_l1,random_bank_rep_02,RNA::CT45A1,2,0.2
svm_l1,random_bank_rep_02,RNA::CYB5R3,1,0.1
svm_l1,random_bank_rep_02,RNA::CYTL1,1,0.1
svm_l1,random_bank_rep_02,RNA::DGCR6,1,0.1
svm_l1,random_bank_rep_02,RNA::EEPD1,1,0.1
svm_l1,random_bank_rep_02,RNA::ESM1,1,0.1
svm_l1,random_bank_rep_02,RNA::FAM120AOS,1,0.1
svm_l1,random_bank_rep_02,RNA::FAM125B,1,0.1
svm_l1,random_bank_rep_02,RNA::FLJ35024,1,0.1
svm_l1,random_bank_rep_02,RNA::FTHL3,2,0.2
svm_l1,random_bank_rep_02,RNA::GAPT,1,0.1
svm_l1,random_bank_rep_02,RNA::GBP7,1,0.1
svm_l1,random_bank_rep_02,RNA::GCSH,1,0.1
svm_l1,random_bank_rep_02,RNA::GMDS,2,0.2
svm_l1,random_bank_rep_02,RNA::GP9,1,0.1
svm_l1,random_bank_rep_02,RNA::GPR182,2,0.2
svm_l1,random_bank_rep_02,RNA::HAPLN1,1,0.1
svm_l1,random_bank_rep_02,RNA::HDAC1,1,0.1
svm_l1,random_bank_rep_02,RNA::HERC2,1,0.1
svm_l1,random_bank_rep_02,RNA::HIST1H2BE,3,0.3
svm_l1,random_bank_rep_02,RNA::HIST1H4H,1,0.1
svm_l1,random_bank_rep_02,RNA::HLA-G,1,0.1
svm_l1,random_bank_rep_02,RNA::HNRNPA3P1,1,0.1
svm_l1,random_bank_rep_02,RNA::HSPC072,1,0.1
svm_l1,random_bank_rep_02,RNA::HTN3,2,0.2
svm_l1,random_bank_rep_02,RNA::ID3,1,0.1
svm_l1,random_bank_rep_02,RNA::IL9,1,0.1
svm_l1,random_bank_rep_02,RNA::ITGA8,1,0.1
svm_l1,random_bank_rep_02,RNA::KLHL4,1,0.1
svm_l1,random_bank_rep_02,RNA::LEKR1,4,0.4
svm_l1,random_bank_rep_02,RNA::LIMD2,1,0.1
svm_l1,random_bank_rep_02,RNA::LOC100129034,2,0.2
svm_l1,random_bank_rep_02,RNA::LOC100288778,1,0.1
svm_l1,random_bank_rep_02,RNA::LOC643387,5,0.5
svm_l1,random_bank_rep_02,RNA::LOC644936,2,0.2
svm_l1,random_bank_rep_02,RNA::LOC728643,3,0.3
svm_l1,random_bank_rep_02,RNA::MFNG,2,0.2
svm_l1,random_bank_rep_02,RNA::MIA,1,0.1
svm_l1,random_bank_rep_02,RNA::MSX2,1,0.1
svm_l1,random_bank_rep_02,RNA::MSX2P1,1,0.1
svm_l1,random_bank_rep_02,RNA::MYOZ2,1,0.1
svm_l1,random_bank_rep_02,RNA::NACAP1,2,0.2
svm_l1,random_bank_rep_02,RNA::NCRNA00169,1,0.1
svm_l1,random_bank_rep_02,RNA::NIF3L1,1,0.1
svm_l1,random_bank_rep_02,RNA::OR11G2,1,0.1
svm_l1,random_bank_rep_02,RNA::OR1L1,2,0.2
svm_l1,random_bank_rep_02,RNA::OR8D1,3,0.3
svm_l1,random_bank_rep_02,RNA::PA2G4P4,1,0.1
svm_l1,random_bank_rep_02,RNA::PABPC4,1,0.1
svm_l1,random_bank_rep_02,RNA::PARP9,1,0.1
svm_l1,random_bank_rep_02,RNA::PDZD9,2,0.2
svm_l1,random_bank_rep_02,RNA::PEX2,1,0.1
svm_l1,random_bank_rep_02,RNA::PGA5,2,0.2
svm_l1,random_bank_rep_02,RNA::PKHD1,1,0.1
svm_l1,random_bank_rep_02,RNA::PLEKHA4,1,0.1
svm_l1,random_bank_rep_02,RNA::PMP2,2,0.2
svm_l1,random_bank_rep_02,RNA::PRRG2,2,0.2
svm_l1,random_bank_rep_02,RNA::RGAG4,1,0.1
svm_l1,random_bank_rep_02,RNA::SLC16A10,1,0.1
svm_l1,random_bank_rep_02,RNA::SNTG1,1,0.1
svm_l1,random_bank_rep_02,RNA::SRXN1,3,0.3
svm_l1,random_bank_rep_02,RNA::SUMF1,2,0.2
svm_l1,random_bank_rep_02,RNA::SUMO1P3,2,0.2
svm_l1,random_bank_rep_02,RNA::SYF2,2,0.2
svm_l1,random_bank_rep_02,RNA::SYNPO2,2,0.2
svm_l1,random_bank_rep_02,RNA::TARDBP,1,0.1
svm_l1,random_bank_rep_02,RNA::TAS1R1,1,0.1
svm_l1,random_bank_rep_02,RNA::TCHH,1,0.1
svm_l1,random_bank_rep_02,RNA::THRAP3,2,0.2
svm_l1,random_bank_rep_02,RNA::TMEM149,2,0.2
svm_l1,random_bank_rep_02,RNA::TMX2,1,0.1
svm_l1,random_bank_rep_02,RNA::TRIM35,1,0.1
svm_l1,random_bank_rep_02,RNA::WLS,1,0.1
svm_l1,random_bank_rep_02,SCNV::GPR42,1,0.1
svm_l1,random_bank_rep_02,SCNV::KCTD15,3,0.3
svm_l1,random_bank_rep_02,SCNV::LIN28A,1,0.1
svm_l1,random_bank_rep_02,SCNV::LINC00662,2,0.2
svm_l1,random_bank_rep_02,SCNV::NPHS1,1,0.1
svm_l1,random_bank_rep_02,SCNV::SPATA21,2,0.2
svm_l1,random_bank_rep_03,RNA::ABCG1,2,0.2
svm_l1,random_bank_rep_03,RNA::ACSM2A,1,0.1
svm_l1,random_bank_rep_03,RNA::ADAM2,1,0.1
svm_l1,random_bank_rep_03,RNA::AK2,2,0.2
svm_l1,random_bank_rep_03,RNA::ANAPC5,1,0.1
svm_l1,random_bank_rep_03,RNA::AQP7P1,1,0.1
svm_l1,random_bank_rep_03,RNA::ARHGEF17,1,0.1
svm_l1,random_bank_rep_03,RNA::ARID5B,1,0.1
svm_l1,random_bank_rep_03,RNA::ARV1,1,0.1
svm_l1,random_bank_rep_03,RNA::ASAP3,1,0.1
svm_l1,random_bank_rep_03,RNA::ATP1B3,1,0.1
svm_l1,random_bank_rep_03,RNA::ATP5EP2,3,0.3
svm_l1,random_bank_rep_03,RNA::ATP8B5P,1,0.1
svm_l1,random_bank_rep_03,RNA::BAI1,1,0.1
svm_l1,random_bank_rep_03,RNA::C11orf92,1,0.1
svm_l1,random_bank_rep_03,RNA::C14orf105,1,0.1
svm_l1,random_bank_rep_03,RNA::C2orf61,1,0.1
svm_l1,random_bank_rep_03,RNA::C2orf67,1,0.1
svm_l1,random_bank_rep_03,RNA::C3orf48,2,0.2
svm_l1,random_bank_rep_03,RNA::C4A,1,0.1
svm_l1,random_bank_rep_03,RNA::CA9,1,0.1
svm_l1,random_bank_rep_03,RNA::CARD8,1,0.1
svm_l1,random_bank_rep_03,RNA::CCDC102A,2,0.2
svm_l1,random_bank_rep_03,RNA::CDK11B,2,0.2
svm_l1,random_bank_rep_03,RNA::CDKL1,1,0.1
svm_l1,random_bank_rep_03,RNA::CLIC6,1,0.1
svm_l1,random_bank_rep_03,RNA::CXCL13,1,0.1
svm_l1,random_bank_rep_03,RNA::CYTL1,1,0.1
svm_l1,random_bank_rep_03,RNA::DDX19B,1,0.1
svm_l1,random_bank_rep_03,RNA::ESM1,1,0.1
svm_l1,random_bank_rep_03,RNA::FAM120AOS,1,0.1
svm_l1,random_bank_rep_03,RNA::FAM159A,2,0.2
svm_l1,random_bank_rep_03,RNA::FOXD3,1,0.1
svm_l1,random_bank_rep_03,RNA::FOXG1,1,0.1
svm_l1,random_bank_rep_03,RNA::FTHL3,1,0.1
svm_l1,random_bank_rep_03,RNA::G6PC2,1,0.1
svm_l1,random_bank_rep_03,RNA::GAPT,2,0.2
svm_l1,random_bank_rep_03,RNA::GBP7,1,0.1
svm_l1,random_bank_rep_03,RNA::GCSH,2,0.2
svm_l1,random_bank_rep_03,RNA::GMDS,2,0.2
svm_l1,random_bank_rep_03,RNA::GPR182,1,0.1
svm_l1,random_bank_rep_03,RNA::GRM8,1,0.1
svm_l1,random_bank_rep_03,RNA::HAPLN1,1,0.1
svm_l1,random_bank_rep_03,RNA::HIST1H2BE,1,0.1
svm_l1,random_bank_rep_03,RNA::HIST1H4H,2,0.2
svm_l1,random_bank_rep_03,RNA::HK2,1,0.1
svm_l1,random_bank_rep_03,RNA::HKDC1,1,0.1
svm_l1,random_bank_rep_03,RNA::HMGA1,1,0.1
svm_l1,random_bank_rep_03,RNA::HNRNPA3P1,1,0.1
svm_l1,random_bank_rep_03,RNA::HPS3,1,0.1
svm_l1,random_bank_rep_03,RNA::HSPBAP1,2,0.2
svm_l1,random_bank_rep_03,RNA::HTN3,2,0.2
svm_l1,random_bank_rep_03,RNA::ID2B,1,0.1
svm_l1,random_bank_rep_03,RNA::ID3,3,0.3
svm_l1,random_bank_rep_03,RNA::IL12A,1,0.1
svm_l1,random_bank_rep_03,RNA::IL9,1,0.1
svm_l1,random_bank_rep_03,RNA::ITGA8,1,0.1
svm_l1,random_bank_rep_03,RNA::IVL,1,0.1
svm_l1,random_bank_rep_03,RNA::LEKR1,2,0.2
svm_l1,random_bank_rep_03,RNA::LIMD2,3,0.3
svm_l1,random_bank_rep_03,RNA::LOC100129034,2,0.2
svm_l1,random_bank_rep_03,RNA::LOC100240726,1,0.1
svm_l1,random_bank_rep_03,RNA::LOC100288778,1,0.1
svm_l1,random_bank_rep_03,RNA::LOC643387,4,0.4
svm_l1,random_bank_rep_03,RNA::LOC728643,1,0.1
svm_l1,random_bank_rep_03,RNA::LRRC3,1,0.1
svm_l1,random_bank_rep_03,RNA::LSM14A,1,0.1
svm_l1,random_bank_rep_03,RNA::MFNG,1,0.1
svm_l1,random_bank_rep_03,RNA::MIA,1,0.1
svm_l1,random_bank_rep_03,RNA::MLH1,1,0.1
svm_l1,random_bank_rep_03,RNA::MSX2,2,0.2
svm_l1,random_bank_rep_03,RNA::MSX2P1,1,0.1
svm_l1,random_bank_rep_03,RNA::MYOZ2,1,0.1
svm_l1,random_bank_rep_03,RNA::NACAP1,1,0.1
svm_l1,random_bank_rep_03,RNA::NECAP2,2,0.2
svm_l1,random_bank_rep_03,RNA::NIF3L1,1,0.1
svm_l1,random_bank_rep_03,RNA::OR1L1,2,0.2
svm_l1,random_bank_rep_03,RNA::OR6C75,2,0.2
svm_l1,random_bank_rep_03,RNA::OR8D1,3,0.3
svm_l1,random_bank_rep_03,RNA::PABPC4,1,0.1
svm_l1,random_bank_rep_03,RNA::PGA5,1,0.1
svm_l1,random_bank_rep_03,RNA::PLEKHA4,2,0.2
svm_l1,random_bank_rep_03,RNA::PMP2,2,0.2
svm_l1,random_bank_rep_03,RNA::PPAPDC2,1,0.1
svm_l1,random_bank_rep_03,RNA::PPIAL4C,1,0.1
svm_l1,random_bank_rep_03,RNA::PRUNE,1,0.1
svm_l1,random_bank_rep_03,RNA::PTDSS1,1,0.1
svm_l1,random_bank_rep_03,RNA::RBBP7,1,0.1
svm_l1,random_bank_rep_03,RNA::RGAG4,1,0.1
svm_l1,random_bank_rep_03,RNA::S100PBP,1,0.1
svm_l1,random_bank_rep_03,RNA::SHISA3,1,0.1
svm_l1,random_bank_rep_03,RNA::SLC17A8,1,0.1
svm_l1,random_bank_rep_03,RNA::SLC47A1,1,0.1
svm_l1,random_bank_rep_03,RNA::SLCO1A2,1,0.1
svm_l1,random_bank_rep_03,RNA::SNORD115-7,1,0.1
svm_l1,random_bank_rep_03,RNA::SNTG1,1,0.1
svm_l1,random_bank_rep_03,RNA::SRXN1,1,0.1
svm_l1,random_bank_rep_03,RNA::SUN3,1,0.1
svm_l1,random_bank_rep_03,RNA::SYF2,2,0.2
svm_l1,random_bank_rep_03,RNA::SYNPO2,1,0.1
svm_l1,random_bank_rep_03,RNA::TAOK3,1,0.1
svm_l1,random_bank_rep_03,RNA::TARDBP,1,0.1
svm_l1,random_bank_rep_03,RNA::THRAP3,3,0.3
svm_l1,random_bank_rep_03,RNA::TMEM159,1,0.1
svm_l1,random_bank_rep_03,RNA::TMEM178,2,0.2
svm_l1,random_bank_rep_03,RNA::TRIM35,1,0.1
svm_l1,random_bank_rep_03,SCNV::DAB1,1,0.1
svm_l1,random_bank_rep_03,SCNV::GPR42,1,0.1
svm_l1,random_bank_rep_03,SCNV::PEPD,1,0.1
svm_l1,random_bank_rep_03,SCNV::PEX14,2,0.2
svm_l1,random_bank_rep_04,RNA::ABCG1,2,0.2
svm_l1,random_bank_rep_04,RNA::ACADM,1,0.1
svm_l1,random_bank_rep_04,RNA::ACSM2A,2,0.2
svm_l1,random_bank_rep_04,RNA::ANGEL2,1,0.1
svm_l1,random_bank_rep_04,RNA::ANKRD20B,1,0.1
svm_l1,random_bank_rep_04,RNA::ANKRD27,1,0.1
svm_l1,random_bank_rep_04,RNA::ANO2,1,0.1
svm_l1,random_bank_rep_04,RNA::ARID5B,2,0.2
svm_l1,random_bank_rep_04,RNA::ASAP3,1,0.1
svm_l1,random_bank_rep_04,RNA::ATP1B3,1,0.1
svm_l1,random_bank_rep_04,RNA::ATP5EP2,1,0.1
svm_l1,random_bank_rep_04,RNA::ATP8B5P,5,0.5
svm_l1,random_bank_rep_04,RNA::C10orf131,1,0.1
svm_l1,random_bank_rep_04,RNA::C15orf21,2,0.2
svm_l1,random_bank_rep_04,RNA::C1orf123,1,0.1
svm_l1,random_bank_rep_04,RNA::C1orf87,1,0.1
svm_l1,random_bank_rep_04,RNA::C3orf38,1,0.1
svm_l1,random_bank_rep_04,RNA::C3orf48,2,0.2
svm_l1,random_bank_rep_04,RNA::CA9,1,0.1
svm_l1,random_bank_rep_04,RNA::CARD8,1,0.1
svm_l1,random_bank_rep_04,RNA::CASP1,1,0.1
svm_l1,random_bank_rep_04,RNA::CCDC102A,2,0.2
svm_l1,random_bank_rep_04,RNA::CHRDL2,1,0.1
svm_l1,random_bank_rep_04,RNA::CT45A1,1,0.1
svm_l1,random_bank_rep_04,RNA::CT45A3,1,0.1
svm_l1,random_bank_rep_04,RNA::CYTL1,1,0.1
svm_l1,random_bank_rep_04,RNA::DDX19B,1,0.1
svm_l1,random_bank_rep_04,RNA::DGCR6,1,0.1
svm_l1,random_bank_rep_04,RNA::DIRC3,1,0.1
svm_l1,random_bank_rep_04,RNA::EEF1A1P9,1,0.1
svm_l1,random_bank_rep_04,RNA::ESM1,1,0.1
svm_l1,random_bank_rep_04,RNA::FAM180B,1,0.1
svm_l1,random_bank_rep_04,RNA::FOXD3,1,0.1
svm_l1,random_bank_rep_04,RNA::FTHL3,2,0.2
svm_l1,random_bank_rep_04,RNA::FYCO1,2,0.2
svm_l1,random_bank_rep_04,RNA::G6PC2,1,0.1
svm_l1,random_bank_rep_04,RNA::GAPT,1,0.1
svm_l1,random_bank_rep_04,RNA::GBP7,2,0.2
svm_l1,random_bank_rep_04,RNA::GCSH,2,0.2
svm_l1,random_bank_rep_04,RNA::GLP1R,1,0.1
svm_l1,random_bank_rep_04,RNA::GOLGA6L5,1,0.1
svm_l1,random_bank_rep_04,RNA::GPR182,1,0.1
svm_l1,random_bank_rep_04,RNA::GRM8,1,0.1
svm_l1,random_bank_rep_04,RNA::HCG22,1,0.1
svm_l1,random_bank_rep_04,RNA::HERC2,1,0.1
svm_l1,random_bank_rep_04,RNA::HIST1H4H,1,0.1
svm_l1,random_bank_rep_04,RNA::HMGA1,1,0.1
svm_l1,random_bank_rep_04,RNA::HNRNPA3P1,2,0.2
svm_l1,random_bank_rep_04,RNA::HSPC072,1,0.1
svm_l1,random_bank_rep_04,RNA::ID3,1,0.1
svm_l1,random_bank_rep_04,RNA::KLHL4,1,0.1
svm_l1,random_bank_rep_04,RNA::LAYN,1,0.1
svm_l1,random_bank_rep_04,RNA::LEKR1,3,0.3
svm_l1,random_bank_rep_04,RNA::LGALS9C,1,0.1
svm_l1,random_bank_rep_04,RNA::LOC100129034,1,0.1
svm_l1,random_bank_rep_04,RNA::LOC341056,1,0.1
svm_l1,random_bank_rep_04,RNA::LOC643387,2,0.2
svm_l1,random_bank_rep_04,RNA::LOC723809,1,0.1
svm_l1,random_bank_rep_04,RNA::LOC728643,2,0.2
svm_l1,random_bank_rep_04,RNA::LSM14A,1,0.1
svm_l1,random_bank_rep_04,RNA::MFNG,2,0.2
svm_l1,random_bank_rep_04,RNA::MFSD2B,2,0.2
svm_l1,random_bank_rep_04,RNA::MIA,1,0.1
svm_l1,random_bank_rep_04,RNA::MLH1,1,0.1
svm_l1,random_bank_rep_04,RNA::MSX2,1,0.1
svm_l1,random_bank_rep_04,RNA::MSX2P1,2,0.2
svm_l1,random_bank_rep_04,RNA::MYH6,1,0.1
svm_l1,random_bank_rep_04,RNA::MYOZ2,2,0.2
svm_l1,random_bank_rep_04,RNA::NECAP2,1,0.1
svm_l1,random_bank_rep_04,RNA::NEU2,1,0.1
svm_l1,random_bank_rep_04,RNA::NIF3L1,1,0.1
svm_l1,random_bank_rep_04,RNA::NUDT3,1,0.1
svm_l1,random_bank_rep_04,RNA::OR11G2,1,0.1
svm_l1,random_bank_rep_04,RNA::OR5B12,1,0.1
svm_l1,random_bank_rep_04,RNA::OR6C75,1,0.1
svm_l1,random_bank_rep_04,RNA::PA2G4P4,1,0.1
svm_l1,random_bank_rep_04,RNA::PABPC4,1,0.1
svm_l1,random_bank_rep_04,RNA::PGA5,1,0.1
svm_l1,random_bank_rep_04,RNA::PLEKHA4,1,0.1
svm_l1,random_bank_rep_04,RNA::PMP2,2,0.2
svm_l1,random_bank_rep_04,RNA::PPAPDC2,1,0.1
svm_l1,random_bank_rep_04,RNA::PPIAL4C,2,0.2
svm_l1,random_bank_rep_04,RNA::PTDSS1,1,0.1
svm_l1,random_bank_rep_04,RNA::PURB,1,0.1
svm_l1,random_bank_rep_04,RNA::RAN,1,0.1
svm_l1,random_bank_rep_04,RNA::RGAG4,1,0.1
svm_l1,random_bank_rep_04,RNA::SEMA6A,1,0.1
svm_l1,random_bank_rep_04,RNA::SHQ1,1,0.1
svm_l1,random_bank_rep_04,RNA::SLC16A10,1,0.1
svm_l1,random_bank_rep_04,RNA::SLC47A1,1,0.1
svm_l1,random_bank_rep_04,RNA::SPATS2,1,0.1
svm_l1,random_bank_rep_04,RNA::SRXN1,2,0.2
svm_l1,random_bank_rep_04,RNA::ST6GAL1,1,0.1
svm_l1,random_bank_rep_04,RNA::SUMF1,1,0.1
svm_l1,random_bank_rep_04,RNA::SUMO1P3,2,0.2
svm_l1,random_bank_rep_04,RNA::SYF2,3,0.3
svm_l1,random_bank_rep_04,RNA::SYNPO2,2,0.2
svm_l1,random_bank_rep_04,RNA::TARDBP,1,0.1
svm_l1,random_bank_rep_04,RNA::TAS1R1,1,0.1
svm_l1,random_bank_rep_04,RNA::TFF2,1,0.1
svm_l1,random_bank_rep_04,RNA::THRAP3,2,0.2
svm_l1,random_bank_rep_04,RNA::TMEM149,2,0.2
svm_l1,random_bank_rep_04,RNA::TMEM178,1,0.1
svm_l1,random_bank_rep_04,RNA::TRIM35,1,0.1
svm_l1,random_bank_rep_04,RNA::TRIM48,1,0.1
svm_l1,random_bank_rep_04,RNA::VASH2,1,0.1
svm_l1,random_bank_rep_04,RNA::WLS,1,0.1
svm_l1,random_bank_rep_04,RNA::XRCC5,1,0.1
svm_l1,random_bank_rep_04,RNA::ZNF596,1,0.1
svm_l1,random_bank_rep_04,SCNV::AIM1L,1,0.1
svm_l1,random_bank_rep_04,SCNV::KCTD15,1,0.1
svm_l1,random_bank_rep_04,SCNV::LINC00662,1,0.1
svm_l1,random_bank_rep_04,SCNV::SLC25A33,1,0.1
svm_l1,random_bank_rep_04,SCNV::ZNF254,1,0.1
svm_l1,random_bank_rep_05,RNA::ABCG1,1,0.1
svm_l1,random_bank_rep_05,RNA::ADAM2,1,0.1
svm_l1,random_bank_rep_05,RNA::ANGEL2,3,0.3
svm_l1,random_bank_rep_05,RNA::ANKRD20B,1,0.1
svm_l1,random_bank_rep_05,RNA::AQP7P1,1,0.1
svm_l1,random_bank_rep_05,RNA::AQP7P3,1,0.1
svm_l1,random_bank_rep_05,RNA::ASAP3,1,0.1
svm_l1,random_bank_rep_05,RNA::ATP1B3,1,0.1
svm_l1,random_bank_rep_05,RNA::ATP5EP2,4,0.4
svm_l1,random_bank_rep_05,RNA::ATP8B5P,1,0.1
svm_l1,random_bank_rep_05,RNA::C15orf21,4,0.4
svm_l1,random_bank_rep_05,RNA::C1orf87,1,0.1
svm_l1,random_bank_rep_05,RNA::C2orf61,1,0.1
svm_l1,random_bank_rep_05,RNA::C3orf48,1,0.1
svm_l1,random_bank_rep_05,RNA::CARD8,2,0.2
svm_l1,random_bank_rep_05,RNA::CDK11B,1,0.1
svm_l1,random_bank_rep_05,RNA::CDKL1,2,0.2
svm_l1,random_bank_rep_05,RNA::CHRDL2,1,0.1
svm_l1,random_bank_rep_05,RNA::CHRNA7,1,0.1
svm_l1,random_bank_rep_05,RNA::CUL4A,1,0.1
svm_l1,random_bank_rep_05,RNA::CXCL13,1,0.1
svm_l1,random_bank_rep_05,RNA::CXorf21,1,0.1
svm_l1,random_bank_rep_05,RNA::CYTL1,1,0.1
svm_l1,random_bank_rep_05,RNA::DCPS,1,0.1
svm_l1,random_bank_rep_05,RNA::DMBX1,1,0.1
svm_l1,random_bank_rep_05,RNA::EEPD1,1,0.1
svm_l1,random_bank_rep_05,RNA::ESM1,1,0.1
svm_l1,random_bank_rep_05,RNA::EXOG,1,0.1
svm_l1,random_bank_rep_05,RNA::FAM120AOS,1,0.1
svm_l1,random_bank_rep_05,RNA::FAM180B,1,0.1
svm_l1,random_bank_rep_05,RNA::FOXD3,1,0.1
svm_l1,random_bank_rep_05,RNA::FOXG1,1,0.1
svm_l1,random_bank_rep_05,RNA::FYCO1,1,0.1
svm_l1,random_bank_rep_05,RNA::GAPT,1,0.1
svm_l1,random_bank_rep_05,RNA::GBP7,2,0.2
svm_l1,random_bank_rep_05,RNA::GCSH,3,0.3
svm_l1,random_bank_rep_05,RNA::GDF7,1,0.1
svm_l1,random_bank_rep_05,RNA::GMDS,1,0.1
svm_l1,random_bank_rep_05,RNA::GP9,1,0.1
svm_l1,random_bank_rep_05,RNA::GRM8,1,0.1
svm_l1,random_bank_rep_05,RNA::H3F3C,1,0.1
svm_l1,random_bank_rep_05,RNA::HAPLN1,1,0.1
svm_l1,random_bank_rep_05,RNA::HIST1H4H,2,0.2
svm_l1,random_bank_rep_05,RNA::HKDC1,1,0.1
svm_l1,random_bank_rep_05,RNA::HNRNPA3P1,1,0.1
svm_l1,random_bank_rep_05,RNA::HPS3,1,0.1
svm_l1,random_bank_rep_05,RNA::HRASLS,1,0.1
svm_l1,random_bank_rep_05,RNA::HSPC072,1,0.1
svm_l1,random_bank_rep_05,RNA::IL12A,1,0.1
svm_l1,random_bank_rep_05,RNA::ITGA8,1,0.1
svm_l1,random_bank_rep_05,RNA::LEKR1,4,0.4
svm_l1,random_bank_rep_05,RNA::LGALS9C,1,0.1
svm_l1,random_bank_rep_05,RNA::LOC100129034,1,0.1
svm_l1,random_bank_rep_05,RNA::LOC348021,1,0.1
svm_l1,random_bank_rep_05,RNA::LOC643387,1,0.1
svm_l1,random_bank_rep_05,RNA::LOC644936,2,0.2
svm_l1,random_bank_rep_05,RNA::LOC728643,3,0.3
svm_l1,random_bank_rep_05,RNA::LONRF1,1,0.1
svm_l1,random_bank_rep_05,RNA::LRRC3,1,0.1
svm_l1,random_bank_rep_05,RNA::LSM14A,2,0.2
svm_l1,random_bank_rep_05,RNA::MFNG,3,0.3
svm_l1,random_bank_rep_05,RNA::MFSD2B,4,0.4
svm_l1,random_bank_rep_05,RNA::MIA,2,0.2
svm_l1,random_bank_rep_05,RNA::MLH1,1,0.1
svm_l1,random_bank_rep_05,RNA::MRPS10,1,0.1
svm_l1,random_bank_rep_05,RNA::MSX2,1,0.1
svm_l1,random_bank_rep_05,RNA::MYH6,1,0.1
svm_l1,random_bank_rep_05,RNA::MYOZ2,3,0.3
svm_l1,random_bank_rep_05,RNA::NACAP1,2,0.2
svm_l1,random_bank_rep_05,RNA::NCRNA00169,1,0.1
svm_l1,random_bank_rep_05,RNA::NUDT3,1,0.1
svm_l1,random_bank_rep_05,RNA::OR8D1,3,0.3
svm_l1,random_bank_rep_05,RNA::PA2G4P4,4,0.4
svm_l1,random_bank_rep_05,RNA::PABPC4,1,0.1
svm_l1,random_bank_rep_05,RNA::PLEKHA4,1,0.1
svm_l1,random_bank_rep_05,RNA::PMP2,2,0.2
svm_l1,random_bank_rep_05,RNA::POLR2C,1,0.1
svm_l1,random_bank_rep_05,RNA::POLR3F,1,0.1
svm_l1,random_bank_rep_05,RNA::PPIAL4C,1,0.1
svm_l1,random_bank_rep_05,RNA::RAPSN,1,0.1
svm_l1,random_bank_rep_05,RNA::RNF115,1,0.1
svm_l1,random_bank_rep_05,RNA::SCP2,1,0.1
svm_l1,random_bank_rep_05,RNA::SLC47A1,1,0.1
svm_l1,random_bank_rep_05,RNA::SLCO1A2,1,0.1
svm_l1,random_bank_rep_05,RNA::SRXN1,1,0.1
svm_l1,random_bank_rep_05,RNA::ST6GAL1,1,0.1
svm_l1,random_bank_rep_05,RNA::SUMO1P3,1,0.1
svm_l1,random_bank_rep_05,RNA::SUN3,1,0.1
svm_l1,random_bank_rep_05,RNA::SYF2,2,0.2
svm_l1,random_bank_rep_05,RNA::SYNPO2,1,0.1
svm_l1,random_bank_rep_05,RNA::TAAR8,1,0.1
svm_l1,random_bank_rep_05,RNA::TAL1,1,0.1
svm_l1,random_bank_rep_05,RNA::TCHH,1,0.1
svm_l1,random_bank_rep_05,RNA::THRAP3,1,0.1
svm_l1,random_bank_rep_05,RNA::TMX2,1,0.1
svm_l1,random_bank_rep_05,RNA::TRIM35,2,0.2
svm_l1,random_bank_rep_05,RNA::VWCE,1,0.1
svm_l1,random_bank_rep_05,RNA::WLS,2,0.2
svm_l1,random_bank_rep_05,RNA::ZNF596,1,0.1
svm_l1,random_bank_rep_05,RNA::ZNRF4,1,0.1
svm_l1,random_bank_rep_05,SCNV::DAB1,2,0.2
svm_l1,random_bank_rep_05,SCNV::GPR42,1,0.1
svm_l1,random_bank_rep_05,SCNV::KCTD15,1,0.1
svm_l1,random_bank_rep_05,SCNV::LINC00662,1,0.1
svm_l1,random_bank_rep_05,SCNV::SLC7A9,1,0.1
svm_l1,random_bank_rep_05,SCNV::SPATA21,1,0.1
svm_l1,stability_matched,RNA::ACSM2A,1,0.1
svm_l1,stability_matched,RNA::AMH,1,0.1
svm_l1,stability_matched,RNA::ARID5B,2,0.2
svm_l1,stability_matched,RNA::ATP5EP2,7,0.7
svm_l1,stability_matched,RNA::BRF2,1,0.1
svm_l1,stability_matched,RNA::C15orf21,1,0.1
svm_l1,stability_matched,RNA::C3orf48,3,0.3
svm_l1,stability_matched,RNA::CA9,1,0.1
svm_l1,stability_matched,RNA::CARD8,1,0.1
svm_l1,stability_matched,RNA::CLIC6,1,0.1
svm_l1,stability_matched,RNA::CLP1,1,0.1
svm_l1,stability_matched,RNA::CT45A3,1,0.1
svm_l1,stability_matched,RNA::EEF1A1P9,3,0.3
svm_l1,stability_matched,RNA::EXOG,1,0.1
svm_l1,stability_matched,RNA::FTHL3,10,1.0
svm_l1,stability_matched,RNA::GCSH,10,1.0
svm_l1,stability_matched,RNA::GLP1R,1,0.1
svm_l1,stability_matched,RNA::GP9,1,0.1
svm_l1,stability_matched,RNA::GPR182,2,0.2
svm_l1,stability_matched,RNA::HNRNPA3P1,9,0.9
svm_l1,stability_matched,RNA::HRASLS,1,0.1
svm_l1,stability_matched,RNA::LAYN,2,0.2
svm_l1,stability_matched,RNA::LEKR1,3,0.3
svm_l1,stability_matched,RNA::LOC100129034,1,0.1
svm_l1,stability_matched,RNA::LOC100133050,1,0.1
svm_l1,stability_matched,RNA::LOC100288778,1,0.1
svm_l1,stability_matched,RNA::LOC341056,1,0.1
svm_l1,stability_matched,RNA::LOC643387,10,1.0
svm_l1,stability_matched,RNA::LOC644936,4,0.4
svm_l1,stability_matched,RNA::LOC723809,1,0.1
svm_l1,stability_matched,RNA::LOC728643,10,1.0
svm_l1,stability_matched,RNA::MFSD2B,1,0.1
svm_l1,stability_matched,RNA::NACAP1,10,1.0
svm_l1,stability_matched,RNA::NUDT3,1,0.1
svm_l1,stability_matched,RNA::OR5B12,1,0.1
svm_l1,stability_matched,RNA::OR8D1,1,0.1
svm_l1,stability_matched,RNA::PA2G4P4,3,0.3
svm_l1,stability_matched,RNA::PGRMC2,1,0.1
svm_l1,stability_matched,RNA::PKHD1,1,0.1
svm_l1,stability_matched,RNA::PPAPDC2,1,0.1
svm_l1,stability_matched,RNA::PPIAL4C,10,1.0
svm_l1,stability_matched,RNA::PRRG2,1,0.1
svm_l1,stability_matched,RNA::PURB,1,0.1
svm_l1,stability_matched,RNA::RNF115,1,0.1
svm_l1,stability_matched,RNA::SCN7A,1,0.1
svm_l1,stability_matched,RNA::SHISA3,1,0.1
svm_l1,stability_matched,RNA::SNORD115-7,1,0.1
svm_l1,stability_matched,RNA::SUMO1P3,7,0.7
svm_l1,stability_matched,RNA::SUN3,2,0.2
svm_l1,stability_matched,RNA::TAC4,1,0.1
svm_l1,stability_matched,RNA::TMX2,2,0.2
svm_l1,stability_matched,RNA::TRIM35,1,0.1
svm_l1,stability_matched,RNA::TRIM48,1,0.1
svm_l1,stability_matched,RNA::XIRP1,1,0.1
svm_l1,stability_matched,RNA::ZNF596,2,0.2
svm_l1,stability_native,RNA::ABCG1,4,0.4
svm_l1,stability_native,RNA::ACADM,1,0.1
svm_l1,stability_native,RNA::ACSM2A,2,0.2
svm_l1,stability_native,RNA::ADAM2,6,0.6
svm_l1,stability_native,RNA::AGPAT4,1,0.1
svm_l1,stability_native,RNA::AMH,1,0.1
svm_l1,stability_native,RNA::AMZ2P1,1,0.1
svm_l1,stability_native,RNA::ANAPC5,1,0.1
svm_l1,stability_native,RNA::ANGEL2,5,0.5
svm_l1,stability_native,RNA::ANKRD20B,2,0.2
svm_l1,stability_native,RNA::ANKRD27,2,0.2
svm_l1,stability_native,RNA::ANO2,1,0.1
svm_l1,stability_native,RNA::AQP7P1,1,0.1
svm_l1,stability_native,RNA::AQP7P3,1,0.1
svm_l1,stability_native,RNA::ARID5B,2,0.2
svm_l1,stability_native,RNA::ARV1,1,0.1
svm_l1,stability_native,RNA::ATP1B3,2,0.2
svm_l1,stability_native,RNA::ATP5EP2,10,1.0
svm_l1,stability_native,RNA::ATP8B5P,10,1.0
svm_l1,stability_native,RNA::BASE,1,0.1
svm_l1,stability_native,RNA::BFAR,1,0.1
svm_l1,stability_native,RNA::BNIP3L,1,0.1
svm_l1,stability_native,RNA::BRF2,1,0.1
svm_l1,stability_native,RNA::C10orf131,1,0.1
svm_l1,stability_native,RNA::C11orf92,1,0.1
svm_l1,stability_native,RNA::C12orf43,1,0.1
svm_l1,stability_native,RNA::C14orf105,2,0.2
svm_l1,stability_native,RNA::C14orf143,2,0.2
svm_l1,stability_native,RNA::C15orf21,9,0.9
svm_l1,stability_native,RNA::C1orf107,1,0.1
svm_l1,stability_native,RNA::C1orf87,1,0.1
svm_l1,stability_native,RNA::C22orf15,1,0.1
svm_l1,stability_native,RNA::C2orf61,1,0.1
svm_l1,stability_native,RNA::C2orf67,1,0.1
svm_l1,stability_native,RNA::C3orf38,2,0.2
svm_l1,stability_native,RNA::C3orf48,5,0.5
svm_l1,stability_native,RNA::CA9,1,0.1
svm_l1,stability_native,RNA::CAPZA3,1,0.1
svm_l1,stability_native,RNA::CARD8,9,0.9
svm_l1,stability_native,RNA::CCDC102A,1,0.1
svm_l1,stability_native,RNA::CCDC127,1,0.1
svm_l1,stability_native,RNA::CCDC34,1,0.1
svm_l1,stability_native,RNA::CD151,1,0.1
svm_l1,stability_native,RNA::CD69,1,0.1
svm_l1,stability_native,RNA::CDK11B,3,0.3
svm_l1,stability_native,RNA::CDKL1,2,0.2
svm_l1,stability_native,RNA::CEP70,1,0.1
svm_l1,stability_native,RNA::CERKL,1,0.1
svm_l1,stability_native,RNA::CHRDL2,2,0.2
svm_l1,stability_native,RNA::CLIC6,1,0.1
svm_l1,stability_native,RNA::CLP1,3,0.3
svm_l1,stability_native,RNA::CMC1,1,0.1
svm_l1,stability_native,RNA::CNNM3,1,0.1
svm_l1,stability_native,RNA::CSTF1,1,0.1
svm_l1,stability_native,RNA::CT45A1,5,0.5
svm_l1,stability_native,RNA::CT45A3,1,0.1
svm_l1,stability_native,RNA::CUL4A,1,0.1
svm_l1,stability_native,RNA::CXCL13,1,0.1
svm_l1,stability_native,RNA::CXorf21,2,0.2
svm_l1,stability_native,RNA::CYB5R3,1,0.1
svm_l1,stability_native,RNA::CYTL1,2,0.2
svm_l1,stability_native,RNA::DDX19B,1,0.1
svm_l1,stability_native,RNA::DGKK,1,0.1
svm_l1,stability_native,RNA::DIRC3,1,0.1
svm_l1,stability_native,RNA::DMBX1,1,0.1
svm_l1,stability_native,RNA::ECHDC3,1,0.1
svm_l1,stability_native,RNA::EEF1A1P9,3,0.3
svm_l1,stability_native,RNA::EEPD1,2,0.2
svm_l1,stability_native,RNA::EML5,1,0.1
svm_l1,stability_native,RNA::ERMP1,1,0.1
svm_l1,stability_native,RNA::ESM1,2,0.2
svm_l1,stability_native,RNA::EXOG,1,0.1
svm_l1,stability_native,RNA::FAM120AOS,1,0.1
svm_l1,stability_native,RNA::FAM159A,4,0.4
svm_l1,stability_native,RNA::FAM180B,2,0.2
svm_l1,stability_native,RNA::FHL3,2,0.2
svm_l1,stability_native,RNA::FLJ35024,1,0.1
svm_l1,stability_native,RNA::FOXD3,3,0.3
svm_l1,stability_native,RNA::FOXG1,1,0.1
svm_l1,stability_native,RNA::FTHL3,10,1.0
svm_l1,stability_native,RNA::FXN,2,0.2
svm_l1,stability_native,RNA::FYCO1,2,0.2
svm_l1,stability_native,RNA::G6PC2,4,0.4
svm_l1,stability_native,RNA::GAPT,3,0.3
svm_l1,stability_native,RNA::GCSH,10,1.0
svm_l1,stability_native,RNA::GKN1,1,0.1
svm_l1,stability_native,RNA::GLP1R,1,0.1
svm_l1,stability_native,RNA::GMDS,1,0.1
svm_l1,stability_native,RNA::GOLGA6L5,1,0.1
svm_l1,stability_native,RNA::GP9,3,0.3
svm_l1,stability_native,RNA::GPR182,4,0.4
svm_l1,stability_native,RNA::GPR89A,1,0.1
svm_l1,stability_native,RNA::H3F3C,2,0.2
svm_l1,stability_native,RNA::HAPLN1,2,0.2
svm_l1,stability_native,RNA::HBZ,1,0.1
svm_l1,stability_native,RNA::HCG22,2,0.2
svm_l1,stability_native,RNA::HECA,1,0.1
svm_l1,stability_native,RNA::HERC2,1,0.1
svm_l1,stability_native,RNA::HIST1H2BE,3,0.3
svm_l1,stability_native,RNA::HIST1H4H,6,0.6
svm_l1,stability_native,RNA::HK2,1,0.1
svm_l1,stability_native,RNA::HKDC1,1,0.1
svm_l1,stability_native,RNA::HLA-G,1,0.1
svm_l1,stability_native,RNA::HMGA1,1,0.1
svm_l1,stability_native,RNA::HNRNPA3P1,9,0.9
svm_l1,stability_native,RNA::HPS3,2,0.2
svm_l1,stability_native,RNA::HRASLS,1,0.1
svm_l1,stability_native,RNA::HSPC072,1,0.1
svm_l1,stability_native,RNA::HTN3,4,0.4
svm_l1,stability_native,RNA::ID2B,2,0.2
svm_l1,stability_native,RNA::ID3,2,0.2
svm_l1,stability_native,RNA::IL12A,2,0.2
svm_l1,stability_native,RNA::IL9,1,0.1
svm_l1,stability_native,RNA::ITGA8,2,0.2
svm_l1,stability_native,RNA::IVL,1,0.1
svm_l1,stability_native,RNA::KLHL4,1,0.1
svm_l1,stability_native,RNA::KRTAP4-7,1,0.1
svm_l1,stability_native,RNA::LAYN,2,0.2
svm_l1,stability_native,RNA::LCE1E,1,0.1
svm_l1,stability_native,RNA::LEKR1,9,0.9
svm_l1,stability_native,RNA::LIMD2,3,0.3
svm_l1,stability_native,RNA::LOC100129034,7,0.7
svm_l1,stability_native,RNA::LOC100132831,1,0.1
svm_l1,stability_native,RNA::LOC100133050,1,0.1
svm_l1,stability_native,RNA::LOC100240726,2,0.2
svm_l1,stability_native,RNA::LOC100288778,2,0.2
svm_l1,stability_native,RNA::LOC151162,1,0.1
svm_l1,stability_native,RNA::LOC341056,3,0.3
svm_l1,stability_native,RNA::LOC348021,1,0.1
svm_l1,stability_native,RNA::LOC643387,10,1.0
svm_l1,stability_native,RNA::LOC644936,4,0.4
svm_l1,stability_native,RNA::LOC723809,1,0.1
svm_l1,stability_native,RNA::LOC728643,10,1.0
svm_l1,stability_native,RNA::LONRF1,2,0.2
svm_l1,stability_native,RNA::LSM14A,1,0.1
svm_l1,stability_native,RNA::MCM6,1,0.1
svm_l1,stability_native,RNA::MFN2,1,0.1
svm_l1,stability_native,RNA::MFNG,8,0.8
svm_l1,stability_native,RNA::MFSD2B,10,1.0
svm_l1,stability_native,RNA::MIA,3,0.3
svm_l1,stability_native,RNA::MRPS10,3,0.3
svm_l1,stability_native,RNA::MSX2,4,0.4
svm_l1,stability_native,RNA::MSX2P1,2,0.2
svm_l1,stability_native,RNA::MYH6,4,0.4
svm_l1,stability_native,RNA::MYOZ2,5,0.5
svm_l1,stability_native,RNA::NACAP1,10,1.0
svm_l1,stability_native,RNA::NANP,1,0.1
svm_l1,stability_native,RNA::NCF1C,2,0.2
svm_l1,stability_native,RNA::NCRNA00169,1,0.1
svm_l1,stability_native,RNA::NEU2,1,0.1
svm_l1,stability_native,RNA::NIF3L1,4,0.4
svm_l1,stability_native,RNA::NTN1,1,0.1
svm_l1,stability_native,RNA::NUDT3,5,0.5
svm_l1,stability_native,RNA::OR11G2,1,0.1
svm_l1,stability_native,RNA::OR1L1,4,0.4
svm_l1,stability_native,RNA::OR4D11,1,0.1
svm_l1,stability_native,RNA::OR5B12,1,0.1
svm_l1,stability_native,RNA::OR6C75,6,0.6
svm_l1,stability_native,RNA::OR8D1,6,0.6
svm_l1,stability_native,RNA::PA2G4P4,8,0.8
svm_l1,stability_native,RNA::PARP9,1,0.1
svm_l1,stability_native,RNA::PCDHGB7,1,0.1
svm_l1,stability_native,RNA::PDZD9,1,0.1
svm_l1,stability_native,RNA::PEX2,1,0.1
svm_l1,stability_native,RNA::PGA5,4,0.4
svm_l1,stability_native,RNA::PGRMC2,3,0.3
svm_l1,stability_native,RNA::PKHD1,1,0.1
svm_l1,stability_native,RNA::PLEKHA2,1,0.1
svm_l1,stability_native,RNA::PLEKHA4,5,0.5
svm_l1,stability_native,RNA::PMP2,8,0.8
svm_l1,stability_native,RNA::POLR2C,3,0.3
svm_l1,stability_native,RNA::POLR3F,1,0.1
svm_l1,stability_native,RNA::PPAPDC2,1,0.1
svm_l1,stability_native,RNA::PPIAL4C,10,1.0
svm_l1,stability_native,RNA::PRR5-ARHGAP8,1,0.1
svm_l1,stability_native,RNA::PRRG2,3,0.3
svm_l1,stability_native,RNA::PRUNE,1,0.1
svm_l1,stability_native,RNA::PTDSS1,1,0.1
svm_l1,stability_native,RNA::PURB,1,0.1
svm_l1,stability_native,RNA::PWP1,2,0.2
svm_l1,stability_native,RNA::RAN,1,0.1
svm_l1,stability_native,RNA::RAPSN,1,0.1
svm_l1,stability_native,RNA::RGAG4,4,0.4
svm_l1,stability_native,RNA::RNF115,1,0.1
svm_l1,stability_native,RNA::RPL13AP3,1,0.1
svm_l1,stability_native,RNA::SAMD11,1,0.1
svm_l1,stability_native,RNA::SCN7A,3,0.3
svm_l1,stability_native,RNA::SEMA6A,1,0.1
svm_l1,stability_native,RNA::SHISA3,1,0.1
svm_l1,stability_native,RNA::SHQ1,1,0.1
svm_l1,stability_native,RNA::SLC16A10,2,0.2
svm_l1,stability_native,RNA::SLC17A8,1,0.1
svm_l1,stability_native,RNA::SLC47A1,5,0.5
svm_l1,stability_native,RNA::SNORD115-7,1,0.1
svm_l1,stability_native,RNA::SNTG1,3,0.3
svm_l1,stability_native,RNA::SRXN1,5,0.5
svm_l1,stability_native,RNA::ST6GAL1,2,0.2
svm_l1,stability_native,RNA::STC2,1,0.1
svm_l1,stability_native,RNA::SUMF1,2,0.2
svm_l1,stability_native,RNA::SUMO1P3,10,1.0
svm_l1,stability_native,RNA::SUN3,3,0.3
svm_l1,stability_native,RNA::SYF2,7,0.7
svm_l1,stability_native,RNA::SYNPO2,1,0.1
svm_l1,stability_native,RNA::TAAR8,2,0.2
svm_l1,stability_native,RNA::TAC4,1,0.1
svm_l1,stability_native,RNA::TAOK3,1,0.1
svm_l1,stability_native,RNA::TARDBP,1,0.1
svm_l1,stability_native,RNA::TBC1D25,1,0.1
svm_l1,stability_native,RNA::TCHH,1,0.1
svm_l1,stability_native,RNA::TFF2,2,0.2
svm_l1,stability_native,RNA::THAP8,2,0.2
svm_l1,stability_native,RNA::THRAP3,4,0.4
svm_l1,stability_native,RNA::TMEM106C,1,0.1
svm_l1,stability_native,RNA::TMEM159,1,0.1
svm_l1,stability_native,RNA::TMEM178,3,0.3
svm_l1,stability_native,RNA::TMEM18,3,0.3
svm_l1,stability_native,RNA::TMX2,5,0.5
svm_l1,stability_native,RNA::TRIM35,8,0.8
svm_l1,stability_native,RNA::TRIM48,3,0.3
svm_l1,stability_native,RNA::VASH2,1,0.1
svm_l1,stability_native,RNA::VWCE,1,0.1
svm_l1,stability_native,RNA::XIRP1,1,0.1
svm_l1,stability_native,RNA::XRCC5,1,0.1
svm_l1,stability_native,RNA::ZNF263,2,0.2
svm_l1,stability_native,RNA::ZNF596,3,0.3
svm_l1,stability_native,RNA::ZNF75D,1,0.1
svm_l1,stability_native,RNA::ZNRF4,2,0.2
svm_l1,stability_native,SCNV::KCTD15,1,0.1
svm_l1,stability_native,SCNV::LIN28A,1,0.1
svm_l1,stability_native,SCNV::LINC00662,3,0.3
svm_l1,stability_native,SCNV::LZIC,1,0.1
svm_l1,stability_native,SCNV::PEX14,2,0.2
svm_l1,stability_native,SCNV::RNA5SP40,1,0.1
svm_l1,stability_native,SCNV::SLC25A33,1,0.1
svm_l1,stability_native,SCNV::SPATA21,1,0.1
svm_l1,stability_native,SCNV::ZNF254,1,0.1
svm_l1,stability_native,SCNV::ZNF726,1,0.1
xgboost,elastic_net_matched,RNA::ABCA10,1,0.1
xgboost,elastic_net_matched,RNA::ADAMTS2,1,0.1
xgboost,elastic_net_matched,RNA::AFF3,1,0.1
xgboost,elastic_net_matched,RNA::AKR1CL1,1,0.1
xgboost,elastic_net_matched,RNA::ANGEL2,1,0.1
xgboost,elastic_net_matched,RNA::ANKRD20A3,1,0.1
xgboost,elastic_net_matched,RNA::ANO2,1,0.1
xgboost,elastic_net_matched,RNA::ANXA10,1,0.1
xgboost,elastic_net_matched,RNA::AOC2,1,0.1
xgboost,elastic_net_matched,RNA::APOBEC3G,1,0.1
xgboost,elastic_net_matched,RNA::ASAP3,4,0.4
xgboost,elastic_net_matched,RNA::ASB8,1,0.1
xgboost,elastic_net_matched,RNA::ATP2A3,1,0.1
xgboost,elastic_net_matched,RNA::ATP5EP2,2,0.2
xgboost,elastic_net_matched,RNA::ATP8B5P,4,0.4
xgboost,elastic_net_matched,RNA::BFAR,1,0.1
xgboost,elastic_net_matched,RNA::C10orf131,1,0.1
xgboost,elastic_net_matched,RNA::C14orf182,1,0.1
xgboost,elastic_net_matched,RNA::C15orf21,3,0.3
xgboost,elastic_net_matched,RNA::C17orf103,1,0.1
xgboost,elastic_net_matched,RNA::C18orf56,1,0.1
xgboost,elastic_net_matched,RNA::C20orf111,1,0.1
xgboost,elastic_net_matched,RNA::C22orf15,1,0.1
xgboost,elastic_net_matched,RNA::CAPN8,1,0.1
xgboost,elastic_net_matched,RNA::CCDC158,1,0.1
xgboost,elastic_net_matched,RNA::CCL1,1,0.1
xgboost,elastic_net_matched,RNA::CDK11B,2,0.2
xgboost,elastic_net_matched,RNA::CKLF,1,0.1
xgboost,elastic_net_matched,RNA::CLEC7A,1,0.1
xgboost,elastic_net_matched,RNA::CLIC6,1,0.1
xgboost,elastic_net_matched,RNA::COG2,1,0.1
xgboost,elastic_net_matched,RNA::COL6A2,1,0.1
xgboost,elastic_net_matched,RNA::CRLS1,1,0.1
xgboost,elastic_net_matched,RNA::CST6,1,0.1
xgboost,elastic_net_matched,RNA::CT45A1,1,0.1
xgboost,elastic_net_matched,RNA::DRD2,1,0.1
xgboost,elastic_net_matched,RNA::EEF1A1P9,10,1.0
xgboost,elastic_net_matched,RNA::ERGIC3,1,0.1
xgboost,elastic_net_matched,RNA::ETNK1,1,0.1
xgboost,elastic_net_matched,RNA::FAF2,2,0.2
xgboost,elastic_net_matched,RNA::FAM190A,1,0.1
xgboost,elastic_net_matched,RNA::FAM24B,1,0.1
xgboost,elastic_net_matched,RNA::FAM58B,1,0.1
xgboost,elastic_net_matched,RNA::FAM65A,1,0.1
xgboost,elastic_net_matched,RNA::FCRLB,1,0.1
xgboost,elastic_net_matched,RNA::FRG1B,1,0.1
xgboost,elastic_net_matched,RNA::FTHL3,5,0.5
xgboost,elastic_net_matched,RNA::FZD4,1,0.1
xgboost,elastic_net_matched,RNA::G6PC2,3,0.3
xgboost,elastic_net_matched,RNA::GALR1,1,0.1
xgboost,elastic_net_matched,RNA::GCSH,2,0.2
xgboost,elastic_net_matched,RNA::GOLGB1,1,0.1
xgboost,elastic_net_matched,RNA::GPR128,1,0.1
xgboost,elastic_net_matched,RNA::GPR182,1,0.1
xgboost,elastic_net_matched,RNA::GSTM2,1,0.1
xgboost,elastic_net_matched,RNA::HEATR7B2,1,0.1
xgboost,elastic_net_matched,RNA::HERC2,1,0.1
xgboost,elastic_net_matched,RNA::HIST1H2BE,1,0.1
xgboost,elastic_net_matched,RNA::HNRNPA3P1,5,0.5
xgboost,elastic_net_matched,RNA::HPS3,1,0.1
xgboost,elastic_net_matched,RNA::IL2RA,1,0.1
xgboost,elastic_net_matched,RNA::JMJD5,1,0.1
xgboost,elastic_net_matched,RNA::KDELR1,3,0.3
xgboost,elastic_net_matched,RNA::KIAA0649,1,0.1
xgboost,elastic_net_matched,RNA::LDLRAD2,1,0.1
xgboost,elastic_net_matched,RNA::LOC148413,1,0.1
xgboost,elastic_net_matched,RNA::LOC341056,3,0.3
xgboost,elastic_net_matched,RNA::LOC407835,1,0.1
xgboost,elastic_net_matched,RNA::LOC442454,3,0.3
xgboost,elastic_net_matched,RNA::LOC643387,1,0.1
xgboost,elastic_net_matched,RNA::LOC644936,1,0.1
xgboost,elastic_net_matched,RNA::LSM14A,1,0.1
xgboost,elastic_net_matched,RNA::MAK16,1,0.1
xgboost,elastic_net_matched,RNA::MFSD2B,1,0.1
xgboost,elastic_net_matched,RNA::MIA,1,0.1
xgboost,elastic_net_matched,RNA::MORF4L1,1,0.1
xgboost,elastic_net_matched,RNA::MTHFR,1,0.1
xgboost,elastic_net_matched,RNA::MTX1,1,0.1
xgboost,elastic_net_matched,RNA::NFIA,4,0.4
xgboost,elastic_net_matched,RNA::NOP56,1,0.1
xgboost,elastic_net_matched,RNA::NPVF,1,0.1
xgboost,elastic_net_matched,RNA::NUAK2,1,0.1
xgboost,elastic_net_matched,RNA::NUDT13,1,0.1
xgboost,elastic_net_matched,RNA::NUDT9,1,0.1
xgboost,elastic_net_matched,RNA::OTUD1,1,0.1
xgboost,elastic_net_matched,RNA::P2RX3,1,0.1
xgboost,elastic_net_matched,RNA::PABPC4,1,0.1
xgboost,elastic_net_matched,RNA::PCBP3,2,0.2
xgboost,elastic_net_matched,RNA::PCDHGB7,1,0.1
xgboost,elastic_net_matched,RNA::PGF,1,0.1
xgboost,elastic_net_matched,RNA::PGRMC2,1,0.1
xgboost,elastic_net_matched,RNA::PIK3R6,2,0.2
xgboost,elastic_net_matched,RNA::PLCB4,1,0.1
xgboost,elastic_net_matched,RNA::PLEKHA4,1,0.1
xgboost,elastic_net_matched,RNA::PLSCR1,2,0.2
xgboost,elastic_net_matched,RNA::PNPLA1,1,0.1
xgboost,elastic_net_matched,RNA::PPIAL4C,4,0.4
xgboost,elastic_net_matched,RNA::PPT2,1,0.1
xgboost,elastic_net_matched,RNA::PTDSS1,1,0.1
xgboost,elastic_net_matched,RNA::RAB41,1,0.1
xgboost,elastic_net_matched,RNA::RAPGEF5,1,0.1
xgboost,elastic_net_matched,RNA::RDH16,1,0.1
xgboost,elastic_net_matched,RNA::RGS10,1,0.1
xgboost,elastic_net_matched,RNA::RNF186,1,0.1
xgboost,elastic_net_matched,RNA::RPL19P12,1,0.1
xgboost,elastic_net_matched,RNA::RYBP,1,0.1
xgboost,elastic_net_matched,RNA::S100PBP,1,0.1
xgboost,elastic_net_matched,RNA::SC65,1,0.1
xgboost,elastic_net_matched,RNA::SEMA6A,1,0.1
xgboost,elastic_net_matched,RNA::SEPT9,1,0.1
xgboost,elastic_net_matched,RNA::SFRP2,1,0.1
xgboost,elastic_net_matched,RNA::SGCZ,1,0.1
xgboost,elastic_net_matched,RNA::SLC10A3,1,0.1
xgboost,elastic_net_matched,RNA::SLC39A2,1,0.1
xgboost,elastic_net_matched,RNA::SLC47A1,1,0.1
xgboost,elastic_net_matched,RNA::SLC6A1,1,0.1
xgboost,elastic_net_matched,RNA::SMOC2,1,0.1
xgboost,elastic_net_matched,RNA::SRP19,1,0.1
xgboost,elastic_net_matched,RNA::STAG3L1,1,0.1
xgboost,elastic_net_matched,RNA::SUMF1,1,0.1
xgboost,elastic_net_matched,RNA::SUMO1P3,1,0.1
xgboost,elastic_net_matched,RNA::SUSD3,1,0.1
xgboost,elastic_net_matched,RNA::TAF15,1,0.1
xgboost,elastic_net_matched,RNA::TARDBP,1,0.1
xgboost,elastic_net_matched,RNA::TBRG4,1,0.1
xgboost,elastic_net_matched,RNA::THRAP3,5,0.5
xgboost,elastic_net_matched,RNA::TMEM108,1,0.1
xgboost,elastic_net_matched,RNA::TMEM149,2,0.2
xgboost,elastic_net_matched,RNA::TMEM87A,1,0.1
xgboost,elastic_net_matched,RNA::TOP1P2,2,0.2
xgboost,elastic_net_matched,RNA::TP53I3,2,0.2
xgboost,elastic_net_matched,RNA::TRIM10,1,0.1
xgboost,elastic_net_matched,RNA::TTC39C,1,0.1
xgboost,elastic_net_matched,RNA::TTC5,1,0.1
xgboost,elastic_net_matched,RNA::UGT1A10,1,0.1
xgboost,elastic_net_matched,RNA::UPF3B,1,0.1
xgboost,elastic_net_matched,RNA::USP30,1,0.1
xgboost,elastic_net_matched,RNA::YLPM1,1,0.1
xgboost,elastic_net_matched,RNA::ZCCHC14,1,0.1
xgboost,elastic_net_matched,RNA::ZMAT2,1,0.1
xgboost,elastic_net_matched,SCNV::DAB1,1,0.1
xgboost,elastic_net_matched,SCNV::ENO1,1,0.1
xgboost,elastic_net_matched,SCNV::FCN3,1,0.1
xgboost,elastic_net_matched,SCNV::FFAR3,1,0.1
xgboost,elastic_net_matched,SCNV::PEX14,1,0.1
xgboost,elastic_net_matched,SCNV::PLEKHF1,1,0.1
xgboost,elastic_net_matched,SCNV::RELN,1,0.1
xgboost,elastic_net_native,RNA::AAA1,1,0.1
xgboost,elastic_net_native,RNA::ABCA10,1,0.1
xgboost,elastic_net_native,RNA::ABCA12,1,0.1
xgboost,elastic_net_native,RNA::ABCA17P,1,0.1
xgboost,elastic_net_native,RNA::ABCA9,1,0.1
xgboost,elastic_net_native,RNA::ABCD1,1,0.1
xgboost,elastic_net_native,RNA::ABCG1,1,0.1
xgboost,elastic_net_native,RNA::ABCG5,1,0.1
xgboost,elastic_net_native,RNA::ABHD5,1,0.1
xgboost,elastic_net_native,RNA::ABI1,1,0.1
xgboost,elastic_net_native,RNA::ACAD8,1,0.1
xgboost,elastic_net_native,RNA::ACAP3,1,0.1
xgboost,elastic_net_native,RNA::ACN9,1,0.1
xgboost,elastic_net_native,RNA::ACOX1,1,0.1
xgboost,elastic_net_native,RNA::ACSBG1,1,0.1
xgboost,elastic_net_native,RNA::ACSM5,1,0.1
xgboost,elastic_net_native,RNA::ADAM8,1,0.1
xgboost,elastic_net_native,RNA::ADAMTS2,1,0.1
xgboost,elastic_net_native,RNA::ADCYAP1,1,0.1
xgboost,elastic_net_native,RNA::ADH1B,1,0.1
xgboost,elastic_net_native,RNA::ADH1C,1,0.1
xgboost,elastic_net_native,RNA::AFF3,1,0.1
xgboost,elastic_net_native,RNA::AFMID,1,0.1
xgboost,elastic_net_native,RNA::AIFM3,1,0.1
xgboost,elastic_net_native,RNA::AKAP7,1,0.1
xgboost,elastic_net_native,RNA::AKR1CL1,2,0.2
xgboost,elastic_net_native,RNA::ALDH18A1,1,0.1
xgboost,elastic_net_native,RNA::ALG10B,1,0.1
xgboost,elastic_net_native,RNA::ALG14,1,0.1
xgboost,elastic_net_native,RNA::ALG2,1,0.1
xgboost,elastic_net_native,RNA::ALKBH3,2,0.2
xgboost,elastic_net_native,RNA::ANGEL2,1,0.1
xgboost,elastic_net_native,RNA::ANK1,1,0.1
xgboost,elastic_net_native,RNA::ANKHD1-EIF4EBP3,1,0.1
xgboost,elastic_net_native,RNA::ANKRD12,1,0.1
xgboost,elastic_net_native,RNA::ANKRD20A3,2,0.2
xgboost,elastic_net_native,RNA::ANKRD31,2,0.2
xgboost,elastic_net_native,RNA::ANO2,1,0.1
xgboost,elastic_net_native,RNA::ANO5,1,0.1
xgboost,elastic_net_native,RNA::ANP32D,1,0.1
xgboost,elastic_net_native,RNA::ANP32E,1,0.1
xgboost,elastic_net_native,RNA::ANXA10,1,0.1
xgboost,elastic_net_native,RNA::AOC2,1,0.1
xgboost,elastic_net_native,RNA::APBA2,1,0.1
xgboost,elastic_net_native,RNA::APBA3,1,0.1
xgboost,elastic_net_native,RNA::APOBEC2,1,0.1
xgboost,elastic_net_native,RNA::APOBEC3G,1,0.1
xgboost,elastic_net_native,RNA::APOC4,1,0.1
xgboost,elastic_net_native,RNA::APOE,1,0.1
xgboost,elastic_net_native,RNA::APOL3,1,0.1
xgboost,elastic_net_native,RNA::ARFIP2,1,0.1
xgboost,elastic_net_native,RNA::ARHGAP1,1,0.1
xgboost,elastic_net_native,RNA::ARHGAP6,1,0.1
xgboost,elastic_net_native,RNA::ARHGAP9,1,0.1
xgboost,elastic_net_native,RNA::ARHGEF15,1,0.1
xgboost,elastic_net_native,RNA::ARHGEF18,1,0.1
xgboost,elastic_net_native,RNA::ARHGEF3,1,0.1
xgboost,elastic_net_native,RNA::ARHGEF35,1,0.1
xgboost,elastic_net_native,RNA::ARL4C,1,0.1
xgboost,elastic_net_native,RNA::ARSK,1,0.1
xgboost,elastic_net_native,RNA::ASAP3,9,0.9
xgboost,elastic_net_native,RNA::ASB8,1,0.1
xgboost,elastic_net_native,RNA::ATP13A1,1,0.1
xgboost,elastic_net_native,RNA::ATP2A3,1,0.1
xgboost,elastic_net_native,RNA::ATP5EP2,2,0.2
xgboost,elastic_net_native,RNA::ATP7B,1,0.1
xgboost,elastic_net_native,RNA::ATP8B5P,4,0.4
xgboost,elastic_net_native,RNA::ATXN7,1,0.1
xgboost,elastic_net_native,RNA::AVEN,1,0.1
xgboost,elastic_net_native,RNA::AZI2,1,0.1
xgboost,elastic_net_native,RNA::B3GNT5,2,0.2
xgboost,elastic_net_native,RNA::B3GNT7,1,0.1
xgboost,elastic_net_native,RNA::BARX1,1,0.1
xgboost,elastic_net_native,RNA::BAX,1,0.1
xgboost,elastic_net_native,RNA::BCKDHA,1,0.1
xgboost,elastic_net_native,RNA::BCL11B,1,0.1
xgboost,elastic_net_native,RNA::BFAR,2,0.2
xgboost,elastic_net_native,RNA::BTF3L4,1,0.1
xgboost,elastic_net_native,RNA::BTLA,1,0.1
xgboost,elastic_net_native,RNA::BTRC,1,0.1
xgboost,elastic_net_native,RNA::BVES,1,0.1
xgboost,elastic_net_native,RNA::C10orf131,1,0.1
xgboost,elastic_net_native,RNA::C10orf75,1,0.1
xgboost,elastic_net_native,RNA::C11orf65,1,0.1
xgboost,elastic_net_native,RNA::C11orf70,1,0.1
xgboost,elastic_net_native,RNA::C12orf50,1,0.1
xgboost,elastic_net_native,RNA::C12orf59,1,0.1
xgboost,elastic_net_native,RNA::C12orf65,1,0.1
xgboost,elastic_net_native,RNA::C14orf102,1,0.1
xgboost,elastic_net_native,RNA::C14orf143,1,0.1
xgboost,elastic_net_native,RNA::C14orf182,1,0.1
xgboost,elastic_net_native,RNA::C14orf23,1,0.1
xgboost,elastic_net_native,RNA::C14orf68,1,0.1
xgboost,elastic_net_native,RNA::C14orf70,1,0.1
xgboost,elastic_net_native,RNA::C15orf21,3,0.3
xgboost,elastic_net_native,RNA::C15orf34,1,0.1
xgboost,elastic_net_native,RNA::C15orf38,1,0.1
xgboost,elastic_net_native,RNA::C15orf55,1,0.1
xgboost,elastic_net_native,RNA::C15orf59,1,0.1
xgboost,elastic_net_native,RNA::C16orf72,1,0.1
xgboost,elastic_net_native,RNA::C17orf102,1,0.1
xgboost,elastic_net_native,RNA::C17orf103,1,0.1
xgboost,elastic_net_native,RNA::C17orf46,1,0.1
xgboost,elastic_net_native,RNA::C18orf2,1,0.1
xgboost,elastic_net_native,RNA::C18orf26,1,0.1
xgboost,elastic_net_native,RNA::C18orf56,1,0.1
xgboost,elastic_net_native,RNA::C18orf8,1,0.1
xgboost,elastic_net_native,RNA::C19orf52,1,0.1
xgboost,elastic_net_native,RNA::C1orf116,1,0.1
xgboost,elastic_net_native,RNA::C1orf135,1,0.1
xgboost,elastic_net_native,RNA::C1orf187,1,0.1
xgboost,elastic_net_native,RNA::C1orf55,2,0.2
xgboost,elastic_net_native,RNA::C20orf111,1,0.1
xgboost,elastic_net_native,RNA::C22orf15,1,0.1
xgboost,elastic_net_native,RNA::C2orf43,1,0.1
xgboost,elastic_net_native,RNA::C2orf67,1,0.1
xgboost,elastic_net_native,RNA::C3orf38,4,0.4
xgboost,elastic_net_native,RNA::C3orf49,1,0.1
xgboost,elastic_net_native,RNA::C3orf77,1,0.1
xgboost,elastic_net_native,RNA::C5orf60,1,0.1
xgboost,elastic_net_native,RNA::C6orf124,1,0.1
xgboost,elastic_net_native,RNA::C6orf142,1,0.1
xgboost,elastic_net_native,RNA::C6orf147,2,0.2
xgboost,elastic_net_native,RNA::C8orf4,1,0.1
xgboost,elastic_net_native,RNA::C9orf40,1,0.1
xgboost,elastic_net_native,RNA::C9orf78,1,0.1
xgboost,elastic_net_native,RNA::C9orf80,1,0.1
xgboost,elastic_net_native,RNA::CAMK2G,1,0.1
xgboost,elastic_net_native,RNA::CAPN8,1,0.1
xgboost,elastic_net_native,RNA::CARD11,1,0.1
xgboost,elastic_net_native,RNA::CBLL1,2,0.2
xgboost,elastic_net_native,RNA::CC2D2A,1,0.1
xgboost,elastic_net_native,RNA::CCDC107,1,0.1
xgboost,elastic_net_native,RNA::CCDC130,1,0.1
xgboost,elastic_net_native,RNA::CCDC136,1,0.1
xgboost,elastic_net_native,RNA::CCDC142,1,0.1
xgboost,elastic_net_native,RNA::CCDC158,1,0.1
xgboost,elastic_net_native,RNA::CCDC41,1,0.1
xgboost,elastic_net_native,RNA::CCDC46,1,0.1
xgboost,elastic_net_native,RNA::CCL1,1,0.1
xgboost,elastic_net_native,RNA::CCNJL,1,0.1
xgboost,elastic_net_native,RNA::CD3EAP,1,0.1
xgboost,elastic_net_native,RNA::CDC42EP4,1,0.1
xgboost,elastic_net_native,RNA::CDH13,1,0.1
xgboost,elastic_net_native,RNA::CDH20,1,0.1
xgboost,elastic_net_native,RNA::CDH23,1,0.1
xgboost,elastic_net_native,RNA::CDH5,1,0.1
xgboost,elastic_net_native,RNA::CDHR3,1,0.1
xgboost,elastic_net_native,RNA::CDK11B,2,0.2
xgboost,elastic_net_native,RNA::CDK2AP1,1,0.1
xgboost,elastic_net_native,RNA::CDKAL1,1,0.1
xgboost,elastic_net_native,RNA::CEBPA,1,0.1
xgboost,elastic_net_native,RNA::CEBPG,1,0.1
xgboost,elastic_net_native,RNA::CECR7,1,0.1
xgboost,elastic_net_native,RNA::CENPC1,1,0.1
xgboost,elastic_net_native,RNA::CHD1L,1,0.1
xgboost,elastic_net_native,RNA::CHRNA7,1,0.1
xgboost,elastic_net_native,RNA::CHTF8,1,0.1
xgboost,elastic_net_native,RNA::CKLF,1,0.1
xgboost,elastic_net_native,RNA::CLCN6,1,0.1
xgboost,elastic_net_native,RNA::CLEC7A,2,0.2
xgboost,elastic_net_native,RNA::CLGN,1,0.1
xgboost,elastic_net_native,RNA::CLIC6,1,0.1
xgboost,elastic_net_native,RNA::CLUAP1,1,0.1
xgboost,elastic_net_native,RNA::CNN3,2,0.2
xgboost,elastic_net_native,RNA::COG2,1,0.1
xgboost,elastic_net_native,RNA::COL6A2,1,0.1
xgboost,elastic_net_native,RNA::CPO,1,0.1
xgboost,elastic_net_native,RNA::CRLS1,1,0.1
xgboost,elastic_net_native,RNA::CRYZL1,1,0.1
xgboost,elastic_net_native,RNA::CST6,1,0.1
xgboost,elastic_net_native,RNA::CSTF1,1,0.1
xgboost,elastic_net_native,RNA::CT45A1,2,0.2
xgboost,elastic_net_native,RNA::CTAGE4,1,0.1
xgboost,elastic_net_native,RNA::CTNNBL1,1,0.1
xgboost,elastic_net_native,RNA::CXorf26,1,0.1
xgboost,elastic_net_native,RNA::CYP21A2,2,0.2
xgboost,elastic_net_native,RNA::CYP27B1,1,0.1
xgboost,elastic_net_native,RNA::CYP4F12,2,0.2
xgboost,elastic_net_native,RNA::CYP51A1,1,0.1
xgboost,elastic_net_native,RNA::CYYR1,1,0.1
xgboost,elastic_net_native,RNA::DAG1,1,0.1
xgboost,elastic_net_native,RNA::DAGLB,1,0.1
xgboost,elastic_net_native,RNA::DBNDD2,1,0.1
xgboost,elastic_net_native,RNA::DCHS2,1,0.1
xgboost,elastic_net_native,RNA::DCUN1D3,1,0.1
xgboost,elastic_net_native,RNA::DDAH1,1,0.1
xgboost,elastic_net_native,RNA::DDOST,1,0.1
xgboost,elastic_net_native,RNA::DEGS2,1,0.1
xgboost,elastic_net_native,RNA::DIAPH1,1,0.1
xgboost,elastic_net_native,RNA::DIAPH2,1,0.1
xgboost,elastic_net_native,RNA::DIS3L2,1,0.1
xgboost,elastic_net_native,RNA::DLGAP1,1,0.1
xgboost,elastic_net_native,RNA::DNAJC5B,1,0.1
xgboost,elastic_net_native,RNA::DNALI1,1,0.1
xgboost,elastic_net_native,RNA::DPM3,1,0.1
xgboost,elastic_net_native,RNA::DPP6,1,0.1
xgboost,elastic_net_native,RNA::DPPA4,1,0.1
xgboost,elastic_net_native,RNA::DRD2,1,0.1
xgboost,elastic_net_native,RNA::DRG2,1,0.1
xgboost,elastic_net_native,RNA::EBI3,1,0.1
xgboost,elastic_net_native,RNA::EEF1A1P9,10,1.0
xgboost,elastic_net_native,RNA::EFNA2,1,0.1
xgboost,elastic_net_native,RNA::EGR1,1,0.1
xgboost,elastic_net_native,RNA::EHBP1L1,1,0.1
xgboost,elastic_net_native,RNA::EIF1B,1,0.1
xgboost,elastic_net_native,RNA::ENPP7,1,0.1
xgboost,elastic_net_native,RNA::ERGIC3,1,0.1
xgboost,elastic_net_native,RNA::ERP44,1,0.1
xgboost,elastic_net_native,RNA::ETNK1,1,0.1
xgboost,elastic_net_native,RNA::EWSR1,1,0.1
xgboost,elastic_net_native,RNA::EXOC3,2,0.2
xgboost,elastic_net_native,RNA::EYS,1,0.1
xgboost,elastic_net_native,RNA::FADD,1,0.1
xgboost,elastic_net_native,RNA::FAF2,2,0.2
xgboost,elastic_net_native,RNA::FAM124A,1,0.1
xgboost,elastic_net_native,RNA::FAM133A,1,0.1
xgboost,elastic_net_native,RNA::FAM13AOS,1,0.1
xgboost,elastic_net_native,RNA::FAM190A,1,0.1
xgboost,elastic_net_native,RNA::FAM192A,1,0.1
xgboost,elastic_net_native,RNA::FAM24B,1,0.1
xgboost,elastic_net_native,RNA::FAM46D,1,0.1
xgboost,elastic_net_native,RNA::FAM58B,1,0.1
xgboost,elastic_net_native,RNA::FAM65A,1,0.1
xgboost,elastic_net_native,RNA::FAM98B,1,0.1
xgboost,elastic_net_native,RNA::FANCF,1,0.1
xgboost,elastic_net_native,RNA::FASTKD2,1,0.1
xgboost,elastic_net_native,RNA::FBLIM1,1,0.1
xgboost,elastic_net_native,RNA::FBXO21,2,0.2
xgboost,elastic_net_native,RNA::FBXO25,1,0.1
xgboost,elastic_net_native,RNA::FCHSD2,1,0.1
xgboost,elastic_net_native,RNA::FCRLB,1,0.1
xgboost,elastic_net_native,RNA::FETUB,1,0.1
xgboost,elastic_net_native,RNA::FGFBP2,1,0.1
xgboost,elastic_net_native,RNA::FICD,1,0.1
xgboost,elastic_net_native,RNA::FITM1,1,0.1
xgboost,elastic_net_native,RNA::FLJ34503,1,0.1
xgboost,elastic_net_native,RNA::FLJ39582,1,0.1
xgboost,elastic_net_native,RNA::FLYWCH1,1,0.1
xgboost,elastic_net_native,RNA::FMOD,1,0.1
xgboost,elastic_net_native,RNA::FOLH1B,1,0.1
xgboost,elastic_net_native,RNA::FOXI1,1,0.1
xgboost,elastic_net_native,RNA::FOXL2,1,0.1
xgboost,elastic_net_native,RNA::FPGT,1,0.1
xgboost,elastic_net_native,RNA::FRAT2,1,0.1
xgboost,elastic_net_native,RNA::FRG1B,1,0.1
xgboost,elastic_net_native,RNA::FTHL3,5,0.5
xgboost,elastic_net_native,RNA::FZD4,1,0.1
xgboost,elastic_net_native,RNA::G6PC2,3,0.3
xgboost,elastic_net_native,RNA::GAB2,1,0.1
xgboost,elastic_net_native,RNA::GALNS,1,0.1
xgboost,elastic_net_native,RNA::GALR1,1,0.1
xgboost,elastic_net_native,RNA::GATA2,1,0.1
xgboost,elastic_net_native,RNA::GATSL2,1,0.1
xgboost,elastic_net_native,RNA::GBA,1,0.1
xgboost,elastic_net_native,RNA::GBP7,1,0.1
xgboost,elastic_net_native,RNA::GCSH,2,0.2
xgboost,elastic_net_native,RNA::GFI1B,1,0.1
xgboost,elastic_net_native,RNA::GGTLC1,1,0.1
xgboost,elastic_net_native,RNA::GHDC,1,0.1
xgboost,elastic_net_native,RNA::GLIS1,1,0.1
xgboost,elastic_net_native,RNA::GLIS2,1,0.1
xgboost,elastic_net_native,RNA::GMPS,1,0.1
xgboost,elastic_net_native,RNA::GNAI1,1,0.1
xgboost,elastic_net_native,RNA::GNG10,1,0.1
xgboost,elastic_net_native,RNA::GOLGB1,1,0.1
xgboost,elastic_net_native,RNA::GOT2,1,0.1
xgboost,elastic_net_native,RNA::GPBAR1,1,0.1
xgboost,elastic_net_native,RNA::GPR128,1,0.1
xgboost,elastic_net_native,RNA::GPR143,1,0.1
xgboost,elastic_net_native,RNA::GPR18,1,0.1
xgboost,elastic_net_native,RNA::GPR182,2,0.2
xgboost,elastic_net_native,RNA::GPR89B,1,0.1
xgboost,elastic_net_native,RNA::GPR98,1,0.1
xgboost,elastic_net_native,RNA::GSTM2,1,0.1
xgboost,elastic_net_native,RNA::GTF2IRD2,1,0.1
xgboost,elastic_net_native,RNA::GTF2IRD2P1,1,0.1
xgboost,elastic_net_native,RNA::GTPBP5,1,0.1
xgboost,elastic_net_native,RNA::GUCY1B2,1,0.1
xgboost,elastic_net_native,RNA::H6PD,1,0.1
xgboost,elastic_net_native,RNA::HAX1,1,0.1
xgboost,elastic_net_native,RNA::HEATR7B2,1,0.1
xgboost,elastic_net_native,RNA::HECA,1,0.1
xgboost,elastic_net_native,RNA::HERC2,2,0.2
xgboost,elastic_net_native,RNA::HERC5,1,0.1
xgboost,elastic_net_native,RNA::HIST1H1E,1,0.1
xgboost,elastic_net_native,RNA::HIST1H2BE,1,0.1
xgboost,elastic_net_native,RNA::HIST1H2BG,1,0.1
xgboost,elastic_net_native,RNA::HNRNPA3P1,5,0.5
xgboost,elastic_net_native,RNA::HOXB2,1,0.1
xgboost,elastic_net_native,RNA::HOXB7,1,0.1
xgboost,elastic_net_native,RNA::HPS3,1,0.1
xgboost,elastic_net_native,RNA::HSD3B2,1,0.1
xgboost,elastic_net_native,RNA::HSPA12B,1,0.1
xgboost,elastic_net_native,RNA::HUS1B,1,0.1
xgboost,elastic_net_native,RNA::IFIH1,1,0.1
xgboost,elastic_net_native,RNA::IFNA21,1,0.1
xgboost,elastic_net_native,RNA::IFNE,1,0.1
xgboost,elastic_net_native,RNA::IFT140,1,0.1
xgboost,elastic_net_native,RNA::IGF2BP2,1,0.1
xgboost,elastic_net_native,RNA::IHH,1,0.1
xgboost,elastic_net_native,RNA::IL2RA,1,0.1
xgboost,elastic_net_native,RNA::INPP1,1,0.1
xgboost,elastic_net_native,RNA::IRS4,1,0.1
xgboost,elastic_net_native,RNA::ITPKA,1,0.1
xgboost,elastic_net_native,RNA::JMJD5,1,0.1
xgboost,elastic_net_native,RNA::KANK4,1,0.1
xgboost,elastic_net_native,RNA::KCNH4,1,0.1
xgboost,elastic_net_native,RNA::KCNJ11,1,0.1
xgboost,elastic_net_native,RNA::KDELR1,4,0.4
xgboost,elastic_net_native,RNA::KIAA0195,1,0.1
xgboost,elastic_net_native,RNA::KIAA0649,2,0.2
xgboost,elastic_net_native,RNA::KIAA0664,1,0.1
xgboost,elastic_net_native,RNA::KIAA1024,1,0.1
xgboost,elastic_net_native,RNA::KLHL12,1,0.1
xgboost,elastic_net_native,RNA::KLHL15,1,0.1
xgboost,elastic_net_native,RNA::KRTAP5-3,1,0.1
xgboost,elastic_net_native,RNA::L3MBTL3,1,0.1
xgboost,elastic_net_native,RNA::LBX1,1,0.1
xgboost,elastic_net_native,RNA::LCN12,1,0.1
xgboost,elastic_net_native,RNA::LDLRAD2,1,0.1
xgboost,elastic_net_native,RNA::LGALS1,1,0.1
xgboost,elastic_net_native,RNA::LGSN,1,0.1
xgboost,elastic_net_native,RNA::LIAS,1,0.1
xgboost,elastic_net_native,RNA::LMF1,1,0.1
xgboost,elastic_net_native,RNA::LMO2,1,0.1
xgboost,elastic_net_native,RNA::LMOD1,1,0.1
xgboost,elastic_net_native,RNA::LOC100128292,1,0.1
xgboost,elastic_net_native,RNA::LOC100128573,1,0.1
xgboost,elastic_net_native,RNA::LOC100132724,1,0.1
xgboost,elastic_net_native,RNA::LOC100133612,1,0.1
xgboost,elastic_net_native,RNA::LOC100272216,1,0.1
xgboost,elastic_net_native,RNA::LOC148413,1,0.1
xgboost,elastic_net_native,RNA::LOC162632,1,0.1
xgboost,elastic_net_native,RNA::LOC283922,1,0.1
xgboost,elastic_net_native,RNA::LOC286467,1,0.1
xgboost,elastic_net_native,RNA::LOC341056,3,0.3
xgboost,elastic_net_native,RNA::LOC407835,1,0.1
xgboost,elastic_net_native,RNA::LOC441204,1,0.1
xgboost,elastic_net_native,RNA::LOC442454,3,0.3
xgboost,elastic_net_native,RNA::LOC442459,1,0.1
xgboost,elastic_net_native,RNA::LOC643387,1,0.1
xgboost,elastic_net_native,RNA::LOC644936,1,0.1
xgboost,elastic_net_native,RNA::LOC647121,1,0.1
xgboost,elastic_net_native,RNA::LOC647288,1,0.1
xgboost,elastic_net_native,RNA::LOC647309,1,0.1
xgboost,elastic_net_native,RNA::LOC728323,1,0.1
xgboost,elastic_net_native,RNA::LOC90784,1,0.1
xgboost,elastic_net_native,RNA::LOC92659,1,0.1
xgboost,elastic_net_native,RNA::LRRC42,1,0.1
xgboost,elastic_net_native,RNA::LRRC4C,1,0.1
xgboost,elastic_net_native,RNA::LRRK1,1,0.1
xgboost,elastic_net_native,RNA::LRRN4CL,1,0.1
xgboost,elastic_net_native,RNA::LRRTM4,1,0.1
xgboost,elastic_net_native,RNA::LSM14A,2,0.2
xgboost,elastic_net_native,RNA::MADD,1,0.1
xgboost,elastic_net_native,RNA::MAK16,1,0.1
xgboost,elastic_net_native,RNA::MAP4K1,1,0.1
xgboost,elastic_net_native,RNA::MARVELD3,1,0.1
xgboost,elastic_net_native,RNA::MASTL,1,0.1
xgboost,elastic_net_native,RNA::MCOLN1,1,0.1
xgboost,elastic_net_native,RNA::MECP2,1,0.1
xgboost,elastic_net_native,RNA::METTL9,1,0.1
xgboost,elastic_net_native,RNA::MEX3C,1,0.1
xgboost,elastic_net_native,RNA::MFSD11,1,0.1
xgboost,elastic_net_native,RNA::MFSD2B,2,0.2
xgboost,elastic_net_native,RNA::MGAT4B,1,0.1
xgboost,elastic_net_native,RNA::MGC16703,1,0.1
xgboost,elastic_net_native,RNA::MGST1,1,0.1
xgboost,elastic_net_native,RNA::MIA,1,0.1
xgboost,elastic_net_native,RNA::MKRN2,2,0.2
xgboost,elastic_net_native,RNA::MLANA,1,0.1
xgboost,elastic_net_native,RNA::MMP13,1,0.1
xgboost,elastic_net_native,RNA::MN1,1,0.1
xgboost,elastic_net_native,RNA::MORF4L1,1,0.1
xgboost,elastic_net_native,RNA::MOSPD3,1,0.1
xgboost,elastic_net_native,RNA::MRC1,1,0.1
xgboost,elastic_net_native,RNA::MRPL22,1,0.1
xgboost,elastic_net_native,RNA::MRPL35,1,0.1
xgboost,elastic_net_native,RNA::MRPL52,1,0.1
xgboost,elastic_net_native,RNA::MRPS5,1,0.1
xgboost,elastic_net_native,RNA::MRS2,1,0.1
xgboost,elastic_net_native,RNA::MS4A15,1,0.1
xgboost,elastic_net_native,RNA::MST1P9,1,0.1
xgboost,elastic_net_native,RNA::MTHFR,1,0.1
xgboost,elastic_net_native,RNA::MTX1,1,0.1
xgboost,elastic_net_native,RNA::MXRA8,1,0.1
xgboost,elastic_net_native,RNA::MYO1C,1,0.1
xgboost,elastic_net_native,RNA::MYOM2,1,0.1
xgboost,elastic_net_native,RNA::MYST2,1,0.1
xgboost,elastic_net_native,RNA::NADK,1,0.1
xgboost,elastic_net_native,RNA::NALCN,1,0.1
xgboost,elastic_net_native,RNA::NAP1L6,1,0.1
xgboost,elastic_net_native,RNA::NBPF3,1,0.1
xgboost,elastic_net_native,RNA::NCRNA00169,1,0.1
xgboost,elastic_net_native,RNA::NEB,1,0.1
xgboost,elastic_net_native,RNA::NECAP2,1,0.1
xgboost,elastic_net_native,RNA::NEURL3,1,0.1
xgboost,elastic_net_native,RNA::NEUROG2,1,0.1
xgboost,elastic_net_native,RNA::NEUROG3,1,0.1
xgboost,elastic_net_native,RNA::NFIA,8,0.8
xgboost,elastic_net_native,RNA::NIPAL4,1,0.1
xgboost,elastic_net_native,RNA::NKX2-8,1,0.1
xgboost,elastic_net_native,RNA::NLGN3,1,0.1
xgboost,elastic_net_native,RNA::NMI,1,0.1
xgboost,elastic_net_native,RNA::NOC2L,1,0.1
xgboost,elastic_net_native,RNA::NOP56,1,0.1
xgboost,elastic_net_native,RNA::NOP58,1,0.1
xgboost,elastic_net_native,RNA::NPHP1,1,0.1
xgboost,elastic_net_native,RNA::NPIP,1,0.1
xgboost,elastic_net_native,RNA::NPVF,1,0.1
xgboost,elastic_net_native,RNA::NR2E1,1,0.1
xgboost,elastic_net_native,RNA::NT5C3,1,0.1
xgboost,elastic_net_native,RNA::NUAK2,1,0.1
xgboost,elastic_net_native,RNA::NUDT11,1,0.1
xgboost,elastic_net_native,RNA::NUDT13,1,0.1
xgboost,elastic_net_native,RNA::NUDT9,1,0.1
xgboost,elastic_net_native,RNA::OAT,1,0.1
xgboost,elastic_net_native,RNA::OR2C1,1,0.1
xgboost,elastic_net_native,RNA::OTUD1,1,0.1
xgboost,elastic_net_native,RNA::P2RX3,1,0.1
xgboost,elastic_net_native,RNA::PABPC4,1,0.1
xgboost,elastic_net_native,RNA::PAFAH1B1,1,0.1
xgboost,elastic_net_native,RNA::PAPD5,1,0.1
xgboost,elastic_net_native,RNA::PAPPA2,2,0.2
xgboost,elastic_net_native,RNA::PARK7,1,0.1
xgboost,elastic_net_native,RNA::PCBP3,3,0.3
xgboost,elastic_net_native,RNA::PCDHA1,1,0.1
xgboost,elastic_net_native,RNA::PCDHGB7,1,0.1
xgboost,elastic_net_native,RNA::PCSK9,1,0.1
xgboost,elastic_net_native,RNA::PDCD5,1,0.1
xgboost,elastic_net_native,RNA::PDCD6,1,0.1
xgboost,elastic_net_native,RNA::PDE9A,1,0.1
xgboost,elastic_net_native,RNA::PDHA1,1,0.1
xgboost,elastic_net_native,RNA::PDIA4,1,0.1
xgboost,elastic_net_native,RNA::PFN2,1,0.1
xgboost,elastic_net_native,RNA::PGF,1,0.1
xgboost,elastic_net_native,RNA::PGM5,1,0.1
xgboost,elastic_net_native,RNA::PGRMC2,1,0.1
xgboost,elastic_net_native,RNA::PHYH,1,0.1
xgboost,elastic_net_native,RNA::PIK3R6,2,0.2
xgboost,elastic_net_native,RNA::PITX1,1,0.1
xgboost,elastic_net_native,RNA::PL-5283,1,0.1
xgboost,elastic_net_native,RNA::PLA2G4A,1,0.1
xgboost,elastic_net_native,RNA::PLCB4,1,0.1
xgboost,elastic_net_native,RNA::PLCZ1,1,0.1
xgboost,elastic_net_native,RNA::PLEK2,1,0.1
xgboost,elastic_net_native,RNA::PLEKHA4,1,0.1
xgboost,elastic_net_native,RNA::PLEKHA8,1,0.1
xgboost,elastic_net_native,RNA::PLEKHH2,1,0.1
xgboost,elastic_net_native,RNA::PLEKHO1,1,0.1
xgboost,elastic_net_native,RNA::PLSCR1,2,0.2
xgboost,elastic_net_native,RNA::PMPCA,1,0.1
xgboost,elastic_net_native,RNA::PMPCB,1,0.1
xgboost,elastic_net_native,RNA::PNPLA1,1,0.1
xgboost,elastic_net_native,RNA::PNPO,1,0.1
xgboost,elastic_net_native,RNA::POLR2J4,1,0.1
xgboost,elastic_net_native,RNA::PPCDC,1,0.1
xgboost,elastic_net_native,RNA::PPHLN1,1,0.1
xgboost,elastic_net_native,RNA::PPIAL4C,4,0.4
xgboost,elastic_net_native,RNA::PPOX,1,0.1
xgboost,elastic_net_native,RNA::PPT2,1,0.1
xgboost,elastic_net_native,RNA::PRPS1,1,0.1
xgboost,elastic_net_native,RNA::PRR5,1,0.1
xgboost,elastic_net_native,RNA::PRR5L,2,0.2
xgboost,elastic_net_native,RNA::PRSS48,1,0.1
xgboost,elastic_net_native,RNA::PSD2,1,0.1
xgboost,elastic_net_native,RNA::PSMA8,1,0.1
xgboost,elastic_net_native,RNA::PSMG1,1,0.1
xgboost,elastic_net_native,RNA::PSMG3,1,0.1
xgboost,elastic_net_native,RNA::PTAR1,1,0.1
xgboost,elastic_net_native,RNA::PTDSS1,1,0.1
xgboost,elastic_net_native,RNA::PTGER2,1,0.1
xgboost,elastic_net_native,RNA::PTMS,1,0.1
xgboost,elastic_net_native,RNA::PUSL1,1,0.1
xgboost,elastic_net_native,RNA::PYGO2,1,0.1
xgboost,elastic_net_native,RNA::QDPR,1,0.1
xgboost,elastic_net_native,RNA::QPRT,1,0.1
xgboost,elastic_net_native,RNA::RAB41,1,0.1
xgboost,elastic_net_native,RNA::RAI14,1,0.1
xgboost,elastic_net_native,RNA::RAPGEF5,1,0.1
xgboost,elastic_net_native,RNA::RBM17,1,0.1
xgboost,elastic_net_native,RNA::RDH16,1,0.1
xgboost,elastic_net_native,RNA::RGS10,1,0.1
xgboost,elastic_net_native,RNA::RGS12,1,0.1
xgboost,elastic_net_native,RNA::RGS9,1,0.1
xgboost,elastic_net_native,RNA::RHBDD1,1,0.1
xgboost,elastic_net_native,RNA::RNF183,1,0.1
xgboost,elastic_net_native,RNA::RNF186,1,0.1
xgboost,elastic_net_native,RNA::RORA,1,0.1
xgboost,elastic_net_native,RNA::RPL12,1,0.1
xgboost,elastic_net_native,RNA::RPL13A,1,0.1
xgboost,elastic_net_native,RNA::RPL19P12,1,0.1
xgboost,elastic_net_native,RNA::RPL41,1,0.1
xgboost,elastic_net_native,RNA::RPPH1,1,0.1
xgboost,elastic_net_native,RNA::RPS26P11,1,0.1
xgboost,elastic_net_native,RNA::RPS27L,1,0.1
xgboost,elastic_net_native,RNA::RTF1,1,0.1
xgboost,elastic_net_native,RNA::RTKN,1,0.1
xgboost,elastic_net_native,RNA::RWDD1,1,0.1
xgboost,elastic_net_native,RNA::RXFP3,1,0.1
xgboost,elastic_net_native,RNA::RYBP,1,0.1
xgboost,elastic_net_native,RNA::S100PBP,3,0.3
xgboost,elastic_net_native,RNA::S1PR2,1,0.1
xgboost,elastic_net_native,RNA::SAMD13,1,0.1
xgboost,elastic_net_native,RNA::SC65,2,0.2
xgboost,elastic_net_native,RNA::SCARF2,1,0.1
xgboost,elastic_net_native,RNA::SCARNA9L,1,0.1
xgboost,elastic_net_native,RNA::SCML1,1,0.1
xgboost,elastic_net_native,RNA::SCN4B,1,0.1
xgboost,elastic_net_native,RNA::SEC22A,1,0.1
xgboost,elastic_net_native,RNA::SECISBP2,1,0.1
xgboost,elastic_net_native,RNA::SECTM1,1,0.1
xgboost,elastic_net_native,RNA::SEMA4B,1,0.1
xgboost,elastic_net_native,RNA::SEMA6A,1,0.1
xgboost,elastic_net_native,RNA::SEPHS2,1,0.1
xgboost,elastic_net_native,RNA::SEPT3,1,0.1
xgboost,elastic_net_native,RNA::SEPT9,1,0.1
xgboost,elastic_net_native,RNA::SERTAD2,1,0.1
xgboost,elastic_net_native,RNA::SESN3,1,0.1
xgboost,elastic_net_native,RNA::SFRP2,2,0.2
xgboost,elastic_net_native,RNA::SGCA,1,0.1
xgboost,elastic_net_native,RNA::SGCZ,1,0.1
xgboost,elastic_net_native,RNA::SH3BP5,1,0.1
xgboost,elastic_net_native,RNA::SHF,1,0.1
xgboost,elastic_net_native,RNA::SIAH1,1,0.1
xgboost,elastic_net_native,RNA::SIGLEC6,1,0.1
xgboost,elastic_net_native,RNA::SIX5,1,0.1
xgboost,elastic_net_native,RNA::SLC10A3,1,0.1
xgboost,elastic_net_native,RNA::SLC15A2,1,0.1
xgboost,elastic_net_native,RNA::SLC19A2,1,0.1
xgboost,elastic_net_native,RNA::SLC22A2,1,0.1
xgboost,elastic_net_native,RNA::SLC25A3,1,0.1
xgboost,elastic_net_native,RNA::SLC36A4,1,0.1
xgboost,elastic_net_native,RNA::SLC39A2,1,0.1
xgboost,elastic_net_native,RNA::SLC44A3,1,0.1
xgboost,elastic_net_native,RNA::SLC47A1,1,0.1
xgboost,elastic_net_native,RNA::SLC5A3,1,0.1
xgboost,elastic_net_native,RNA::SLC6A1,1,0.1
xgboost,elastic_net_native,RNA::SLC6A12,1,0.1
xgboost,elastic_net_native,RNA::SLC7A11,1,0.1
xgboost,elastic_net_native,RNA::SMARCC2,1,0.1
xgboost,elastic_net_native,RNA::SMG6,1,0.1
xgboost,elastic_net_native,RNA::SMOC2,1,0.1
xgboost,elastic_net_native,RNA::SMTNL1,1,0.1
xgboost,elastic_net_native,RNA::SNORA57,1,0.1
xgboost,elastic_net_native,RNA::SNRNP40,1,0.1
xgboost,elastic_net_native,RNA::SORCS1,1,0.1
xgboost,elastic_net_native,RNA::SPDEF,1,0.1
xgboost,elastic_net_native,RNA::SPDYE3,1,0.1
xgboost,elastic_net_native,RNA::SPN,1,0.1
xgboost,elastic_net_native,RNA::SRF,1,0.1
xgboost,elastic_net_native,RNA::SRP19,2,0.2
xgboost,elastic_net_native,RNA::SRP68,1,0.1
xgboost,elastic_net_native,RNA::STAG3L1,1,0.1
xgboost,elastic_net_native,RNA::STK40,1,0.1
xgboost,elastic_net_native,RNA::STYX,1,0.1
xgboost,elastic_net_native,RNA::SUGT1L1,1,0.1
xgboost,elastic_net_native,RNA::SUMF1,1,0.1
xgboost,elastic_net_native,RNA::SUMO1P3,1,0.1
xgboost,elastic_net_native,RNA::SUSD3,1,0.1
xgboost,elastic_net_native,RNA::SYCP2,1,0.1
xgboost,elastic_net_native,RNA::SYDE1,1,0.1
xgboost,elastic_net_native,RNA::TADA2B,1,0.1
xgboost,elastic_net_native,RNA::TAF15,1,0.1
xgboost,elastic_net_native,RNA::TAF5L,1,0.1
xgboost,elastic_net_native,RNA::TARDBP,1,0.1
xgboost,elastic_net_native,RNA::TARP,1,0.1
xgboost,elastic_net_native,RNA::TAT,1,0.1
xgboost,elastic_net_native,RNA::TATDN2,1,0.1
xgboost,elastic_net_native,RNA::TBRG4,1,0.1
xgboost,elastic_net_native,RNA::TCF4,1,0.1
xgboost,elastic_net_native,RNA::TEKT4,1,0.1
xgboost,elastic_net_native,RNA::TEX9,1,0.1
xgboost,elastic_net_native,RNA::THRAP3,6,0.6
xgboost,elastic_net_native,RNA::TMEM108,1,0.1
xgboost,elastic_net_native,RNA::TMEM149,2,0.2
xgboost,elastic_net_native,RNA::TMEM165,1,0.1
xgboost,elastic_net_native,RNA::TMEM179,1,0.1
xgboost,elastic_net_native,RNA::TMEM196,1,0.1
xgboost,elastic_net_native,RNA::TMEM204,1,0.1
xgboost,elastic_net_native,RNA::TMEM87A,1,0.1
xgboost,elastic_net_native,RNA::TMEM97,1,0.1
xgboost,elastic_net_native,RNA::TMOD2,1,0.1
xgboost,elastic_net_native,RNA::TNF,1,0.1
xgboost,elastic_net_native,RNA::TNFAIP8L2,1,0.1
xgboost,elastic_net_native,RNA::TNFRSF13C,2,0.2
xgboost,elastic_net_native,RNA::TNFSF13B,2,0.2
xgboost,elastic_net_native,RNA::TNS4,1,0.1
xgboost,elastic_net_native,RNA::TOP1P2,2,0.2
xgboost,elastic_net_native,RNA::TOX,1,0.1
xgboost,elastic_net_native,RNA::TP53I13,1,0.1
xgboost,elastic_net_native,RNA::TP53I3,2,0.2
xgboost,elastic_net_native,RNA::TRIB1,1,0.1
xgboost,elastic_net_native,RNA::TRIM10,1,0.1
xgboost,elastic_net_native,RNA::TRIM4,1,0.1
xgboost,elastic_net_native,RNA::TRIM67,2,0.2
xgboost,elastic_net_native,RNA::TSKU,1,0.1
xgboost,elastic_net_native,RNA::TSPAN14,1,0.1
xgboost,elastic_net_native,RNA::TTC36,1,0.1
xgboost,elastic_net_native,RNA::TTC39C,1,0.1
xgboost,elastic_net_native,RNA::TTC5,2,0.2
xgboost,elastic_net_native,RNA::TXLNA,2,0.2
xgboost,elastic_net_native,RNA::TXNDC12,2,0.2
xgboost,elastic_net_native,RNA::UBE3A,1,0.1
xgboost,elastic_net_native,RNA::UBQLN2,1,0.1
xgboost,elastic_net_native,RNA::UGT1A10,1,0.1
xgboost,elastic_net_native,RNA::UPB1,1,0.1
xgboost,elastic_net_native,RNA::UPF0639,1,0.1
xgboost,elastic_net_native,RNA::UPF1,1,0.1
xgboost,elastic_net_native,RNA::UPF3B,1,0.1
xgboost,elastic_net_native,RNA::USP30,1,0.1
xgboost,elastic_net_native,RNA::VASH1,1,0.1
xgboost,elastic_net_native,RNA::VASP,1,0.1
xgboost,elastic_net_native,RNA::VEGFA,1,0.1
xgboost,elastic_net_native,RNA::VEZT,1,0.1
xgboost,elastic_net_native,RNA::VIM,1,0.1
xgboost,elastic_net_native,RNA::VNN2,1,0.1
xgboost,elastic_net_native,RNA::VPS37A,1,0.1
xgboost,elastic_net_native,RNA::VPS52,1,0.1
xgboost,elastic_net_native,RNA::WDR77,1,0.1
xgboost,elastic_net_native,RNA::WLS,2,0.2
xgboost,elastic_net_native,RNA::WNT7A,1,0.1
xgboost,elastic_net_native,RNA::WWC2,1,0.1
xgboost,elastic_net_native,RNA::XIRP1,1,0.1
xgboost,elastic_net_native,RNA::YLPM1,1,0.1
xgboost,elastic_net_native,RNA::YY1AP1,1,0.1
xgboost,elastic_net_native,RNA::ZBTB42,1,0.1
xgboost,elastic_net_native,RNA::ZCCHC14,1,0.1
xgboost,elastic_net_native,RNA::ZFP36,1,0.1
xgboost,elastic_net_native,RNA::ZMAT2,2,0.2
xgboost,elastic_net_native,RNA::ZNF235,1,0.1
xgboost,elastic_net_native,RNA::ZNF275,1,0.1
xgboost,elastic_net_native,RNA::ZNF425,2,0.2
xgboost,elastic_net_native,RNA::ZNF426,1,0.1
xgboost,elastic_net_native,RNA::ZNF443,1,0.1
xgboost,elastic_net_native,RNA::ZNF460,1,0.1
xgboost,elastic_net_native,RNA::ZNF619,1,0.1
xgboost,elastic_net_native,RNA::ZNF697,1,0.1
xgboost,elastic_net_native,RNA::ZNF721,1,0.1
xgboost,elastic_net_native,RNA::ZNF836,1,0.1
xgboost,elastic_net_native,RNA::ZSCAN29,1,0.1
xgboost,elastic_net_native,RNA::ZXDB,2,0.2
xgboost,elastic_net_native,SCNV::ACAP3,1,0.1
xgboost,elastic_net_native,SCNV::CA6,1,0.1
xgboost,elastic_net_native,SCNV::DAB1,2,0.2
xgboost,elastic_net_native,SCNV::ENO1,1,0.1
xgboost,elastic_net_native,SCNV::FCN3,1,0.1
xgboost,elastic_net_native,SCNV::FFAR3,1,0.1
xgboost,elastic_net_native,SCNV::KIAA0355,1,0.1
xgboost,elastic_net_native,SCNV::KIF1B,1,0.1
xgboost,elastic_net_native,SCNV::MAP3K6,1,0.1
xgboost,elastic_net_native,SCNV::NEGR1,1,0.1
xgboost,elastic_net_native,SCNV::PEX14,1,0.1
xgboost,elastic_net_native,SCNV::PLEKHF1,1,0.1
xgboost,elastic_net_native,SCNV::RELN,1,0.1
xgboost,elastic_net_native,SCNV::RN7SL420P,1,0.1
xgboost,elastic_net_native,SCNV::SEMA3A,1,0.1
xgboost,elastic_net_native,SCNV::ST7,1,0.1
xgboost,elastic_net_native,SCNV::ZNF296,1,0.1
xgboost,elastic_net_native,SCNV::ZNF479,1,0.1
xgboost,elastic_net_native,SCNV::snoU13|ENSG00000238506.1,1,0.1
xgboost,random_bank_rep_01,RNA::ABCA12,1,0.1
xgboost,random_bank_rep_01,RNA::ABCA17P,1,0.1
xgboost,random_bank_rep_01,RNA::ABCA5,1,0.1
xgboost,random_bank_rep_01,RNA::ABCA9,1,0.1
xgboost,random_bank_rep_01,RNA::ACOX1,1,0.1
xgboost,random_bank_rep_01,RNA::ADAM8,1,0.1
xgboost,random_bank_rep_01,RNA::ALG14,1,0.1
xgboost,random_bank_rep_01,RNA::ANAPC16,1,0.1
xgboost,random_bank_rep_01,RNA::ANKRD12,1,0.1
xgboost,random_bank_rep_01,RNA::ANKRD31,2,0.2
xgboost,random_bank_rep_01,RNA::APLF,1,0.1
xgboost,random_bank_rep_01,RNA::ARL3,1,0.1
xgboost,random_bank_rep_01,RNA::ASAP3,4,0.4
xgboost,random_bank_rep_01,RNA::ASB1,1,0.1
xgboost,random_bank_rep_01,RNA::ATP13A1,1,0.1
xgboost,random_bank_rep_01,RNA::ATP2A3,1,0.1
xgboost,random_bank_rep_01,RNA::ATP7B,1,0.1
xgboost,random_bank_rep_01,RNA::ATP8B5P,1,0.1
xgboost,random_bank_rep_01,RNA::AVEN,1,0.1
xgboost,random_bank_rep_01,RNA::BFAR,1,0.1
xgboost,random_bank_rep_01,RNA::BTRC,1,0.1
xgboost,random_bank_rep_01,RNA::C10orf32,1,0.1
xgboost,random_bank_rep_01,RNA::C12orf24,1,0.1
xgboost,random_bank_rep_01,RNA::C12orf50,1,0.1
xgboost,random_bank_rep_01,RNA::C14orf143,1,0.1
xgboost,random_bank_rep_01,RNA::C15orf55,1,0.1
xgboost,random_bank_rep_01,RNA::C15orf59,1,0.1
xgboost,random_bank_rep_01,RNA::C18orf2,1,0.1
xgboost,random_bank_rep_01,RNA::C2orf67,1,0.1
xgboost,random_bank_rep_01,RNA::C3orf38,2,0.2
xgboost,random_bank_rep_01,RNA::C3orf49,1,0.1
xgboost,random_bank_rep_01,RNA::C6orf147,1,0.1
xgboost,random_bank_rep_01,RNA::C9orf80,1,0.1
xgboost,random_bank_rep_01,RNA::CAMK2G,1,0.1
xgboost,random_bank_rep_01,RNA::CASP9,1,0.1
xgboost,random_bank_rep_01,RNA::CCDC142,1,0.1
xgboost,random_bank_rep_01,RNA::CCDC41,1,0.1
xgboost,random_bank_rep_01,RNA::CCDC58,1,0.1
xgboost,random_bank_rep_01,RNA::CD3EAP,1,0.1
xgboost,random_bank_rep_01,RNA::CDH23,1,0.1
xgboost,random_bank_rep_01,RNA::CH25H,1,0.1
xgboost,random_bank_rep_01,RNA::CHTF8,1,0.1
xgboost,random_bank_rep_01,RNA::CKLF,1,0.1
xgboost,random_bank_rep_01,RNA::CLCN6,1,0.1
xgboost,random_bank_rep_01,RNA::CLGN,1,0.1
xgboost,random_bank_rep_01,RNA::COL6A2,1,0.1
xgboost,random_bank_rep_01,RNA::CP,1,0.1
xgboost,random_bank_rep_01,RNA::CYB5D2,1,0.1
xgboost,random_bank_rep_01,RNA::CYP3A43,1,0.1
xgboost,random_bank_rep_01,RNA::CYYR1,1,0.1
xgboost,random_bank_rep_01,RNA::DNAJC5B,1,0.1
xgboost,random_bank_rep_01,RNA::DNALI1,2,0.2
xgboost,random_bank_rep_01,RNA::DPP6,1,0.1
xgboost,random_bank_rep_01,RNA::DRD2,1,0.1
xgboost,random_bank_rep_01,RNA::EEF1A1P9,2,0.2
xgboost,random_bank_rep_01,RNA::EGR1,1,0.1
xgboost,random_bank_rep_01,RNA::EIF1B,1,0.1
xgboost,random_bank_rep_01,RNA::ERP44,1,0.1
xgboost,random_bank_rep_01,RNA::EXOC3,1,0.1
xgboost,random_bank_rep_01,RNA::FAM171B,1,0.1
xgboost,random_bank_rep_01,RNA::FAM190A,1,0.1
xgboost,random_bank_rep_01,RNA::FAM192A,1,0.1
xgboost,random_bank_rep_01,RNA::FBLIM1,1,0.1
xgboost,random_bank_rep_01,RNA::FBXO21,1,0.1
xgboost,random_bank_rep_01,RNA::FCRLB,1,0.1
xgboost,random_bank_rep_01,RNA::FGFBP2,1,0.1
xgboost,random_bank_rep_01,RNA::FITM1,1,0.1
xgboost,random_bank_rep_01,RNA::FTHL3,2,0.2
xgboost,random_bank_rep_01,RNA::G6PC2,1,0.1
xgboost,random_bank_rep_01,RNA::GATA2,1,0.1
xgboost,random_bank_rep_01,RNA::GGTLC1,1,0.1
xgboost,random_bank_rep_01,RNA::GNG10,1,0.1
xgboost,random_bank_rep_01,RNA::GPR182,1,0.1
xgboost,random_bank_rep_01,RNA::GSTM2,1,0.1
xgboost,random_bank_rep_01,RNA::GTF2IRD2,1,0.1
xgboost,random_bank_rep_01,RNA::GTF3C2,2,0.2
xgboost,random_bank_rep_01,RNA::H6PD,1,0.1
xgboost,random_bank_rep_01,RNA::HAX1,1,0.1
xgboost,random_bank_rep_01,RNA::HERC5,1,0.1
xgboost,random_bank_rep_01,RNA::HNRNPA3P1,2,0.2
xgboost,random_bank_rep_01,RNA::HOXB2,1,0.1
xgboost,random_bank_rep_01,RNA::HPS3,1,0.1
xgboost,random_bank_rep_01,RNA::HSPA12B,1,0.1
xgboost,random_bank_rep_01,RNA::ICAM3,1,0.1
xgboost,random_bank_rep_01,RNA::IFNA21,1,0.1
xgboost,random_bank_rep_01,RNA::ITPKA,1,0.1
xgboost,random_bank_rep_01,RNA::JMJD5,1,0.1
xgboost,random_bank_rep_01,RNA::KCNH4,1,0.1
xgboost,random_bank_rep_01,RNA::KLHL12,1,0.1
xgboost,random_bank_rep_01,RNA::KRTAP5-3,1,0.1
xgboost,random_bank_rep_01,RNA::LBX1,1,0.1
xgboost,random_bank_rep_01,RNA::LEPREL2,1,0.1
xgboost,random_bank_rep_01,RNA::LFNG,1,0.1
xgboost,random_bank_rep_01,RNA::LMO2,1,0.1
xgboost,random_bank_rep_01,RNA::LOC100128292,1,0.1
xgboost,random_bank_rep_01,RNA::LOC100128573,1,0.1
xgboost,random_bank_rep_01,RNA::LOC100132724,1,0.1
xgboost,random_bank_rep_01,RNA::LOC100272216,1,0.1
xgboost,random_bank_rep_01,RNA::LOC286467,1,0.1
xgboost,random_bank_rep_01,RNA::LOC407835,1,0.1
xgboost,random_bank_rep_01,RNA::LOC442454,2,0.2
xgboost,random_bank_rep_01,RNA::LOC642852,1,0.1
xgboost,random_bank_rep_01,RNA::LOC647309,1,0.1
xgboost,random_bank_rep_01,RNA::LOC92659,1,0.1
xgboost,random_bank_rep_01,RNA::LRRN4CL,1,0.1
xgboost,random_bank_rep_01,RNA::LRRTM4,1,0.1
xgboost,random_bank_rep_01,RNA::LSM14A,1,0.1
xgboost,random_bank_rep_01,RNA::MADD,1,0.1
xgboost,random_bank_rep_01,RNA::MED8,1,0.1
xgboost,random_bank_rep_01,RNA::MGC16703,1,0.1
xgboost,random_bank_rep_01,RNA::MGST1,1,0.1
xgboost,random_bank_rep_01,RNA::MRPL35,1,0.1
xgboost,random_bank_rep_01,RNA::MXRA8,1,0.1
xgboost,random_bank_rep_01,RNA::NEURL3,1,0.1
xgboost,random_bank_rep_01,RNA::NFIA,3,0.3
xgboost,random_bank_rep_01,RNA::NFYC,1,0.1
xgboost,random_bank_rep_01,RNA::NIPAL4,1,0.1
xgboost,random_bank_rep_01,RNA::NTHL1,1,0.1
xgboost,random_bank_rep_01,RNA::PAPPA2,2,0.2
xgboost,random_bank_rep_01,RNA::PARK7,1,0.1
xgboost,random_bank_rep_01,RNA::PDCD6,1,0.1
xgboost,random_bank_rep_01,RNA::PFN2,1,0.1
xgboost,random_bank_rep_01,RNA::PIK3R6,1,0.1
xgboost,random_bank_rep_01,RNA::PL-5283,1,0.1
xgboost,random_bank_rep_01,RNA::PLCB4,1,0.1
xgboost,random_bank_rep_01,RNA::PLEKHO1,1,0.1
xgboost,random_bank_rep_01,RNA::PLSCR1,1,0.1
xgboost,random_bank_rep_01,RNA::PNPLA2,1,0.1
xgboost,random_bank_rep_01,RNA::PRKCB,1,0.1
xgboost,random_bank_rep_01,RNA::PRR5,1,0.1
xgboost,random_bank_rep_01,RNA::PRR5L,1,0.1
xgboost,random_bank_rep_01,RNA::PSMA8,1,0.1
xgboost,random_bank_rep_01,RNA::PSMG3,1,0.1
xgboost,random_bank_rep_01,RNA::RAVER2,1,0.1
xgboost,random_bank_rep_01,RNA::RBM17,1,0.1
xgboost,random_bank_rep_01,RNA::RCN1,1,0.1
xgboost,random_bank_rep_01,RNA::RGS4,1,0.1
xgboost,random_bank_rep_01,RNA::RGS9,1,0.1
xgboost,random_bank_rep_01,RNA::RPL19P12,1,0.1
xgboost,random_bank_rep_01,RNA::RTKN,1,0.1
xgboost,random_bank_rep_01,RNA::S100PBP,1,0.1
xgboost,random_bank_rep_01,RNA::SCGB3A2,1,0.1
xgboost,random_bank_rep_01,RNA::SCML4,1,0.1
xgboost,random_bank_rep_01,RNA::SECISBP2,1,0.1
xgboost,random_bank_rep_01,RNA::SESN3,1,0.1
xgboost,random_bank_rep_01,RNA::SFRP2,1,0.1
xgboost,random_bank_rep_01,RNA::SGCA,1,0.1
xgboost,random_bank_rep_01,RNA::SGCZ,1,0.1
xgboost,random_bank_rep_01,RNA::SH3RF2,1,0.1
xgboost,random_bank_rep_01,RNA::SIX5,1,0.1
xgboost,random_bank_rep_01,RNA::SLC10A3,1,0.1
xgboost,random_bank_rep_01,RNA::SLC44A3,1,0.1
xgboost,random_bank_rep_01,RNA::SLC7A2,1,0.1
xgboost,random_bank_rep_01,RNA::SPN,1,0.1
xgboost,random_bank_rep_01,RNA::SRF,1,0.1
xgboost,random_bank_rep_01,RNA::SUMO1P3,1,0.1
xgboost,random_bank_rep_01,RNA::SUSD3,1,0.1
xgboost,random_bank_rep_01,RNA::SYCP2,1,0.1
xgboost,random_bank_rep_01,RNA::TBRG4,1,0.1
xgboost,random_bank_rep_01,RNA::THRAP3,3,0.3
xgboost,random_bank_rep_01,RNA::TMEM108,1,0.1
xgboost,random_bank_rep_01,RNA::TMEM149,1,0.1
xgboost,random_bank_rep_01,RNA::TMEM196,1,0.1
xgboost,random_bank_rep_01,RNA::TMOD2,1,0.1
xgboost,random_bank_rep_01,RNA::TNFRSF13C,1,0.1
xgboost,random_bank_rep_01,RNA::TOB2,1,0.1
xgboost,random_bank_rep_01,RNA::TOX,1,0.1
xgboost,random_bank_rep_01,RNA::TP53I13,1,0.1
xgboost,random_bank_rep_01,RNA::TRIM4,1,0.1
xgboost,random_bank_rep_01,RNA::TRIP10,1,0.1
xgboost,random_bank_rep_01,RNA::TTC5,1,0.1
xgboost,random_bank_rep_01,RNA::TXLNA,1,0.1
xgboost,random_bank_rep_01,RNA::TXNDC12,1,0.1
xgboost,random_bank_rep_01,RNA::UBFD1,1,0.1
xgboost,random_bank_rep_01,RNA::UPF1,1,0.1
xgboost,random_bank_rep_01,RNA::VASH1,1,0.1
xgboost,random_bank_rep_01,RNA::WWC2,1,0.1
xgboost,random_bank_rep_01,RNA::ZNF619,1,0.1
xgboost,random_bank_rep_01,RNA::ZSCAN29,1,0.1
xgboost,random_bank_rep_01,SCNV::ACAP3,1,0.1
xgboost,random_bank_rep_01,SCNV::DAB1,1,0.1
xgboost,random_bank_rep_01,SCNV::PEX14,1,0.1
xgboost,random_bank_rep_01,SCNV::RELN,1,0.1
xgboost,random_bank_rep_01,SCNV::RN7SL420P,1,0.1
xgboost,random_bank_rep_02,RNA::ABCA12,1,0.1
xgboost,random_bank_rep_02,RNA::ADCYAP1,1,0.1
xgboost,random_bank_rep_02,RNA::AFMID,1,0.1
xgboost,random_bank_rep_02,RNA::ALG14,1,0.1
xgboost,random_bank_rep_02,RNA::ALG2,1,0.1
xgboost,random_bank_rep_02,RNA::ALMS1P,1,0.1
xgboost,random_bank_rep_02,RNA::ALPL,1,0.1
xgboost,random_bank_rep_02,RNA::AMAC1L3,1,0.1
xgboost,random_bank_rep_02,RNA::ANK1,1,0.1
xgboost,random_bank_rep_02,RNA::ANO5,1,0.1
xgboost,random_bank_rep_02,RNA::ANP32E,1,0.1
xgboost,random_bank_rep_02,RNA::ARHGAP9,1,0.1
xgboost,random_bank_rep_02,RNA::ARHGEF1,1,0.1
xgboost,random_bank_rep_02,RNA::ARL3,1,0.1
xgboost,random_bank_rep_02,RNA::ARL4C,1,0.1
xgboost,random_bank_rep_02,RNA::ASAP3,1,0.1
xgboost,random_bank_rep_02,RNA::ATP13A1,1,0.1
xgboost,random_bank_rep_02,RNA::ATP2A3,1,0.1
xgboost,random_bank_rep_02,RNA::ATP5EP2,1,0.1
xgboost,random_bank_rep_02,RNA::AVEN,1,0.1
xgboost,random_bank_rep_02,RNA::B3GNT5,1,0.1
xgboost,random_bank_rep_02,RNA::B3GNT9,1,0.1
xgboost,random_bank_rep_02,RNA::B3GNTL1,1,0.1
xgboost,random_bank_rep_02,RNA::B4GALNT3,1,0.1
xgboost,random_bank_rep_02,RNA::BFAR,1,0.1
xgboost,random_bank_rep_02,RNA::BTRC,1,0.1
xgboost,random_bank_rep_02,RNA::C10orf131,1,0.1
xgboost,random_bank_rep_02,RNA::C12orf24,1,0.1
xgboost,random_bank_rep_02,RNA::C12orf50,1,0.1
xgboost,random_bank_rep_02,RNA::C12orf65,1,0.1
xgboost,random_bank_rep_02,RNA::C12orf69,1,0.1
xgboost,random_bank_rep_02,RNA::C14orf182,1,0.1
xgboost,random_bank_rep_02,RNA::C14orf68,1,0.1
xgboost,random_bank_rep_02,RNA::C14orf70,1,0.1
xgboost,random_bank_rep_02,RNA::C15orf5,1,0.1
xgboost,random_bank_rep_02,RNA::C17orf103,1,0.1
xgboost,random_bank_rep_02,RNA::C17orf46,1,0.1
xgboost,random_bank_rep_02,RNA::C18orf56,1,0.1
xgboost,random_bank_rep_02,RNA::C2orf67,1,0.1
xgboost,random_bank_rep_02,RNA::C3orf38,1,0.1
xgboost,random_bank_rep_02,RNA::C3orf43,1,0.1
xgboost,random_bank_rep_02,RNA::C4A,1,0.1
xgboost,random_bank_rep_02,RNA::C6orf221,1,0.1
xgboost,random_bank_rep_02,RNA::C8orf4,1,0.1
xgboost,random_bank_rep_02,RNA::C9orf78,1,0.1
xgboost,random_bank_rep_02,RNA::C9orf80,1,0.1
xgboost,random_bank_rep_02,RNA::CAPN8,1,0.1
xgboost,random_bank_rep_02,RNA::CARD11,1,0.1
xgboost,random_bank_rep_02,RNA::CASP9,1,0.1
xgboost,random_bank_rep_02,RNA::CCDC130,1,0.1
xgboost,random_bank_rep_02,RNA::CCDC41,2,0.2
xgboost,random_bank_rep_02,RNA::CCL1,1,0.1
xgboost,random_bank_rep_02,RNA::CCNJL,1,0.1
xgboost,random_bank_rep_02,RNA::CDH5,1,0.1
xgboost,random_bank_rep_02,RNA::CDK2AP1,1,0.1
xgboost,random_bank_rep_02,RNA::CENPC1,1,0.1
xgboost,random_bank_rep_02,RNA::CLEC7A,1,0.1
xgboost,random_bank_rep_02,RNA::CNN3,1,0.1
xgboost,random_bank_rep_02,RNA::CP,1,0.1
xgboost,random_bank_rep_02,RNA::CRIP3,1,0.1
xgboost,random_bank_rep_02,RNA::CYTSB,1,0.1
xgboost,random_bank_rep_02,RNA::CYYR1,1,0.1
xgboost,random_bank_rep_02,RNA::DAD1,1,0.1
xgboost,random_bank_rep_02,RNA::DAG1,1,0.1
xgboost,random_bank_rep_02,RNA::DAGLB,1,0.1
xgboost,random_bank_rep_02,RNA::DEGS2,1,0.1
xgboost,random_bank_rep_02,RNA::DPM3,1,0.1
xgboost,random_bank_rep_02,RNA::EEF1A1P9,3,0.3
xgboost,random_bank_rep_02,RNA::EFNA2,1,0.1
xgboost,random_bank_rep_02,RNA::EGR1,1,0.1
xgboost,random_bank_rep_02,RNA::EIF1B,1,0.1
xgboost,random_bank_rep_02,RNA::ENPP7,1,0.1
xgboost,random_bank_rep_02,RNA::EXOC3,1,0.1
xgboost,random_bank_rep_02,RNA::FAF2,1,0.1
xgboost,random_bank_rep_02,RNA::FAM13AOS,1,0.1
xgboost,random_bank_rep_02,RNA::FAM190A,1,0.1
xgboost,random_bank_rep_02,RNA::FAM192A,1,0.1
xgboost,random_bank_rep_02,RNA::FAM40A,1,0.1
xgboost,random_bank_rep_02,RNA::FASTKD2,1,0.1
xgboost,random_bank_rep_02,RNA::FCRL3,1,0.1
xgboost,random_bank_rep_02,RNA::FETUB,1,0.1
xgboost,random_bank_rep_02,RNA::FICD,1,0.1
xgboost,random_bank_rep_02,RNA::FMOD,1,0.1
xgboost,random_bank_rep_02,RNA::FOLH1B,1,0.1
xgboost,random_bank_rep_02,RNA::FUK,1,0.1
xgboost,random_bank_rep_02,RNA::GATA2,1,0.1
xgboost,random_bank_rep_02,RNA::GATSL2,1,0.1
xgboost,random_bank_rep_02,RNA::GCSH,1,0.1
xgboost,random_bank_rep_02,RNA::GLIS1,1,0.1
xgboost,random_bank_rep_02,RNA::GMPS,1,0.1
xgboost,random_bank_rep_02,RNA::GPR143,1,0.1
xgboost,random_bank_rep_02,RNA::GTF2IRD2P1,1,0.1
xgboost,random_bank_rep_02,RNA::HAX1,1,0.1
xgboost,random_bank_rep_02,RNA::HDAC5,1,0.1
xgboost,random_bank_rep_02,RNA::HIST1H2BG,1,0.1
xgboost,random_bank_rep_02,RNA::HOXB2,1,0.1
xgboost,random_bank_rep_02,RNA::HSPA12B,1,0.1
xgboost,random_bank_rep_02,RNA::IFNE,1,0.1
xgboost,random_bank_rep_02,RNA::INPP1,1,0.1
xgboost,random_bank_rep_02,RNA::IRS4,1,0.1
xgboost,random_bank_rep_02,RNA::ITPKA,1,0.1
xgboost,random_bank_rep_02,RNA::KCNK15,1,0.1
xgboost,random_bank_rep_02,RNA::KDELR1,1,0.1
xgboost,random_bank_rep_02,RNA::KLHL15,1,0.1
xgboost,random_bank_rep_02,RNA::L3MBTL3,1,0.1
xgboost,random_bank_rep_02,RNA::LGSN,1,0.1
xgboost,random_bank_rep_02,RNA::LMO4,1,0.1
xgboost,random_bank_rep_02,RNA::LMOD1,1,0.1
xgboost,random_bank_rep_02,RNA::LOC100128573,1,0.1
xgboost,random_bank_rep_02,RNA::LOC100132724,1,0.1
xgboost,random_bank_rep_02,RNA::LOC146481,1,0.1
xgboost,random_bank_rep_02,RNA::LOC162632,1,0.1
xgboost,random_bank_rep_02,RNA::LOC341056,1,0.1
xgboost,random_bank_rep_02,RNA::LOC407835,1,0.1
xgboost,random_bank_rep_02,RNA::LOC441204,1,0.1
xgboost,random_bank_rep_02,RNA::LOC442454,1,0.1
xgboost,random_bank_rep_02,RNA::LOC442459,1,0.1
xgboost,random_bank_rep_02,RNA::LOC647309,1,0.1
xgboost,random_bank_rep_02,RNA::LRRC14,1,0.1
xgboost,random_bank_rep_02,RNA::MAK16,1,0.1
xgboost,random_bank_rep_02,RNA::MBNL2,1,0.1
xgboost,random_bank_rep_02,RNA::MCOLN1,1,0.1
xgboost,random_bank_rep_02,RNA::MGC16703,1,0.1
xgboost,random_bank_rep_02,RNA::MOCOS,1,0.1
xgboost,random_bank_rep_02,RNA::MRPL22,1,0.1
xgboost,random_bank_rep_02,RNA::MRS2,1,0.1
xgboost,random_bank_rep_02,RNA::MYBPC3,1,0.1
xgboost,random_bank_rep_02,RNA::NAA15,1,0.1
xgboost,random_bank_rep_02,RNA::NAP1L6,1,0.1
xgboost,random_bank_rep_02,RNA::NCRNA00169,1,0.1
xgboost,random_bank_rep_02,RNA::NEK5,1,0.1
xgboost,random_bank_rep_02,RNA::NEUROG3,1,0.1
xgboost,random_bank_rep_02,RNA::NFIA,1,0.1
xgboost,random_bank_rep_02,RNA::NFYC,1,0.1
xgboost,random_bank_rep_02,RNA::NKX2-8,1,0.1
xgboost,random_bank_rep_02,RNA::NPAT,1,0.1
xgboost,random_bank_rep_02,RNA::NPLOC4,1,0.1
xgboost,random_bank_rep_02,RNA::PABPC4,1,0.1
xgboost,random_bank_rep_02,RNA::PDE9A,1,0.1
xgboost,random_bank_rep_02,RNA::PGM5,1,0.1
xgboost,random_bank_rep_02,RNA::PHYH,1,0.1
xgboost,random_bank_rep_02,RNA::PLEKHH2,1,0.1
xgboost,random_bank_rep_02,RNA::PMPCA,1,0.1
xgboost,random_bank_rep_02,RNA::POU6F2,1,0.1
xgboost,random_bank_rep_02,RNA::PPIAL4C,3,0.3
xgboost,random_bank_rep_02,RNA::PRR5,1,0.1
xgboost,random_bank_rep_02,RNA::PRR5L,1,0.1
xgboost,random_bank_rep_02,RNA::PSD2,1,0.1
xgboost,random_bank_rep_02,RNA::PSMG1,1,0.1
xgboost,random_bank_rep_02,RNA::QDPR,1,0.1
xgboost,random_bank_rep_02,RNA::RAD51AP2,1,0.1
xgboost,random_bank_rep_02,RNA::RGS10,1,0.1
xgboost,random_bank_rep_02,RNA::RGS2,1,0.1
xgboost,random_bank_rep_02,RNA::RGS9,1,0.1
xgboost,random_bank_rep_02,RNA::RPL12,1,0.1
xgboost,random_bank_rep_02,RNA::RXFP3,1,0.1
xgboost,random_bank_rep_02,RNA::S100PBP,1,0.1
xgboost,random_bank_rep_02,RNA::S1PR2,1,0.1
xgboost,random_bank_rep_02,RNA::SCN4B,1,0.1
xgboost,random_bank_rep_02,RNA::SECISBP2,1,0.1
xgboost,random_bank_rep_02,RNA::SEPHS2,1,0.1
xgboost,random_bank_rep_02,RNA::SH3RF2,1,0.1
xgboost,random_bank_rep_02,RNA::SIGLEC6,1,0.1
xgboost,random_bank_rep_02,RNA::SIX5,1,0.1
xgboost,random_bank_rep_02,RNA::SLC22A2,1,0.1
xgboost,random_bank_rep_02,RNA::SLC25A3,1,0.1
xgboost,random_bank_rep_02,RNA::SPDYE3,1,0.1
xgboost,random_bank_rep_02,RNA::SRF,1,0.1
xgboost,random_bank_rep_02,RNA::SRP68,1,0.1
xgboost,random_bank_rep_02,RNA::TAF5L,1,0.1
xgboost,random_bank_rep_02,RNA::THRAP3,1,0.1
xgboost,random_bank_rep_02,RNA::TMEM233,1,0.1
xgboost,random_bank_rep_02,RNA::TMEM87A,1,0.1
xgboost,random_bank_rep_02,RNA::TNF,1,0.1
xgboost,random_bank_rep_02,RNA::TNFSF13B,2,0.2
xgboost,random_bank_rep_02,RNA::TRIM4,1,0.1
xgboost,random_bank_rep_02,RNA::TSPAN14,1,0.1
xgboost,random_bank_rep_02,RNA::TTC5,1,0.1
xgboost,random_bank_rep_02,RNA::TXLNA,2,0.2
xgboost,random_bank_rep_02,RNA::UPB1,1,0.1
xgboost,random_bank_rep_02,RNA::VASP,1,0.1
xgboost,random_bank_rep_02,RNA::VHL,1,0.1
xgboost,random_bank_rep_02,RNA::VPS52,1,0.1
xgboost,random_bank_rep_02,RNA::VPS53,1,0.1
xgboost,random_bank_rep_02,RNA::WDR77,1,0.1
xgboost,random_bank_rep_02,RNA::WLS,1,0.1
xgboost,random_bank_rep_02,RNA::WWC2,1,0.1
xgboost,random_bank_rep_02,RNA::ZBTB42,1,0.1
xgboost,random_bank_rep_02,RNA::ZMAT2,1,0.1
xgboost,random_bank_rep_02,RNA::ZNF443,1,0.1
xgboost,random_bank_rep_02,RNA::ZNF667,1,0.1
xgboost,random_bank_rep_02,RNA::ZSWIM1,1,0.1
xgboost,random_bank_rep_02,SCNV::ZNF296,1,0.1
xgboost,random_bank_rep_03,RNA::ABCA10,1,0.1
xgboost,random_bank_rep_03,RNA::ABCA17P,1,0.1
xgboost,random_bank_rep_03,RNA::ABCD1,1,0.1
xgboost,random_bank_rep_03,RNA::ABCG5,1,0.1
xgboost,random_bank_rep_03,RNA::ACAD8,1,0.1
xgboost,random_bank_rep_03,RNA::ACN9,1,0.1
xgboost,random_bank_rep_03,RNA::ACOT4,1,0.1
xgboost,random_bank_rep_03,RNA::ACSBG1,1,0.1
xgboost,random_bank_rep_03,RNA::ACSM5,1,0.1
xgboost,random_bank_rep_03,RNA::AFF3,1,0.1
xgboost,random_bank_rep_03,RNA::ALDH18A1,1,0.1
xgboost,random_bank_rep_03,RNA::ALG2,1,0.1
xgboost,random_bank_rep_03,RNA::AMAC1L3,1,0.1
xgboost,random_bank_rep_03,RNA::AMPD1,1,0.1
xgboost,random_bank_rep_03,RNA::ANAPC16,1,0.1
xgboost,random_bank_rep_03,RNA::ARHGAP6,1,0.1
xgboost,random_bank_rep_03,RNA::ARL3,1,0.1
xgboost,random_bank_rep_03,RNA::ASAP3,5,0.5
xgboost,random_bank_rep_03,RNA::ASXL2,1,0.1
xgboost,random_bank_rep_03,RNA::ATP13A1,1,0.1
xgboost,random_bank_rep_03,RNA::ATP2A3,1,0.1
xgboost,random_bank_rep_03,RNA::ATP5EP2,1,0.1
xgboost,random_bank_rep_03,RNA::ATP8B5P,2,0.2
xgboost,random_bank_rep_03,RNA::ATXN7,1,0.1
xgboost,random_bank_rep_03,RNA::AZI2,1,0.1
xgboost,random_bank_rep_03,RNA::B3GNT5,1,0.1
xgboost,random_bank_rep_03,RNA::BARX1,1,0.1
xgboost,random_bank_rep_03,RNA::BFAR,1,0.1
xgboost,random_bank_rep_03,RNA::C11orf65,1,0.1
xgboost,random_bank_rep_03,RNA::C14orf68,1,0.1
xgboost,random_bank_rep_03,RNA::C15orf21,1,0.1
xgboost,random_bank_rep_03,RNA::C15orf42,1,0.1
xgboost,random_bank_rep_03,RNA::C15orf55,1,0.1
xgboost,random_bank_rep_03,RNA::C15orf59,1,0.1
xgboost,random_bank_rep_03,RNA::C17orf46,1,0.1
xgboost,random_bank_rep_03,RNA::C19orf42,1,0.1
xgboost,random_bank_rep_03,RNA::C1orf135,1,0.1
xgboost,random_bank_rep_03,RNA::C1orf55,1,0.1
xgboost,random_bank_rep_03,RNA::C3orf77,1,0.1
xgboost,random_bank_rep_03,RNA::C5orf60,1,0.1
xgboost,random_bank_rep_03,RNA::C6orf124,1,0.1
xgboost,random_bank_rep_03,RNA::C6orf142,1,0.1
xgboost,random_bank_rep_03,RNA::C6orf147,1,0.1
xgboost,random_bank_rep_03,RNA::C9orf40,1,0.1
xgboost,random_bank_rep_03,RNA::CASP9,1,0.1
xgboost,random_bank_rep_03,RNA::CC2D2A,1,0.1
xgboost,random_bank_rep_03,RNA::CCDC107,1,0.1
xgboost,random_bank_rep_03,RNA::CCDC126,1,0.1
xgboost,random_bank_rep_03,RNA::CCDC142,1,0.1
xgboost,random_bank_rep_03,RNA::CCL1,1,0.1
xgboost,random_bank_rep_03,RNA::CCNJL,1,0.1
xgboost,random_bank_rep_03,RNA::CDC42EP4,1,0.1
xgboost,random_bank_rep_03,RNA::CDH13,1,0.1
xgboost,random_bank_rep_03,RNA::CDH23,1,0.1
xgboost,random_bank_rep_03,RNA::CDK2AP1,1,0.1
xgboost,random_bank_rep_03,RNA::CHRNA7,1,0.1
xgboost,random_bank_rep_03,RNA::CPSF6,1,0.1
xgboost,random_bank_rep_03,RNA::CRYZL1,1,0.1
xgboost,random_bank_rep_03,RNA::CSTF1,1,0.1
xgboost,random_bank_rep_03,RNA::CTAGE4,1,0.1
xgboost,random_bank_rep_03,RNA::CYP21A2,1,0.1
xgboost,random_bank_rep_03,RNA::DCHS2,1,0.1
xgboost,random_bank_rep_03,RNA::DNALI1,2,0.2
xgboost,random_bank_rep_03,RNA::DPM3,1,0.1
xgboost,random_bank_rep_03,RNA::DRG2,1,0.1
xgboost,random_bank_rep_03,RNA::EEF1A1P9,4,0.4
xgboost,random_bank_rep_03,RNA::EFNA2,1,0.1
xgboost,random_bank_rep_03,RNA::ERP44,1,0.1
xgboost,random_bank_rep_03,RNA::FADD,1,0.1
xgboost,random_bank_rep_03,RNA::FAM13AOS,1,0.1
xgboost,random_bank_rep_03,RNA::FAM151A,1,0.1
xgboost,random_bank_rep_03,RNA::FASTKD2,1,0.1
xgboost,random_bank_rep_03,RNA::FCHSD2,1,0.1
xgboost,random_bank_rep_03,RNA::FCRL3,1,0.1
xgboost,random_bank_rep_03,RNA::FGFBP2,1,0.1
xgboost,random_bank_rep_03,RNA::FTHL3,2,0.2
xgboost,random_bank_rep_03,RNA::FXC1,1,0.1
xgboost,random_bank_rep_03,RNA::FZD4,1,0.1
xgboost,random_bank_rep_03,RNA::GALR1,1,0.1
xgboost,random_bank_rep_03,RNA::GATA2,1,0.1
xgboost,random_bank_rep_03,RNA::GFI1B,1,0.1
xgboost,random_bank_rep_03,RNA::GOT2,1,0.1
xgboost,random_bank_rep_03,RNA::GPR143,1,0.1
xgboost,random_bank_rep_03,RNA::GPR89B,1,0.1
xgboost,random_bank_rep_03,RNA::GPX3,1,0.1
xgboost,random_bank_rep_03,RNA::GRIK1,1,0.1
xgboost,random_bank_rep_03,RNA::HAX1,1,0.1
xgboost,random_bank_rep_03,RNA::HERC5,1,0.1
xgboost,random_bank_rep_03,RNA::HNRNPA3P1,2,0.2
xgboost,random_bank_rep_03,RNA::HOXB7,1,0.1
xgboost,random_bank_rep_03,RNA::HPS3,1,0.1
xgboost,random_bank_rep_03,RNA::HUS1B,1,0.1
xgboost,random_bank_rep_03,RNA::KGFLP2,1,0.1
xgboost,random_bank_rep_03,RNA::KIAA0195,1,0.1
xgboost,random_bank_rep_03,RNA::LCN12,1,0.1
xgboost,random_bank_rep_03,RNA::LDLRAD2,1,0.1
xgboost,random_bank_rep_03,RNA::LEPREL2,1,0.1
xgboost,random_bank_rep_03,RNA::LIAS,1,0.1
xgboost,random_bank_rep_03,RNA::LOC100128573,1,0.1
xgboost,random_bank_rep_03,RNA::LOC100133612,1,0.1
xgboost,random_bank_rep_03,RNA::LOC341056,1,0.1
xgboost,random_bank_rep_03,RNA::LOC647309,1,0.1
xgboost,random_bank_rep_03,RNA::LRRTM4,1,0.1
xgboost,random_bank_rep_03,RNA::LSM14A,2,0.2
xgboost,random_bank_rep_03,RNA::MAEL,1,0.1
xgboost,random_bank_rep_03,RNA::MAT1A,1,0.1
xgboost,random_bank_rep_03,RNA::MCOLN1,1,0.1
xgboost,random_bank_rep_03,RNA::MEX3C,1,0.1
xgboost,random_bank_rep_03,RNA::MFSD11,1,0.1
xgboost,random_bank_rep_03,RNA::MFSD2B,2,0.2
xgboost,random_bank_rep_03,RNA::MGST1,1,0.1
xgboost,random_bank_rep_03,RNA::MOCOS,1,0.1
xgboost,random_bank_rep_03,RNA::MS4A15,1,0.1
xgboost,random_bank_rep_03,RNA::NECAP2,1,0.1
xgboost,random_bank_rep_03,RNA::NEK5,1,0.1
xgboost,random_bank_rep_03,RNA::NEUROG2,1,0.1
xgboost,random_bank_rep_03,RNA::NEUROG3,1,0.1
xgboost,random_bank_rep_03,RNA::NFIA,1,0.1
xgboost,random_bank_rep_03,RNA::NPLOC4,1,0.1
xgboost,random_bank_rep_03,RNA::OAT,1,0.1
xgboost,random_bank_rep_03,RNA::PAFAH1B1,1,0.1
xgboost,random_bank_rep_03,RNA::PARK7,1,0.1
xgboost,random_bank_rep_03,RNA::PCBP3,1,0.1
xgboost,random_bank_rep_03,RNA::PFN2,1,0.1
xgboost,random_bank_rep_03,RNA::PLCB4,1,0.1
xgboost,random_bank_rep_03,RNA::PLCZ1,1,0.1
xgboost,random_bank_rep_03,RNA::PLEK2,1,0.1
xgboost,random_bank_rep_03,RNA::PMPCB,1,0.1
xgboost,random_bank_rep_03,RNA::POU6F2,1,0.1
xgboost,random_bank_rep_03,RNA::PPIAL4C,1,0.1
xgboost,random_bank_rep_03,RNA::PPP3CC,1,0.1
xgboost,random_bank_rep_03,RNA::PSMA8,1,0.1
xgboost,random_bank_rep_03,RNA::PTAR1,1,0.1
xgboost,random_bank_rep_03,RNA::PTDSS1,1,0.1
xgboost,random_bank_rep_03,RNA::RAVER2,1,0.1
xgboost,random_bank_rep_03,RNA::RDH16,1,0.1
xgboost,random_bank_rep_03,RNA::RGS20,1,0.1
xgboost,random_bank_rep_03,RNA::RGS9,2,0.2
xgboost,random_bank_rep_03,RNA::RNF183,1,0.1
xgboost,random_bank_rep_03,RNA::RRP8,1,0.1
xgboost,random_bank_rep_03,RNA::S100PBP,1,0.1
xgboost,random_bank_rep_03,RNA::SGCA,1,0.1
xgboost,random_bank_rep_03,RNA::SIX5,1,0.1
xgboost,random_bank_rep_03,RNA::SLC2A4,1,0.1
xgboost,random_bank_rep_03,RNA::SLC47A1,1,0.1
xgboost,random_bank_rep_03,RNA::SLC7A2,1,0.1
xgboost,random_bank_rep_03,RNA::SMAD7,1,0.1
xgboost,random_bank_rep_03,RNA::SRP19,1,0.1
xgboost,random_bank_rep_03,RNA::SUPT5H,1,0.1
xgboost,random_bank_rep_03,RNA::TADA2B,1,0.1
xgboost,random_bank_rep_03,RNA::TAT,1,0.1
xgboost,random_bank_rep_03,RNA::TATDN2,1,0.1
xgboost,random_bank_rep_03,RNA::THBS3,1,0.1
xgboost,random_bank_rep_03,RNA::THRAP3,1,0.1
xgboost,random_bank_rep_03,RNA::TMEM97,1,0.1
xgboost,random_bank_rep_03,RNA::TOB2,1,0.1
xgboost,random_bank_rep_03,RNA::TOP1P2,1,0.1
xgboost,random_bank_rep_03,RNA::TOX,1,0.1
xgboost,random_bank_rep_03,RNA::TP53I3,2,0.2
xgboost,random_bank_rep_03,RNA::TRIB1,1,0.1
xgboost,random_bank_rep_03,RNA::TRIM67,1,0.1
xgboost,random_bank_rep_03,RNA::TSKU,1,0.1
xgboost,random_bank_rep_03,RNA::TSPAN14,1,0.1
xgboost,random_bank_rep_03,RNA::TTC39C,1,0.1
xgboost,random_bank_rep_03,RNA::TXLNA,1,0.1
xgboost,random_bank_rep_03,RNA::TXNDC12,1,0.1
xgboost,random_bank_rep_03,RNA::UGT1A10,1,0.1
xgboost,random_bank_rep_03,RNA::UPF0639,1,0.1
xgboost,random_bank_rep_03,RNA::USP30,1,0.1
xgboost,random_bank_rep_03,RNA::VPS52,1,0.1
xgboost,random_bank_rep_03,RNA::WNT8A,1,0.1
xgboost,random_bank_rep_03,RNA::WWC2,1,0.1
xgboost,random_bank_rep_03,RNA::ZBTB42,1,0.1
xgboost,random_bank_rep_03,RNA::ZFP36,1,0.1
xgboost,random_bank_rep_03,RNA::ZNF425,1,0.1
xgboost,random_bank_rep_03,RNA::ZNF443,1,0.1
xgboost,random_bank_rep_03,RNA::ZNF460,1,0.1
xgboost,random_bank_rep_03,RNA::ZNF721,1,0.1
xgboost,random_bank_rep_03,RNA::ZSCAN29,1,0.1
xgboost,random_bank_rep_03,RNA::ZSWIM1,1,0.1
xgboost,random_bank_rep_03,SCNV::FCN3,1,0.1
xgboost,random_bank_rep_03,SCNV::FFAR3,1,0.1
xgboost,random_bank_rep_03,SCNV::KIF1B,1,0.1
xgboost,random_bank_rep_03,SCNV::ZNF296,1,0.1
xgboost,random_bank_rep_03,SCNV::snoU13|ENSG00000238506.1,1,0.1
xgboost,random_bank_rep_04,RNA::ABHD5,1,0.1
xgboost,random_bank_rep_04,RNA::ACAD8,1,0.1
xgboost,random_bank_rep_04,RNA::ADAM8,1,0.1
xgboost,random_bank_rep_04,RNA::ADH6,1,0.1
xgboost,random_bank_rep_04,RNA::ALG14,1,0.1
xgboost,random_bank_rep_04,RNA::ANAPC16,1,0.1
xgboost,random_bank_rep_04,RNA::ANGPTL7,1,0.1
xgboost,random_bank_rep_04,RNA::ANKRD20A3,1,0.1
xgboost,random_bank_rep_04,RNA::ANKRD31,1,0.1
xgboost,random_bank_rep_04,RNA::ANO5,1,0.1
xgboost,random_bank_rep_04,RNA::APOBEC2,1,0.1
xgboost,random_bank_rep_04,RNA::APOC4,1,0.1
xgboost,random_bank_rep_04,RNA::ARHGAP36,1,0.1
xgboost,random_bank_rep_04,RNA::ARHGEF1,1,0.1
xgboost,random_bank_rep_04,RNA::ARHGEF15,1,0.1
xgboost,random_bank_rep_04,RNA::ASAP3,3,0.3
xgboost,random_bank_rep_04,RNA::ATE1,1,0.1
xgboost,random_bank_rep_04,RNA::ATP13A1,1,0.1
xgboost,random_bank_rep_04,RNA::ATP2A3,1,0.1
xgboost,random_bank_rep_04,RNA::ATP5EP2,1,0.1
xgboost,random_bank_rep_04,RNA::ATP7B,1,0.1
xgboost,random_bank_rep_04,RNA::ATP8B5P,1,0.1
xgboost,random_bank_rep_04,RNA::BCKDHA,1,0.1
xgboost,random_bank_rep_04,RNA::BCL11B,1,0.1
xgboost,random_bank_rep_04,RNA::BFAR,1,0.1
xgboost,random_bank_rep_04,RNA::BTRC,1,0.1
xgboost,random_bank_rep_04,RNA::C10orf131,1,0.1
xgboost,random_bank_rep_04,RNA::C14orf102,1,0.1
xgboost,random_bank_rep_04,RNA::C15orf21,1,0.1
xgboost,random_bank_rep_04,RNA::C15orf34,1,0.1
xgboost,random_bank_rep_04,RNA::C17orf103,1,0.1
xgboost,random_bank_rep_04,RNA::C17orf46,1,0.1
xgboost,random_bank_rep_04,RNA::C18orf26,1,0.1
xgboost,random_bank_rep_04,RNA::C18orf56,1,0.1
xgboost,random_bank_rep_04,RNA::C3orf38,1,0.1
xgboost,random_bank_rep_04,RNA::C3orf43,1,0.1
xgboost,random_bank_rep_04,RNA::C3orf77,1,0.1
xgboost,random_bank_rep_04,RNA::C4A,1,0.1
xgboost,random_bank_rep_04,RNA::C9orf78,1,0.1
xgboost,random_bank_rep_04,RNA::CALHM1,1,0.1
xgboost,random_bank_rep_04,RNA::CBLL1,1,0.1
xgboost,random_bank_rep_04,RNA::CCDC107,1,0.1
xgboost,random_bank_rep_04,RNA::CCDC126,1,0.1
xgboost,random_bank_rep_04,RNA::CCDC142,1,0.1
xgboost,random_bank_rep_04,RNA::CCDC58,1,0.1
xgboost,random_bank_rep_04,RNA::CCDC72,1,0.1
xgboost,random_bank_rep_04,RNA::CDH13,1,0.1
xgboost,random_bank_rep_04,RNA::CDH20,1,0.1
xgboost,random_bank_rep_04,RNA::CDK11B,1,0.1
xgboost,random_bank_rep_04,RNA::CEBPA,1,0.1
xgboost,random_bank_rep_04,RNA::CECR7,1,0.1
xgboost,random_bank_rep_04,RNA::CLIC6,1,0.1
xgboost,random_bank_rep_04,RNA::COG2,1,0.1
xgboost,random_bank_rep_04,RNA::CRLS1,1,0.1
xgboost,random_bank_rep_04,RNA::CRYZL1,1,0.1
xgboost,random_bank_rep_04,RNA::CSTF1,1,0.1
xgboost,random_bank_rep_04,RNA::CYP4F12,1,0.1
xgboost,random_bank_rep_04,RNA::DAD1,1,0.1
xgboost,random_bank_rep_04,RNA::DBNDD2,1,0.1
xgboost,random_bank_rep_04,RNA::DCUN1D3,1,0.1
xgboost,random_bank_rep_04,RNA::DDOST,1,0.1
xgboost,random_bank_rep_04,RNA::DIS3L2,1,0.1
xgboost,random_bank_rep_04,RNA::DNALI1,2,0.2
xgboost,random_bank_rep_04,RNA::EEF1A1P9,3,0.3
xgboost,random_bank_rep_04,RNA::EIF1B,1,0.1
xgboost,random_bank_rep_04,RNA::ERP44,1,0.1
xgboost,random_bank_rep_04,RNA::FAM124A,1,0.1
xgboost,random_bank_rep_04,RNA::FAM171B,1,0.1
xgboost,random_bank_rep_04,RNA::FAM98B,1,0.1
xgboost,random_bank_rep_04,RNA::FANCF,1,0.1
xgboost,random_bank_rep_04,RNA::FBXO21,1,0.1
xgboost,random_bank_rep_04,RNA::FCRLB,1,0.1
xgboost,random_bank_rep_04,RNA::FGFBP2,1,0.1
xgboost,random_bank_rep_04,RNA::FMOD,1,0.1
xgboost,random_bank_rep_04,RNA::FNTB,1,0.1
xgboost,random_bank_rep_04,RNA::FOLH1B,1,0.1
xgboost,random_bank_rep_04,RNA::G6PC2,1,0.1
xgboost,random_bank_rep_04,RNA::GALNS,1,0.1
xgboost,random_bank_rep_04,RNA::GBA,1,0.1
xgboost,random_bank_rep_04,RNA::GCSH,1,0.1
xgboost,random_bank_rep_04,RNA::GLIS1,1,0.1
xgboost,random_bank_rep_04,RNA::GPR182,1,0.1
xgboost,random_bank_rep_04,RNA::GPR55,1,0.1
xgboost,random_bank_rep_04,RNA::GTPBP5,1,0.1
xgboost,random_bank_rep_04,RNA::H6PD,1,0.1
xgboost,random_bank_rep_04,RNA::HERC2,1,0.1
xgboost,random_bank_rep_04,RNA::HIST1H1E,1,0.1
xgboost,random_bank_rep_04,RNA::HIST1H2BG,1,0.1
xgboost,random_bank_rep_04,RNA::HNRNPA3P1,1,0.1
xgboost,random_bank_rep_04,RNA::IFNE,1,0.1
xgboost,random_bank_rep_04,RNA::KCNJ11,1,0.1
xgboost,random_bank_rep_04,RNA::KCNK15,1,0.1
xgboost,random_bank_rep_04,RNA::KDELR1,1,0.1
xgboost,random_bank_rep_04,RNA::KIAA0649,1,0.1
xgboost,random_bank_rep_04,RNA::KIF5B,1,0.1
xgboost,random_bank_rep_04,RNA::KRT33B,1,0.1
xgboost,random_bank_rep_04,RNA::LGALS7,1,0.1
xgboost,random_bank_rep_04,RNA::LOC100132724,1,0.1
xgboost,random_bank_rep_04,RNA::LOC148413,1,0.1
xgboost,random_bank_rep_04,RNA::LOC341056,1,0.1
xgboost,random_bank_rep_04,RNA::LOC442454,1,0.1
xgboost,random_bank_rep_04,RNA::LOC644936,1,0.1
xgboost,random_bank_rep_04,RNA::LOC90784,1,0.1
xgboost,random_bank_rep_04,RNA::LRRC42,1,0.1
xgboost,random_bank_rep_04,RNA::LRRTM4,1,0.1
xgboost,random_bank_rep_04,RNA::LSM14A,1,0.1
xgboost,random_bank_rep_04,RNA::MAK16,1,0.1
xgboost,random_bank_rep_04,RNA::MASTL,1,0.1
xgboost,random_bank_rep_04,RNA::MBNL2,1,0.1
xgboost,random_bank_rep_04,RNA::MFSD2B,1,0.1
xgboost,random_bank_rep_04,RNA::MGC45800,1,0.1
xgboost,random_bank_rep_04,RNA::MOCOS,1,0.1
xgboost,random_bank_rep_04,RNA::MRPS5,1,0.1
xgboost,random_bank_rep_04,RNA::MXRA8,1,0.1
xgboost,random_bank_rep_04,RNA::MYO5A,1,0.1
xgboost,random_bank_rep_04,RNA::NEUROG2,1,0.1
xgboost,random_bank_rep_04,RNA::NEUROG3,1,0.1
xgboost,random_bank_rep_04,RNA::NFIA,4,0.4
xgboost,random_bank_rep_04,RNA::NOC2L,1,0.1
xgboost,random_bank_rep_04,RNA::NPLOC4,1,0.1
xgboost,random_bank_rep_04,RNA::NT5C3,1,0.1
xgboost,random_bank_rep_04,RNA::NUDT6,1,0.1
xgboost,random_bank_rep_04,RNA::OR5B2,1,0.1
xgboost,random_bank_rep_04,RNA::P2RX3,1,0.1
xgboost,random_bank_rep_04,RNA::PDE6A,1,0.1
xgboost,random_bank_rep_04,RNA::PDIA4,1,0.1
xgboost,random_bank_rep_04,RNA::PFN2,1,0.1
xgboost,random_bank_rep_04,RNA::PGRMC2,1,0.1
xgboost,random_bank_rep_04,RNA::PHYH,1,0.1
xgboost,random_bank_rep_04,RNA::PIK3R6,1,0.1
xgboost,random_bank_rep_04,RNA::PL-5283,1,0.1
xgboost,random_bank_rep_04,RNA::PLCZ1,1,0.1
xgboost,random_bank_rep_04,RNA::PLEKHA8,1,0.1
xgboost,random_bank_rep_04,RNA::PLEKHO1,1,0.1
xgboost,random_bank_rep_04,RNA::PLSCR1,2,0.2
xgboost,random_bank_rep_04,RNA::PPCDC,1,0.1
xgboost,random_bank_rep_04,RNA::PPIAL4C,2,0.2
xgboost,random_bank_rep_04,RNA::PPP3CC,1,0.1
xgboost,random_bank_rep_04,RNA::PTDSS1,1,0.1
xgboost,random_bank_rep_04,RNA::PUSL1,1,0.1
xgboost,random_bank_rep_04,RNA::RAP1GAP,1,0.1
xgboost,random_bank_rep_04,RNA::RDH16,1,0.1
xgboost,random_bank_rep_04,RNA::RGS20,1,0.1
xgboost,random_bank_rep_04,RNA::RNF186,1,0.1
xgboost,random_bank_rep_04,RNA::RNF5,1,0.1
xgboost,random_bank_rep_04,RNA::RPL13A,1,0.1
xgboost,random_bank_rep_04,RNA::RPPH1,1,0.1
xgboost,random_bank_rep_04,RNA::RPS27L,1,0.1
xgboost,random_bank_rep_04,RNA::S100PBP,1,0.1
xgboost,random_bank_rep_04,RNA::SCARF2,1,0.1
xgboost,random_bank_rep_04,RNA::SCML1,1,0.1
xgboost,random_bank_rep_04,RNA::SEPHS2,1,0.1
xgboost,random_bank_rep_04,RNA::SEPT3,1,0.1
xgboost,random_bank_rep_04,RNA::SIX5,1,0.1
xgboost,random_bank_rep_04,RNA::SLC15A2,1,0.1
xgboost,random_bank_rep_04,RNA::SLC36A4,1,0.1
xgboost,random_bank_rep_04,RNA::SLC6A12,1,0.1
xgboost,random_bank_rep_04,RNA::SMAD7,1,0.1
xgboost,random_bank_rep_04,RNA::SMOC2,1,0.1
xgboost,random_bank_rep_04,RNA::SRF,1,0.1
xgboost,random_bank_rep_04,RNA::SYDE1,1,0.1
xgboost,random_bank_rep_04,RNA::TAF15,1,0.1
xgboost,random_bank_rep_04,RNA::TARDBP,1,0.1
xgboost,random_bank_rep_04,RNA::TEX9,1,0.1
xgboost,random_bank_rep_04,RNA::THRAP3,1,0.1
xgboost,random_bank_rep_04,RNA::TMEM108,1,0.1
xgboost,random_bank_rep_04,RNA::TMEM149,1,0.1
xgboost,random_bank_rep_04,RNA::TMEM196,1,0.1
xgboost,random_bank_rep_04,RNA::TMEM39A,1,0.1
xgboost,random_bank_rep_04,RNA::TNFAIP8L2,1,0.1
xgboost,random_bank_rep_04,RNA::TNFSF13B,1,0.1
xgboost,random_bank_rep_04,RNA::TNS4,1,0.1
xgboost,random_bank_rep_04,RNA::TOB2,1,0.1
xgboost,random_bank_rep_04,RNA::TOP1P2,1,0.1
xgboost,random_bank_rep_04,RNA::TP53I3,2,0.2
xgboost,random_bank_rep_04,RNA::TTC36,1,0.1
xgboost,random_bank_rep_04,RNA::TXLNA,2,0.2
xgboost,random_bank_rep_04,RNA::TXNDC12,1,0.1
xgboost,random_bank_rep_04,RNA::UPB1,1,0.1
xgboost,random_bank_rep_04,RNA::VHL,1,0.1
xgboost,random_bank_rep_04,RNA::WFDC3,1,0.1
xgboost,random_bank_rep_04,RNA::WLS,1,0.1
xgboost,random_bank_rep_04,RNA::ZBED1,1,0.1
xgboost,random_bank_rep_04,RNA::ZDHHC21,1,0.1
xgboost,random_bank_rep_04,RNA::ZMAT2,1,0.1
xgboost,random_bank_rep_04,RNA::ZXDB,1,0.1
xgboost,random_bank_rep_04,SCNV::SLC2A13,1,0.1
xgboost,random_bank_rep_04,SCNV::ZNF479,1,0.1
xgboost,random_bank_rep_05,RNA::ABCA12,1,0.1
xgboost,random_bank_rep_05,RNA::ABCA9,1,0.1
xgboost,random_bank_rep_05,RNA::ABCG1,1,0.1
xgboost,random_bank_rep_05,RNA::ABHD5,1,0.1
xgboost,random_bank_rep_05,RNA::ACAP3,1,0.1
xgboost,random_bank_rep_05,RNA::ACN9,1,0.1
xgboost,random_bank_rep_05,RNA::ACOX1,1,0.1
xgboost,random_bank_rep_05,RNA::ACSBG1,1,0.1
xgboost,random_bank_rep_05,RNA::ADAMTS2,1,0.1
xgboost,random_bank_rep_05,RNA::ADCYAP1,1,0.1
xgboost,random_bank_rep_05,RNA::AKR1CL1,1,0.1
xgboost,random_bank_rep_05,RNA::ALKBH3,1,0.1
xgboost,random_bank_rep_05,RNA::ANGEL2,1,0.1
xgboost,random_bank_rep_05,RNA::ANKRD46,1,0.1
xgboost,random_bank_rep_05,RNA::ANP32D,1,0.1
xgboost,random_bank_rep_05,RNA::ANP32E,1,0.1
xgboost,random_bank_rep_05,RNA::APBA2,1,0.1
xgboost,random_bank_rep_05,RNA::APBA3,1,0.1
xgboost,random_bank_rep_05,RNA::APLF,1,0.1
xgboost,random_bank_rep_05,RNA::APOC4,1,0.1
xgboost,random_bank_rep_05,RNA::APOL3,1,0.1
xgboost,random_bank_rep_05,RNA::ARHGAP1,1,0.1
xgboost,random_bank_rep_05,RNA::ATP5EP2,1,0.1
xgboost,random_bank_rep_05,RNA::ATP8B5P,1,0.1
xgboost,random_bank_rep_05,RNA::AZI2,1,0.1
xgboost,random_bank_rep_05,RNA::B3GNT5,1,0.1
xgboost,random_bank_rep_05,RNA::B3GNTL1,1,0.1
xgboost,random_bank_rep_05,RNA::C10orf75,1,0.1
xgboost,random_bank_rep_05,RNA::C14orf182,1,0.1
xgboost,random_bank_rep_05,RNA::C17orf102,1,0.1
xgboost,random_bank_rep_05,RNA::C17orf103,1,0.1
xgboost,random_bank_rep_05,RNA::C17orf46,1,0.1
xgboost,random_bank_rep_05,RNA::C19orf52,1,0.1
xgboost,random_bank_rep_05,RNA::C3orf38,1,0.1
xgboost,random_bank_rep_05,RNA::C3orf43,1,0.1
xgboost,random_bank_rep_05,RNA::C6orf147,1,0.1
xgboost,random_bank_rep_05,RNA::C6orf221,1,0.1
xgboost,random_bank_rep_05,RNA::CALCR,1,0.1
xgboost,random_bank_rep_05,RNA::CC2D2A,1,0.1
xgboost,random_bank_rep_05,RNA::CCDC107,1,0.1
xgboost,random_bank_rep_05,RNA::CCDC126,1,0.1
xgboost,random_bank_rep_05,RNA::CCDC136,1,0.1
xgboost,random_bank_rep_05,RNA::CDK11B,1,0.1
xgboost,random_bank_rep_05,RNA::CDKN2C,1,0.1
xgboost,random_bank_rep_05,RNA::CHD1L,1,0.1
xgboost,random_bank_rep_05,RNA::CKLF,1,0.1
xgboost,random_bank_rep_05,RNA::CLGN,1,0.1
xgboost,random_bank_rep_05,RNA::CLUAP1,1,0.1
xgboost,random_bank_rep_05,RNA::COL6A2,1,0.1
xgboost,random_bank_rep_05,RNA::CTNNA3,1,0.1
xgboost,random_bank_rep_05,RNA::CTNNBL1,1,0.1
xgboost,random_bank_rep_05,RNA::CYP27B1,1,0.1
xgboost,random_bank_rep_05,RNA::CYYR1,1,0.1
xgboost,random_bank_rep_05,RNA::DAG1,1,0.1
xgboost,random_bank_rep_05,RNA::DCDC2,1,0.1
xgboost,random_bank_rep_05,RNA::DGCR6L,1,0.1
xgboost,random_bank_rep_05,RNA::DIAPH1,1,0.1
xgboost,random_bank_rep_05,RNA::DPP6,1,0.1
xgboost,random_bank_rep_05,RNA::EEF1A1P9,6,0.6
xgboost,random_bank_rep_05,RNA::ENPP7,1,0.1
xgboost,random_bank_rep_05,RNA::EYS,1,0.1
xgboost,random_bank_rep_05,RNA::FAF2,1,0.1
xgboost,random_bank_rep_05,RNA::FAM124A,1,0.1
xgboost,random_bank_rep_05,RNA::FAM190A,1,0.1
xgboost,random_bank_rep_05,RNA::FAM46D,1,0.1
xgboost,random_bank_rep_05,RNA::FAM58B,1,0.1
xgboost,random_bank_rep_05,RNA::FOLH1B,1,0.1
xgboost,random_bank_rep_05,RNA::FTHL3,2,0.2
xgboost,random_bank_rep_05,RNA::G6PC2,1,0.1
xgboost,random_bank_rep_05,RNA::GBA,1,0.1
xgboost,random_bank_rep_05,RNA::GCSH,1,0.1
xgboost,random_bank_rep_05,RNA::GMPS,1,0.1
xgboost,random_bank_rep_05,RNA::GPR128,1,0.1
xgboost,random_bank_rep_05,RNA::GPR182,1,0.1
xgboost,random_bank_rep_05,RNA::GTF3C2,1,0.1
xgboost,random_bank_rep_05,RNA::H6PD,1,0.1
xgboost,random_bank_rep_05,RNA::HEATR7B2,1,0.1
xgboost,random_bank_rep_05,RNA::HIST1H1E,1,0.1
xgboost,random_bank_rep_05,RNA::HIST1H2BE,1,0.1
xgboost,random_bank_rep_05,RNA::HNRNPA3P1,3,0.3
xgboost,random_bank_rep_05,RNA::HOXB2,1,0.1
xgboost,random_bank_rep_05,RNA::HOXB7,1,0.1
xgboost,random_bank_rep_05,RNA::IFIH1,1,0.1
xgboost,random_bank_rep_05,RNA::IFT140,1,0.1
xgboost,random_bank_rep_05,RNA::IKBKAP,1,0.1
xgboost,random_bank_rep_05,RNA::KDELR1,1,0.1
xgboost,random_bank_rep_05,RNA::KIAA0664,1,0.1
xgboost,random_bank_rep_05,RNA::KIAA1257,1,0.1
xgboost,random_bank_rep_05,RNA::KIAA1409,1,0.1
xgboost,random_bank_rep_05,RNA::KIF5B,1,0.1
xgboost,random_bank_rep_05,RNA::LBX1,1,0.1
xgboost,random_bank_rep_05,RNA::LMAN2L,1,0.1
xgboost,random_bank_rep_05,RNA::LMF1,1,0.1
xgboost,random_bank_rep_05,RNA::LMOD1,1,0.1
xgboost,random_bank_rep_05,RNA::LOC100129066,1,0.1
xgboost,random_bank_rep_05,RNA::LOC148413,1,0.1
xgboost,random_bank_rep_05,RNA::LOC162632,1,0.1
xgboost,random_bank_rep_05,RNA::LOC341056,1,0.1
xgboost,random_bank_rep_05,RNA::LOC442454,1,0.1
xgboost,random_bank_rep_05,RNA::LOC644936,1,0.1
xgboost,random_bank_rep_05,RNA::LOC647121,1,0.1
xgboost,random_bank_rep_05,RNA::LOC647288,1,0.1
xgboost,random_bank_rep_05,RNA::LOC92659,1,0.1
xgboost,random_bank_rep_05,RNA::LRRC42,1,0.1
xgboost,random_bank_rep_05,RNA::LRRC4C,1,0.1
xgboost,random_bank_rep_05,RNA::MCOLN1,1,0.1
xgboost,random_bank_rep_05,RNA::METTL9,1,0.1
xgboost,random_bank_rep_05,RNA::MGAT4B,1,0.1
xgboost,random_bank_rep_05,RNA::MGC45800,1,0.1
xgboost,random_bank_rep_05,RNA::MGST1,1,0.1
xgboost,random_bank_rep_05,RNA::MLANA,1,0.1
xgboost,random_bank_rep_05,RNA::MN1,1,0.1
xgboost,random_bank_rep_05,RNA::MRPL22,1,0.1
xgboost,random_bank_rep_05,RNA::MTHFR,1,0.1
xgboost,random_bank_rep_05,RNA::NCRNA00169,1,0.1
xgboost,random_bank_rep_05,RNA::NEB,1,0.1
xgboost,random_bank_rep_05,RNA::NEK5,1,0.1
xgboost,random_bank_rep_05,RNA::NFIA,3,0.3
xgboost,random_bank_rep_05,RNA::NKX2-8,1,0.1
xgboost,random_bank_rep_05,RNA::NOP56,1,0.1
xgboost,random_bank_rep_05,RNA::NPVF,1,0.1
xgboost,random_bank_rep_05,RNA::NT5C3,1,0.1
xgboost,random_bank_rep_05,RNA::OAT,1,0.1
xgboost,random_bank_rep_05,RNA::OTUD1,1,0.1
xgboost,random_bank_rep_05,RNA::PAFAH1B1,1,0.1
xgboost,random_bank_rep_05,RNA::PAPD5,1,0.1
xgboost,random_bank_rep_05,RNA::PAPPA2,2,0.2
xgboost,random_bank_rep_05,RNA::PID1,1,0.1
xgboost,random_bank_rep_05,RNA::PLEKHH2,1,0.1
xgboost,random_bank_rep_05,RNA::PLEKHO1,1,0.1
xgboost,random_bank_rep_05,RNA::PNPLA2,1,0.1
xgboost,random_bank_rep_05,RNA::PPCDC,1,0.1
xgboost,random_bank_rep_05,RNA::ProSAPiP1,1,0.1
xgboost,random_bank_rep_05,RNA::RGS2,1,0.1
xgboost,random_bank_rep_05,RNA::RGS4,1,0.1
xgboost,random_bank_rep_05,RNA::RHO,1,0.1
xgboost,random_bank_rep_05,RNA::RNF148,1,0.1
xgboost,random_bank_rep_05,RNA::RNF186,1,0.1
xgboost,random_bank_rep_05,RNA::RORA,1,0.1
xgboost,random_bank_rep_05,RNA::RPL12,1,0.1
xgboost,random_bank_rep_05,RNA::RPL19P12,1,0.1
xgboost,random_bank_rep_05,RNA::S1PR2,1,0.1
xgboost,random_bank_rep_05,RNA::SC65,2,0.2
xgboost,random_bank_rep_05,RNA::SCML1,1,0.1
xgboost,random_bank_rep_05,RNA::SH2D1A,1,0.1
xgboost,random_bank_rep_05,RNA::SLC22A2,1,0.1
xgboost,random_bank_rep_05,RNA::SLC6A12,1,0.1
xgboost,random_bank_rep_05,RNA::STYX,1,0.1
xgboost,random_bank_rep_05,RNA::SUMO1P3,1,0.1
xgboost,random_bank_rep_05,RNA::SYCP2,1,0.1
xgboost,random_bank_rep_05,RNA::SYDE1,1,0.1
xgboost,random_bank_rep_05,RNA::TARDBP,1,0.1
xgboost,random_bank_rep_05,RNA::TBRG4,1,0.1
xgboost,random_bank_rep_05,RNA::TCF4,1,0.1
xgboost,random_bank_rep_05,RNA::TEKT4,1,0.1
xgboost,random_bank_rep_05,RNA::THRAP3,3,0.3
xgboost,random_bank_rep_05,RNA::TMEM165,1,0.1
xgboost,random_bank_rep_05,RNA::TMEM179,1,0.1
xgboost,random_bank_rep_05,RNA::TMEM39A,1,0.1
xgboost,random_bank_rep_05,RNA::TRIM11,1,0.1
xgboost,random_bank_rep_05,RNA::TRIM4,1,0.1
xgboost,random_bank_rep_05,RNA::TRIM67,1,0.1
xgboost,random_bank_rep_05,RNA::TTC36,1,0.1
xgboost,random_bank_rep_05,RNA::TTC39C,1,0.1
xgboost,random_bank_rep_05,RNA::TXLNA,1,0.1
xgboost,random_bank_rep_05,RNA::UPF1,1,0.1
xgboost,random_bank_rep_05,RNA::UPF3B,1,0.1
xgboost,random_bank_rep_05,RNA::USP30,1,0.1
xgboost,random_bank_rep_05,RNA::VHL,1,0.1
xgboost,random_bank_rep_05,RNA::VIM,1,0.1
xgboost,random_bank_rep_05,RNA::VPS37A,1,0.1
xgboost,random_bank_rep_05,RNA::WDR26,1,0.1
xgboost,random_bank_rep_05,RNA::WFDC3,1,0.1
xgboost,random_bank_rep_05,RNA::WLS,1,0.1
xgboost,random_bank_rep_05,RNA::WNT7A,1,0.1
xgboost,random_bank_rep_05,RNA::XIRP1,1,0.1
xgboost,random_bank_rep_05,RNA::YLPM1,1,0.1
xgboost,random_bank_rep_05,RNA::ZBED1,1,0.1
xgboost,random_bank_rep_05,RNA::ZDHHC21,1,0.1
xgboost,random_bank_rep_05,RNA::ZFP36,1,0.1
xgboost,random_bank_rep_05,RNA::ZNF426,1,0.1
xgboost,random_bank_rep_05,RNA::ZXDB,1,0.1
xgboost,random_bank_rep_05,SCNV::CA6,1,0.1
xgboost,random_bank_rep_05,SCNV::KIF1B,1,0.1
xgboost,random_bank_rep_05,SCNV::NEGR1,1,0.1
xgboost,random_bank_rep_05,SCNV::RELN,1,0.1
xgboost,stability_matched,RNA::ABCA10,1,0.1
xgboost,stability_matched,RNA::ADAM8,1,0.1
xgboost,stability_matched,RNA::AFF3,1,0.1
xgboost,stability_matched,RNA::ANKRD12,1,0.1
xgboost,stability_matched,RNA::ANKRD20A3,1,0.1
xgboost,stability_matched,RNA::ANO2,1,0.1
xgboost,stability_matched,RNA::ANXA10,1,0.1
xgboost,stability_matched,RNA::APOBEC3G,1,0.1
xgboost,stability_matched,RNA::ARHGAP9,1,0.1
xgboost,stability_matched,RNA::ASAP3,7,0.7
xgboost,stability_matched,RNA::ATP13A1,1,0.1
xgboost,stability_matched,RNA::ATP5EP2,2,0.2
xgboost,stability_matched,RNA::ATP8B5P,4,0.4
xgboost,stability_matched,RNA::BFAR,2,0.2
xgboost,stability_matched,RNA::C10orf131,1,0.1
xgboost,stability_matched,RNA::C15orf21,3,0.3
xgboost,stability_matched,RNA::C20orf111,1,0.1
xgboost,stability_matched,RNA::C3orf38,4,0.4
xgboost,stability_matched,RNA::CARD11,1,0.1
xgboost,stability_matched,RNA::CCDC158,1,0.1
xgboost,stability_matched,RNA::CDK11B,1,0.1
xgboost,stability_matched,RNA::CKLF,1,0.1
xgboost,stability_matched,RNA::CLEC7A,1,0.1
xgboost,stability_matched,RNA::CNN3,2,0.2
xgboost,stability_matched,RNA::COL6A2,1,0.1
xgboost,stability_matched,RNA::CT45A1,2,0.2
xgboost,stability_matched,RNA::CYP21A2,1,0.1
xgboost,stability_matched,RNA::CYP27B1,1,0.1
xgboost,stability_matched,RNA::DDOST,1,0.1
xgboost,stability_matched,RNA::DEGS2,1,0.1
xgboost,stability_matched,RNA::EEF1A1P9,10,1.0
xgboost,stability_matched,RNA::ENPP7,1,0.1
xgboost,stability_matched,RNA::ERGIC3,1,0.1
xgboost,stability_matched,RNA::FAF2,2,0.2
xgboost,stability_matched,RNA::FAM190A,1,0.1
xgboost,stability_matched,RNA::FAM58B,1,0.1
xgboost,stability_matched,RNA::FCRLB,1,0.1
xgboost,stability_matched,RNA::FRG1B,1,0.1
xgboost,stability_matched,RNA::FTHL3,5,0.5
xgboost,stability_matched,RNA::G6PC2,3,0.3
xgboost,stability_matched,RNA::GATA2,1,0.1
xgboost,stability_matched,RNA::GCSH,2,0.2
xgboost,stability_matched,RNA::GGTLC1,1,0.1
xgboost,stability_matched,RNA::GMPS,1,0.1
xgboost,stability_matched,RNA::GOLGB1,1,0.1
xgboost,stability_matched,RNA::GPR128,1,0.1
xgboost,stability_matched,RNA::GPR182,1,0.1
xgboost,stability_matched,RNA::GSTM2,1,0.1
xgboost,stability_matched,RNA::HERC2,2,0.2
xgboost,stability_matched,RNA::HIST1H2BE,1,0.1
xgboost,stability_matched,RNA::HNRNPA3P1,5,0.5
xgboost,stability_matched,RNA::HPS3,1,0.1
xgboost,stability_matched,RNA::KDELR1,3,0.3
xgboost,stability_matched,RNA::KIAA0649,1,0.1
xgboost,stability_matched,RNA::LMOD1,1,0.1
xgboost,stability_matched,RNA::LOC148413,1,0.1
xgboost,stability_matched,RNA::LOC341056,3,0.3
xgboost,stability_matched,RNA::LOC407835,1,0.1
xgboost,stability_matched,RNA::LOC442454,3,0.3
xgboost,stability_matched,RNA::LOC442459,1,0.1
xgboost,stability_matched,RNA::LOC643387,1,0.1
xgboost,stability_matched,RNA::LOC644936,1,0.1
xgboost,stability_matched,RNA::LOC647288,1,0.1
xgboost,stability_matched,RNA::LSM14A,2,0.2
xgboost,stability_matched,RNA::MADD,1,0.1
xgboost,stability_matched,RNA::MECP2,1,0.1
xgboost,stability_matched,RNA::MFSD2B,2,0.2
xgboost,stability_matched,RNA::MIA,1,0.1
xgboost,stability_matched,RNA::MN1,1,0.1
xgboost,stability_matched,RNA::MORF4L1,1,0.1
xgboost,stability_matched,RNA::MTX1,1,0.1
xgboost,stability_matched,RNA::MYOM2,1,0.1
xgboost,stability_matched,RNA::NADK,1,0.1
xgboost,stability_matched,RNA::NEURL3,1,0.1
xgboost,stability_matched,RNA::NFIA,5,0.5
xgboost,stability_matched,RNA::NOP56,1,0.1
xgboost,stability_matched,RNA::NPIP,1,0.1
xgboost,stability_matched,RNA::NPVF,1,0.1
xgboost,stability_matched,RNA::OAT,1,0.1
xgboost,stability_matched,RNA::P2RX3,1,0.1
xgboost,stability_matched,RNA::PABPC4,1,0.1
xgboost,stability_matched,RNA::PCBP3,3,0.3
xgboost,stability_matched,RNA::PCDHGB7,1,0.1
xgboost,stability_matched,RNA::PGF,1,0.1
xgboost,stability_matched,RNA::PIK3R6,2,0.2
xgboost,stability_matched,RNA::PLEK2,1,0.1
xgboost,stability_matched,RNA::PLEKHA4,1,0.1
xgboost,stability_matched,RNA::PLSCR1,2,0.2
xgboost,stability_matched,RNA::PNPLA1,1,0.1
xgboost,stability_matched,RNA::PPHLN1,1,0.1
xgboost,stability_matched,RNA::PPIAL4C,4,0.4
xgboost,stability_matched,RNA::PTDSS1,1,0.1
xgboost,stability_matched,RNA::RAB41,1,0.1
xgboost,stability_matched,RNA::RNF186,1,0.1
xgboost,stability_matched,RNA::RPL13A,1,0.1
xgboost,stability_matched,RNA::RPL41,1,0.1
xgboost,stability_matched,RNA::S100PBP,1,0.1
xgboost,stability_matched,RNA::SC65,2,0.2
xgboost,stability_matched,RNA::SEMA6A,1,0.1
xgboost,stability_matched,RNA::SEPHS2,1,0.1
xgboost,stability_matched,RNA::SEPT9,1,0.1
xgboost,stability_matched,RNA::SLC47A1,1,0.1
xgboost,stability_matched,RNA::STK40,1,0.1
xgboost,stability_matched,RNA::SUMF1,1,0.1
xgboost,stability_matched,RNA::SUMO1P3,1,0.1
xgboost,stability_matched,RNA::SUSD3,1,0.1
xgboost,stability_matched,RNA::TADA2B,1,0.1
xgboost,stability_matched,RNA::TAF15,1,0.1
xgboost,stability_matched,RNA::TARDBP,1,0.1
xgboost,stability_matched,RNA::THRAP3,6,0.6
xgboost,stability_matched,RNA::TMEM108,1,0.1
xgboost,stability_matched,RNA::TMEM149,2,0.2
xgboost,stability_matched,RNA::TMEM87A,1,0.1
xgboost,stability_matched,RNA::TMOD2,1,0.1
xgboost,stability_matched,RNA::TOP1P2,2,0.2
xgboost,stability_matched,RNA::TP53I3,1,0.1
xgboost,stability_matched,RNA::TRIM67,1,0.1
xgboost,stability_matched,RNA::TTC5,1,0.1
xgboost,stability_matched,RNA::TXNDC12,1,0.1
xgboost,stability_matched,RNA::UGT1A10,1,0.1
xgboost,stability_matched,RNA::USP30,1,0.1
xgboost,stability_matched,RNA::VEGFA,1,0.1
xgboost,stability_matched,RNA::WDR77,1,0.1
xgboost,stability_matched,RNA::WLS,1,0.1
xgboost,stability_matched,RNA::ZMAT2,1,0.1
xgboost,stability_matched,SCNV::DAB1,1,0.1
xgboost,stability_matched,SCNV::ENO1,1,0.1
xgboost,stability_matched,SCNV::FCN3,1,0.1
xgboost,stability_matched,SCNV::FFAR3,1,0.1
xgboost,stability_matched,SCNV::KIF1B,1,0.1
xgboost,stability_matched,SCNV::PEX14,1,0.1
xgboost,stability_matched,SCNV::PLEKHF1,1,0.1
xgboost,stability_matched,SCNV::ZNF296,1,0.1
xgboost,stability_native,RNA::ABHD5,1,0.1
xgboost,stability_native,RNA::ACSBG1,1,0.1
xgboost,stability_native,RNA::ACSM5,1,0.1
xgboost,stability_native,RNA::ADAMTS2,1,0.1
xgboost,stability_native,RNA::ADH1B,1,0.1
xgboost,stability_native,RNA::AFF3,1,0.1
xgboost,stability_native,RNA::AKAP7,1,0.1
xgboost,stability_native,RNA::AKR1CL1,1,0.1
xgboost,stability_native,RNA::ALKBH3,1,0.1
xgboost,stability_native,RNA::ANGEL2,1,0.1
xgboost,stability_native,RNA::ANKRD12,1,0.1
xgboost,stability_native,RNA::ANKRD20A3,1,0.1
xgboost,stability_native,RNA::ANKRD31,1,0.1
xgboost,stability_native,RNA::ANO2,1,0.1
xgboost,stability_native,RNA::ANP32D,1,0.1
xgboost,stability_native,RNA::ANXA10,1,0.1
xgboost,stability_native,RNA::AOC2,1,0.1
xgboost,stability_native,RNA::APBA2,1,0.1
xgboost,stability_native,RNA::APOBEC3G,1,0.1
xgboost,stability_native,RNA::ARHGAP6,1,0.1
xgboost,stability_native,RNA::ARHGAP9,1,0.1
xgboost,stability_native,RNA::ARL4C,1,0.1
xgboost,stability_native,RNA::ARSK,1,0.1
xgboost,stability_native,RNA::ASAP3,8,0.8
xgboost,stability_native,RNA::ASB8,1,0.1
xgboost,stability_native,RNA::ATP13A1,1,0.1
xgboost,stability_native,RNA::ATP2A3,1,0.1
xgboost,stability_native,RNA::ATP5EP2,2,0.2
xgboost,stability_native,RNA::ATP7B,1,0.1
xgboost,stability_native,RNA::ATP8B5P,4,0.4
xgboost,stability_native,RNA::ATXN7,1,0.1
xgboost,stability_native,RNA::BARX1,1,0.1
xgboost,stability_native,RNA::BAX,1,0.1
xgboost,stability_native,RNA::BFAR,2,0.2
xgboost,stability_native,RNA::C10orf131,1,0.1
xgboost,stability_native,RNA::C14orf182,1,0.1
xgboost,stability_native,RNA::C14orf23,1,0.1
xgboost,stability_native,RNA::C14orf70,1,0.1
xgboost,stability_native,RNA::C15orf21,3,0.3
xgboost,stability_native,RNA::C16orf72,1,0.1
xgboost,stability_native,RNA::C17orf103,1,0.1
xgboost,stability_native,RNA::C18orf2,1,0.1
xgboost,stability_native,RNA::C18orf26,1,0.1
xgboost,stability_native,RNA::C18orf56,1,0.1
xgboost,stability_native,RNA::C1orf116,1,0.1
xgboost,stability_native,RNA::C20orf111,1,0.1
xgboost,stability_native,RNA::C22orf15,1,0.1
xgboost,stability_native,RNA::C2orf67,1,0.1
xgboost,stability_native,RNA::C3orf38,4,0.4
xgboost,stability_native,RNA::C3orf77,1,0.1
xgboost,stability_native,RNA::C5orf60,1,0.1
xgboost,stability_native,RNA::C6orf147,1,0.1
xgboost,stability_native,RNA::C9orf78,1,0.1
xgboost,stability_native,RNA::CAMK2G,1,0.1
xgboost,stability_native,RNA::CAPN8,1,0.1
xgboost,stability_native,RNA::CARD11,1,0.1
xgboost,stability_native,RNA::CBLL1,2,0.2
xgboost,stability_native,RNA::CCDC136,1,0.1
xgboost,stability_native,RNA::CCDC158,1,0.1
xgboost,stability_native,RNA::CCL1,1,0.1
xgboost,stability_native,RNA::CCNJL,1,0.1
xgboost,stability_native,RNA::CD3EAP,1,0.1
xgboost,stability_native,RNA::CDH20,1,0.1
xgboost,stability_native,RNA::CDK11B,2,0.2
xgboost,stability_native,RNA::CEBPA,1,0.1
xgboost,stability_native,RNA::CEBPG,1,0.1
xgboost,stability_native,RNA::CECR7,1,0.1
xgboost,stability_native,RNA::CHD1L,1,0.1
xgboost,stability_native,RNA::CHRNA7,1,0.1
xgboost,stability_native,RNA::CKLF,1,0.1
xgboost,stability_native,RNA::CLCN6,1,0.1
xgboost,stability_native,RNA::CLEC7A,1,0.1
xgboost,stability_native,RNA::CLIC6,1,0.1
xgboost,stability_native,RNA::CNN3,2,0.2
xgboost,stability_native,RNA::COG2,1,0.1
xgboost,stability_native,RNA::COL6A2,1,0.1
xgboost,stability_native,RNA::CPO,1,0.1
xgboost,stability_native,RNA::CST6,1,0.1
xgboost,stability_native,RNA::CT45A1,2,0.2
xgboost,stability_native,RNA::CYP21A2,1,0.1
xgboost,stability_native,RNA::CYP27B1,1,0.1
xgboost,stability_native,RNA::CYP51A1,1,0.1
xgboost,stability_native,RNA::CYYR1,1,0.1
xgboost,stability_native,RNA::DCUN1D3,1,0.1
xgboost,stability_native,RNA::DDAH1,1,0.1
xgboost,stability_native,RNA::DDOST,1,0.1
xgboost,stability_native,RNA::DEGS2,1,0.1
xgboost,stability_native,RNA::DNALI1,1,0.1
xgboost,stability_native,RNA::DRD2,1,0.1
xgboost,stability_native,RNA::EEF1A1P9,10,1.0
xgboost,stability_native,RNA::ERGIC3,1,0.1
xgboost,stability_native,RNA::ERP44,1,0.1
xgboost,stability_native,RNA::FAF2,2,0.2
xgboost,stability_native,RNA::FAM124A,1,0.1
xgboost,stability_native,RNA::FAM133A,1,0.1
xgboost,stability_native,RNA::FAM190A,1,0.1
xgboost,stability_native,RNA::FAM24B,1,0.1
xgboost,stability_native,RNA::FAM65A,1,0.1
xgboost,stability_native,RNA::FBXO21,1,0.1
xgboost,stability_native,RNA::FCRLB,1,0.1
xgboost,stability_native,RNA::FGFBP2,1,0.1
xgboost,stability_native,RNA::FRG1B,1,0.1
xgboost,stability_native,RNA::FTHL3,5,0.5
xgboost,stability_native,RNA::G6PC2,3,0.3
xgboost,stability_native,RNA::GALNS,1,0.1
xgboost,stability_native,RNA::GALR1,1,0.1
xgboost,stability_native,RNA::GATA2,1,0.1
xgboost,stability_native,RNA::GBP7,1,0.1
xgboost,stability_native,RNA::GCSH,2,0.2
xgboost,stability_native,RNA::GGTLC1,1,0.1
xgboost,stability_native,RNA::GHDC,1,0.1
xgboost,stability_native,RNA::GMPS,1,0.1
xgboost,stability_native,RNA::GNG10,1,0.1
xgboost,stability_native,RNA::GOLGB1,1,0.1
xgboost,stability_native,RNA::GPR128,1,0.1
xgboost,stability_native,RNA::GPR182,1,0.1
xgboost,stability_native,RNA::GPR89B,1,0.1
xgboost,stability_native,RNA::GPR98,1,0.1
xgboost,stability_native,RNA::GSTM2,1,0.1
xgboost,stability_native,RNA::GTPBP5,1,0.1
xgboost,stability_native,RNA::H6PD,1,0.1
xgboost,stability_native,RNA::HERC2,2,0.2
xgboost,stability_native,RNA::HIST1H2BE,1,0.1
xgboost,stability_native,RNA::HIST1H2BG,1,0.1
xgboost,stability_native,RNA::HNRNPA3P1,5,0.5
xgboost,stability_native,RNA::HOXB7,1,0.1
xgboost,stability_native,RNA::HPS3,1,0.1
xgboost,stability_native,RNA::HSPA12B,1,0.1
xgboost,stability_native,RNA::IFIH1,1,0.1
xgboost,stability_native,RNA::IFT140,1,0.1
xgboost,stability_native,RNA::IGF2BP2,1,0.1
xgboost,stability_native,RNA::IL2RA,1,0.1
xgboost,stability_native,RNA::KCNJ11,1,0.1
xgboost,stability_native,RNA::KDELR1,3,0.3
xgboost,stability_native,RNA::KIAA0195,1,0.1
xgboost,stability_native,RNA::KIAA0649,2,0.2
xgboost,stability_native,RNA::KIAA0664,1,0.1
xgboost,stability_native,RNA::KIAA1024,1,0.1
xgboost,stability_native,RNA::KLHL15,1,0.1
xgboost,stability_native,RNA::L3MBTL3,1,0.1
xgboost,stability_native,RNA::LDLRAD2,1,0.1
xgboost,stability_native,RNA::LMOD1,1,0.1
xgboost,stability_native,RNA::LOC100128573,1,0.1
xgboost,stability_native,RNA::LOC100133612,1,0.1
xgboost,stability_native,RNA::LOC148413,1,0.1
xgboost,stability_native,RNA::LOC162632,1,0.1
xgboost,stability_native,RNA::LOC341056,3,0.3
xgboost,stability_native,RNA::LOC407835,1,0.1
xgboost,stability_native,RNA::LOC442454,3,0.3
xgboost,stability_native,RNA::LOC442459,1,0.1
xgboost,stability_native,RNA::LOC643387,1,0.1
xgboost,stability_native,RNA::LOC644936,1,0.1
xgboost,stability_native,RNA::LOC647288,1,0.1
xgboost,stability_native,RNA::LOC728323,1,0.1
xgboost,stability_native,RNA::LOC90784,1,0.1
xgboost,stability_native,RNA::LRRC42,1,0.1
xgboost,stability_native,RNA::LRRN4CL,1,0.1
xgboost,stability_native,RNA::LSM14A,2,0.2
xgboost,stability_native,RNA::MADD,1,0.1
xgboost,stability_native,RNA::MASTL,1,0.1
xgboost,stability_native,RNA::MCOLN1,1,0.1
xgboost,stability_native,RNA::MECP2,1,0.1
xgboost,stability_native,RNA::MFSD11,1,0.1
xgboost,stability_native,RNA::MFSD2B,2,0.2
xgboost,stability_native,RNA::MGC16703,1,0.1
xgboost,stability_native,RNA::MIA,1,0.1
xgboost,stability_native,RNA::MKRN2,1,0.1
xgboost,stability_native,RNA::MN1,1,0.1
xgboost,stability_native,RNA::MORF4L1,1,0.1
xgboost,stability_native,RNA::MRPL22,1,0.1
xgboost,stability_native,RNA::MRS2,1,0.1
xgboost,stability_native,RNA::MST1P9,1,0.1
xgboost,stability_native,RNA::MTHFR,1,0.1
xgboost,stability_native,RNA::MTX1,1,0.1
xgboost,stability_native,RNA::MYOM2,1,0.1
xgboost,stability_native,RNA::NADK,1,0.1
xgboost,stability_native,RNA::NCRNA00169,1,0.1
xgboost,stability_native,RNA::NECAP2,1,0.1
xgboost,stability_native,RNA::NEURL3,1,0.1
xgboost,stability_native,RNA::NFIA,8,0.8
xgboost,stability_native,RNA::NKX2-8,1,0.1
xgboost,stability_native,RNA::NOC2L,1,0.1
xgboost,stability_native,RNA::NOP56,1,0.1
xgboost,stability_native,RNA::NOP58,1,0.1
xgboost,stability_native,RNA::NPIP,1,0.1
xgboost,stability_native,RNA::NPVF,1,0.1
xgboost,stability_native,RNA::NUAK2,1,0.1
xgboost,stability_native,RNA::NUDT13,1,0.1
xgboost,stability_native,RNA::NUDT9,1,0.1
xgboost,stability_native,RNA::OAT,1,0.1
xgboost,stability_native,RNA::OTUD1,1,0.1
xgboost,stability_native,RNA::P2RX3,1,0.1
xgboost,stability_native,RNA::PABPC4,1,0.1
xgboost,stability_native,RNA::PARK7,1,0.1
xgboost,stability_native,RNA::PCBP3,3,0.3
xgboost,stability_native,RNA::PCDHA1,1,0.1
xgboost,stability_native,RNA::PCDHGB7,1,0.1
xgboost,stability_native,RNA::PDIA4,1,0.1
xgboost,stability_native,RNA::PGF,1,0.1
xgboost,stability_native,RNA::PHYH,1,0.1
xgboost,stability_native,RNA::PIK3R6,2,0.2
xgboost,stability_native,RNA::PL-5283,1,0.1
xgboost,stability_native,RNA::PLCZ1,1,0.1
xgboost,stability_native,RNA::PLEK2,1,0.1
xgboost,stability_native,RNA::PLEKHA4,1,0.1
xgboost,stability_native,RNA::PLSCR1,2,0.2
xgboost,stability_native,RNA::PNPLA1,1,0.1
xgboost,stability_native,RNA::PPHLN1,1,0.1
xgboost,stability_native,RNA::PPIAL4C,4,0.4
xgboost,stability_native,RNA::PRPS1,1,0.1
xgboost,stability_native,RNA::PRR5L,1,0.1
xgboost,stability_native,RNA::PRSS48,1,0.1
xgboost,stability_native,RNA::PSMG3,1,0.1
xgboost,stability_native,RNA::PTDSS1,1,0.1
xgboost,stability_native,RNA::PUSL1,1,0.1
xgboost,stability_native,RNA::QPRT,1,0.1
xgboost,stability_native,RNA::RAB41,1,0.1
xgboost,stability_native,RNA::RAPGEF5,1,0.1
xgboost,stability_native,RNA::RBM17,1,0.1
xgboost,stability_native,RNA::RDH16,1,0.1
xgboost,stability_native,RNA::RGS10,1,0.1
xgboost,stability_native,RNA::RGS12,1,0.1
xgboost,stability_native,RNA::RNF186,1,0.1
xgboost,stability_native,RNA::RPL13A,1,0.1
xgboost,stability_native,RNA::RPL41,1,0.1
xgboost,stability_native,RNA::RPPH1,1,0.1
xgboost,stability_native,RNA::RXFP3,1,0.1
xgboost,stability_native,RNA::S100PBP,2,0.2
xgboost,stability_native,RNA::SC65,2,0.2
xgboost,stability_native,RNA::SCARNA9L,1,0.1
xgboost,stability_native,RNA::SEMA6A,1,0.1
xgboost,stability_native,RNA::SEPHS2,1,0.1
xgboost,stability_native,RNA::SEPT3,1,0.1
xgboost,stability_native,RNA::SEPT9,1,0.1
xgboost,stability_native,RNA::SFRP2,1,0.1
xgboost,stability_native,RNA::SLC10A3,1,0.1
xgboost,stability_native,RNA::SLC36A4,1,0.1
xgboost,stability_native,RNA::SLC47A1,1,0.1
xgboost,stability_native,RNA::SMARCC2,1,0.1
xgboost,stability_native,RNA::SMG6,1,0.1
xgboost,stability_native,RNA::SMOC2,1,0.1
xgboost,stability_native,RNA::SNRNP40,1,0.1
xgboost,stability_native,RNA::SPDEF,1,0.1
xgboost,stability_native,RNA::SPN,1,0.1
xgboost,stability_native,RNA::SRP19,1,0.1
xgboost,stability_native,RNA::STAG3L1,1,0.1
xgboost,stability_native,RNA::STK40,1,0.1
xgboost,stability_native,RNA::SUMF1,1,0.1
xgboost,stability_native,RNA::SUMO1P3,1,0.1
xgboost,stability_native,RNA::SUSD3,1,0.1
xgboost,stability_native,RNA::TADA2B,1,0.1
xgboost,stability_native,RNA::TARDBP,1,0.1
xgboost,stability_native,RNA::TARP,1,0.1
xgboost,stability_native,RNA::TATDN2,1,0.1
xgboost,stability_native,RNA::TBRG4,1,0.1
xgboost,stability_native,RNA::TEKT4,1,0.1
xgboost,stability_native,RNA::THRAP3,6,0.6
xgboost,stability_native,RNA::TMEM108,1,0.1
xgboost,stability_native,RNA::TMEM149,2,0.2
xgboost,stability_native,RNA::TMEM87A,1,0.1
xgboost,stability_native,RNA::TMEM97,1,0.1
xgboost,stability_native,RNA::TMOD2,1,0.1
xgboost,stability_native,RNA::TNFAIP8L2,1,0.1
xgboost,stability_native,RNA::TNFRSF13C,1,0.1
xgboost,stability_native,RNA::TNS4,1,0.1
xgboost,stability_native,RNA::TOP1P2,2,0.2
xgboost,stability_native,RNA::TOX,1,0.1
xgboost,stability_native,RNA::TP53I3,2,0.2
xgboost,stability_native,RNA::TRIB1,1,0.1
xgboost,stability_native,RNA::TRIM10,1,0.1
xgboost,stability_native,RNA::TRIM4,1,0.1
xgboost,stability_native,RNA::TRIM67,1,0.1
xgboost,stability_native,RNA::TTC5,1,0.1
xgboost,stability_native,RNA::TXLNA,1,0.1
xgboost,stability_native,RNA::TXNDC12,1,0.1
xgboost,stability_native,RNA::UGT1A10,1,0.1
xgboost,stability_native,RNA::UPB1,1,0.1
xgboost,stability_native,RNA::UPF1,1,0.1
xgboost,stability_native,RNA::UPF3B,1,0.1
xgboost,stability_native,RNA::USP30,1,0.1
xgboost,stability_native,RNA::VEGFA,1,0.1
xgboost,stability_native,RNA::VIM,2,0.2
xgboost,stability_native,RNA::WDR77,1,0.1
xgboost,stability_native,RNA::WLS,2,0.2
xgboost,stability_native,RNA::YLPM1,1,0.1
xgboost,stability_native,RNA::ZMAT2,1,0.1
xgboost,stability_native,RNA::ZNF275,1,0.1
xgboost,stability_native,RNA::ZNF721,1,0.1
xgboost,stability_native,SCNV::ACAP3,1,0.1
xgboost,stability_native,SCNV::CA6,1,0.1
xgboost,stability_native,SCNV::DAB1,2,0.2
xgboost,stability_native,SCNV::ENO1,1,0.1
xgboost,stability_native,SCNV::FCN3,1,0.1
xgboost,stability_native,SCNV::FFAR3,1,0.1
xgboost,stability_native,SCNV::KIAA0355,1,0.1
xgboost,stability_native,SCNV::KIF1B,1,0.1
xgboost,stability_native,SCNV::PEX14,1,0.1
xgboost,stability_native,SCNV::PLEKHF1,1,0.1
xgboost,stability_native,SCNV::RELN,1,0.1
xgboost,stability_native,SCNV::RN7SL420P,1,0.1
xgboost,stability_native,SCNV::SEMA3A,1,0.1
xgboost,stability_native,SCNV::ST7,1,0.1
xgboost,stability_native,SCNV::ZNF296,1,0.1
