dataset,branch,center,cap,condition,selection_rule,selected_run,selected_feature_count,direct_feature_count,compression_ratio,development_locking_metric,best_saved_run_score,selected_development_score,development_cv_regret,mean_pairwise_jaccard,selected_medoid_mean_jaccard,nogueira_seed_agreement,heldout_metric,heldout_estimate,heldout_direct_estimate,heldout_delta,heldout_source,selection_used_heldout,status,note
CGGA,boruta_rf,CGGA fixed development/held-out split,not_applicable,no_penalty,highest_development_cv_run,4.0,10.0,26,0.6153846153846154,ROC AUROC,0.8171645021645022,0.8171645021645022,0.0,0.47348290598290604,0.5205128205128206,0.0703634669151908,,,,,,False,complete,
CGGA,boruta_rf,CGGA fixed development/held-out split,not_applicable,no_penalty,fixed_run_1,1.0,11.0,26,0.5769230769230769,ROC AUROC,0.8171645021645022,0.7920995670995671,0.025064935064935123,0.47348290598290604,0.49759615384615385,0.0703634669151908,,,,,,False,complete,
CGGA,boruta_rf,CGGA fixed development/held-out split,not_applicable,no_penalty,legacy_top_three_medoid,2.0,14.0,26,0.46153846153846156,ROC AUROC,0.8171645021645022,0.8025757575757575,0.014588744588744706,0.47348290598290604,0.540625,0.0703634669151908,ROC AUROC,0.6657210401891254,0.6576832151300236,0.008037825059101777,archived Table_S19 variant=no_penalty_medoid; joined after locking,False,complete,
CGGA,boruta_rf,CGGA fixed development/held-out split,not_applicable,no_penalty,all_run_medoid,2.0,14.0,26,0.46153846153846156,ROC AUROC,0.8171645021645022,0.8025757575757575,0.014588744588744706,0.47348290598290604,0.540625,0.0703634669151908,,,,,,False,complete,
CGGA,boruta_rf,CGGA fixed development/held-out split,not_applicable,no_penalty,regret_constrained_medoid_abs_0.01,4.0,10.0,26,0.6153846153846154,ROC AUROC,0.8171645021645022,0.8171645021645022,0.0,0.47348290598290604,0.5205128205128206,0.0703634669151908,,,,,,False,complete,
CGGA,boruta_rf,CGGA fixed development/held-out split,not_applicable,no_penalty,Direct,,26.0,26,0.0,ROC AUROC,0.8171645021645022,0.7718614718614718,0.0453030303030304,,,,ROC AUROC,0.6576832151300236,0.6576832151300236,0.0,archived Table_S19 variant=direct; joined after locking,False,complete,Comparator rescored with the same development-only CV design.
CGGA,boruta_rf,CGGA fixed development/held-out split,not_applicable,no_penalty,RFECV-only,,14.0,26,0.46153846153846156,ROC AUROC,0.8171645021645022,0.7714718614718615,0.045692640692640674,,,,,,,,,False,complete,Comparator rescored with the same development-only CV design.
CGGA,boruta_rf,CGGA fixed development/held-out split,not_applicable,penalty,highest_development_cv_run,5.0,9.0,26,0.6538461538461539,ROC AUROC,0.8146753246753248,0.8146753246753248,0.0,0.3946253746253746,0.3887362637362637,0.19191919191919182,ROC AUROC,0.6950354609929078,0.6576832151300236,0.037352245862884215,archived Table_S19 variant=best_cv; joined after locking,False,complete,
CGGA,boruta_rf,CGGA fixed development/held-out split,not_applicable,penalty,fixed_run_1,1.0,9.0,26,0.6538461538461539,ROC AUROC,0.8146753246753248,0.8050865800865802,0.009588744588744591,0.3946253746253746,0.3425824175824176,0.19191919191919182,ROC AUROC,0.6851063829787234,0.6576832151300236,0.027423167848699803,archived Table_S19 variant=single_run; joined after locking,False,complete,
CGGA,boruta_rf,CGGA fixed development/held-out split,not_applicable,penalty,legacy_top_three_medoid,5.0,9.0,26,0.6538461538461539,ROC AUROC,0.8146753246753248,0.8146753246753248,0.0,0.3946253746253746,0.3887362637362637,0.19191919191919182,ROC AUROC,0.6950354609929078,0.6576832151300236,0.037352245862884215,archived Table_S19 variant=best_cv; joined after locking,False,complete,
CGGA,boruta_rf,CGGA fixed development/held-out split,not_applicable,penalty,all_run_medoid,2.0,9.0,26,0.6538461538461539,ROC AUROC,0.8146753246753248,0.7985064935064935,0.016168831168831277,0.3946253746253746,0.45167332667332666,0.19191919191919182,,,,,,False,complete,
CGGA,boruta_rf,CGGA fixed development/held-out split,not_applicable,penalty,regret_constrained_medoid_abs_0.01,5.0,9.0,26,0.6538461538461539,ROC AUROC,0.8146753246753248,0.8146753246753248,0.0,0.3946253746253746,0.3887362637362637,0.19191919191919182,ROC AUROC,0.6950354609929078,0.6576832151300236,0.037352245862884215,archived Table_S19 variant=best_cv; joined after locking,False,complete,
CGGA,boruta_rf,CGGA fixed development/held-out split,not_applicable,penalty,Direct,,26.0,26,0.0,ROC AUROC,0.8146753246753248,0.7718614718614718,0.04281385281385297,,,,ROC AUROC,0.6576832151300236,0.6576832151300236,0.0,archived Table_S19 variant=direct; joined after locking,False,complete,Comparator rescored with the same development-only CV design.
CGGA,boruta_rf,CGGA fixed development/held-out split,not_applicable,penalty,RFECV-only,,9.0,26,0.6538461538461539,ROC AUROC,0.8146753246753248,0.8022727272727274,0.012402597402597415,,,,ROC AUROC,0.6822695035460993,0.6576832151300236,0.024586288416075686,archived Table_S19 variant=rfecv_only; joined after locking,False,complete,Comparator rescored with the same development-only CV design.
CGGA,svm_l1,CGGA fixed development/held-out split,not_applicable,no_penalty,highest_development_cv_run,1.0,16.0,35,0.5428571428571429,ROC AUROC,0.8800432900432901,0.8800432900432901,0.0,0.46661591090901433,0.44375,0.14398496240601477,,,,,,False,complete,
CGGA,svm_l1,CGGA fixed development/held-out split,not_applicable,no_penalty,fixed_run_1,1.0,16.0,35,0.5428571428571429,ROC AUROC,0.8800432900432901,0.8800432900432901,0.0,0.46661591090901433,0.44375,0.14398496240601477,,,,,,False,complete,
CGGA,svm_l1,CGGA fixed development/held-out split,not_applicable,no_penalty,legacy_top_three_medoid,4.0,23.0,35,0.34285714285714286,ROC AUROC,0.8800432900432901,0.8764935064935067,0.003549783549783414,0.46661591090901433,0.5216786661614248,0.14398496240601477,ROC AUROC,0.6226950354609929,0.6345153664302601,-0.011820330969267157,archived Table_S19 variant=no_penalty_medoid; joined after locking,False,complete,
CGGA,svm_l1,CGGA fixed development/held-out split,not_applicable,no_penalty,all_run_medoid,4.0,23.0,35,0.34285714285714286,ROC AUROC,0.8800432900432901,0.8764935064935067,0.003549783549783414,0.46661591090901433,0.5216786661614248,0.14398496240601477,,,,,,False,complete,
CGGA,svm_l1,CGGA fixed development/held-out split,not_applicable,no_penalty,regret_constrained_medoid_abs_0.01,4.0,23.0,35,0.34285714285714286,ROC AUROC,0.8800432900432901,0.8764935064935067,0.003549783549783414,0.46661591090901433,0.5216786661614248,0.14398496240601477,,,,,,False,complete,
CGGA,svm_l1,CGGA fixed development/held-out split,not_applicable,no_penalty,Direct,,35.0,35,0.0,ROC AUROC,0.8800432900432901,0.8543722943722944,0.025670995670995622,,,,ROC AUROC,0.6345153664302601,0.6345153664302601,0.0,archived Table_S19 variant=direct; joined after locking,False,complete,Comparator rescored with the same development-only CV design.
CGGA,svm_l1,CGGA fixed development/held-out split,not_applicable,no_penalty,RFECV-only,,15.0,35,0.5714285714285714,ROC AUROC,0.8800432900432901,0.8256709956709957,0.054372294372294405,,,,,,,,,False,complete,Comparator rescored with the same development-only CV design.
CGGA,svm_l1,CGGA fixed development/held-out split,not_applicable,penalty,highest_development_cv_run,1.0,15.0,35,0.5714285714285714,ROC AUROC,0.8733549783549783,0.8733549783549783,0.0,0.43175131504650954,0.39318652362130624,0.08173505798394287,ROC AUROC,0.6643026004728132,0.6345153664302601,0.029787234042553123,archived Table_S19 variant=single_run; joined after locking,False,complete,
CGGA,svm_l1,CGGA fixed development/held-out split,not_applicable,penalty,fixed_run_1,1.0,15.0,35,0.5714285714285714,ROC AUROC,0.8733549783549783,0.8733549783549783,0.0,0.43175131504650954,0.39318652362130624,0.08173505798394287,ROC AUROC,0.6643026004728132,0.6345153664302601,0.029787234042553123,archived Table_S19 variant=single_run; joined after locking,False,complete,
CGGA,svm_l1,CGGA fixed development/held-out split,not_applicable,penalty,legacy_top_three_medoid,4.0,16.0,35,0.5428571428571429,ROC AUROC,0.8733549783549783,0.8702380952380953,0.0031168831168830735,0.43175131504650954,0.4594155844155844,0.08173505798394287,ROC AUROC,0.6515366430260048,0.6345153664302601,0.017021276595744705,archived Table_S19 variant=full_medoid; joined after locking,False,complete,
CGGA,svm_l1,CGGA fixed development/held-out split,not_applicable,penalty,all_run_medoid,3.0,15.0,35,0.5714285714285714,ROC AUROC,0.8733549783549783,0.8585497835497836,0.01480519480519471,0.43175131504650954,0.46487141767462137,0.08173505798394287,,,,,,False,complete,
CGGA,svm_l1,CGGA fixed development/held-out split,not_applicable,penalty,regret_constrained_medoid_abs_0.01,4.0,16.0,35,0.5428571428571429,ROC AUROC,0.8733549783549783,0.8702380952380953,0.0031168831168830735,0.43175131504650954,0.4594155844155844,0.08173505798394287,ROC AUROC,0.6515366430260048,0.6345153664302601,0.017021276595744705,archived Table_S19 variant=full_medoid; joined after locking,False,complete,
CGGA,svm_l1,CGGA fixed development/held-out split,not_applicable,penalty,Direct,,35.0,35,0.0,ROC AUROC,0.8733549783549783,0.8543722943722944,0.01898268398268388,,,,ROC AUROC,0.6345153664302601,0.6345153664302601,0.0,archived Table_S19 variant=direct; joined after locking,False,complete,Comparator rescored with the same development-only CV design.
CGGA,svm_l1,CGGA fixed development/held-out split,not_applicable,penalty,RFECV-only,,15.0,35,0.5714285714285714,ROC AUROC,0.8733549783549783,0.8256709956709957,0.04768398268398266,,,,ROC AUROC,0.6326241134751773,0.6345153664302601,-0.001891252955082745,archived Table_S19 variant=rfecv_only; joined after locking,False,complete,Comparator rescored with the same development-only CV design.
CGGA,xgboost,CGGA fixed development/held-out split,not_applicable,no_penalty,highest_development_cv_run,3.0,35.0,70,0.5,ROC AUROC,0.8678571428571429,0.8678571428571429,0.0,0.36931059506531205,0.3606821480406386,-0.018497286555071657,,,,,,False,complete,
CGGA,xgboost,CGGA fixed development/held-out split,not_applicable,no_penalty,fixed_run_1,1.0,33.0,70,0.5285714285714286,ROC AUROC,0.8678571428571429,0.8571428571428573,0.010714285714285565,0.36931059506531205,0.3513425253991292,-0.018497286555071657,,,,,,False,complete,
CGGA,xgboost,CGGA fixed development/held-out split,not_applicable,no_penalty,legacy_top_three_medoid,3.0,35.0,70,0.5,ROC AUROC,0.8678571428571429,0.8678571428571429,0.0,0.36931059506531205,0.3606821480406386,-0.018497286555071657,ROC AUROC,0.6453900709219857,0.6836879432624113,-0.03829787234042559,archived Table_S19 variant=no_penalty_medoid; joined after locking,False,complete,
CGGA,xgboost,CGGA fixed development/held-out split,not_applicable,no_penalty,all_run_medoid,5.0,39.0,70,0.44285714285714284,ROC AUROC,0.8678571428571429,0.8431385281385282,0.024718614718614695,0.36931059506531205,0.41155660377358494,-0.018497286555071657,,,,,,False,complete,
CGGA,xgboost,CGGA fixed development/held-out split,not_applicable,no_penalty,regret_constrained_medoid_abs_0.01,3.0,35.0,70,0.5,ROC AUROC,0.8678571428571429,0.8678571428571429,0.0,0.36931059506531205,0.3606821480406386,-0.018497286555071657,,,,,,False,complete,
CGGA,xgboost,CGGA fixed development/held-out split,not_applicable,no_penalty,Direct,,70.0,70,0.0,ROC AUROC,0.8678571428571429,0.844978354978355,0.022878787878787832,,,,ROC AUROC,0.6836879432624113,0.6836879432624113,0.0,archived Table_S19 variant=direct; joined after locking,False,complete,Comparator rescored with the same development-only CV design.
CGGA,xgboost,CGGA fixed development/held-out split,not_applicable,no_penalty,RFECV-only,,20.0,70,0.7142857142857143,ROC AUROC,0.8678571428571429,0.8824458874458875,-0.014588744588744595,,,,,,,,,False,complete,Comparator rescored with the same development-only CV design.
CGGA,xgboost,CGGA fixed development/held-out split,not_applicable,penalty,highest_development_cv_run,2.0,20.0,70,0.7142857142857143,ROC AUROC,0.8487445887445887,0.8487445887445887,0.0,0.21753827410729687,0.22384135472370767,-0.03590909090909089,ROC AUROC,0.7163120567375886,0.6836879432624113,0.03262411347517724,archived Table_S19 variant=best_cv; joined after locking,False,complete,
CGGA,xgboost,CGGA fixed development/held-out split,not_applicable,penalty,fixed_run_1,1.0,19.0,70,0.7285714285714286,ROC AUROC,0.8487445887445887,0.8455627705627705,0.0031818181818181746,0.21753827410729687,0.23903285104364325,-0.03590909090909089,ROC AUROC,0.7021276595744681,0.6836879432624113,0.018439716312056764,archived Table_S19 variant=single_run; joined after locking,False,complete,
CGGA,xgboost,CGGA fixed development/held-out split,not_applicable,penalty,legacy_top_three_medoid,1.0,19.0,70,0.7285714285714286,ROC AUROC,0.8487445887445887,0.8455627705627705,0.0031818181818181746,0.21753827410729687,0.23903285104364325,-0.03590909090909089,ROC AUROC,0.7021276595744681,0.6836879432624113,0.018439716312056764,archived Table_S19 variant=single_run; joined after locking,False,complete,
CGGA,xgboost,CGGA fixed development/held-out split,not_applicable,penalty,all_run_medoid,1.0,19.0,70,0.7285714285714286,ROC AUROC,0.8487445887445887,0.8455627705627705,0.0031818181818181746,0.21753827410729687,0.23903285104364325,-0.03590909090909089,ROC AUROC,0.7021276595744681,0.6836879432624113,0.018439716312056764,archived Table_S19 variant=single_run; joined after locking,False,complete,
CGGA,xgboost,CGGA fixed development/held-out split,not_applicable,penalty,regret_constrained_medoid_abs_0.01,5.0,21.0,70,0.7,ROC AUROC,0.8487445887445887,0.8474458874458876,0.0012987012987011326,0.21753827410729687,0.23612788223793912,-0.03590909090909089,,,,,,False,complete,
CGGA,xgboost,CGGA fixed development/held-out split,not_applicable,penalty,Direct,,70.0,70,0.0,ROC AUROC,0.8487445887445887,0.844978354978355,0.00376623376623364,,,,ROC AUROC,0.6836879432624113,0.6836879432624113,0.0,archived Table_S19 variant=direct; joined after locking,False,complete,Comparator rescored with the same development-only CV design.
CGGA,xgboost,CGGA fixed development/held-out split,not_applicable,penalty,RFECV-only,,20.0,70,0.7142857142857143,ROC AUROC,0.8487445887445887,0.8824458874458875,-0.03370129870129879,,,,ROC AUROC,0.6747044917257684,0.6836879432624113,-0.008983451536642928,archived Table_S19 variant=rfecv_only; joined after locking,False,complete,Comparator rescored with the same development-only CV design.
AMP-AD,boruta_rf,emory,high,legacy_zero_truncated,highest_development_cv_run,4.0,49.0,68,0.27941176470588236,macro OvR AUROC,0.8675020172112156,0.8675020172112156,0.0,0.587718335862909,0.5708817167577414,0.0013820053373999608,,,,,,False,complete,
AMP-AD,boruta_rf,emory,high,legacy_zero_truncated,fixed_run_1,1.0,49.0,68,0.27941176470588236,macro OvR AUROC,0.8675020172112156,0.8534488777651636,0.01405313944605191,0.587718335862909,0.5771057347670251,0.0013820053373999608,,,,,,False,complete,
AMP-AD,boruta_rf,emory,high,legacy_zero_truncated,legacy_top_three_medoid,5.0,48.0,68,0.2941176470588235,macro OvR AUROC,0.8675020172112156,0.8584349758935712,0.009067041317644353,0.587718335862909,0.6102655830323238,0.0013820053373999608,macro OvR AUROC,0.8373990782968349,0.795372060616021,0.04202701768081396,archived budget_summary.json variant=locked_medoid; joined after locking,False,complete,
AMP-AD,boruta_rf,emory,high,legacy_zero_truncated,all_run_medoid,5.0,48.0,68,0.2941176470588235,macro OvR AUROC,0.8675020172112156,0.8584349758935712,0.009067041317644353,0.587718335862909,0.6102655830323238,0.0013820053373999608,macro OvR AUROC,0.8373990782968349,0.795372060616021,0.04202701768081396,archived budget_summary.json variant=locked_medoid; joined after locking,False,complete,
AMP-AD,boruta_rf,emory,high,legacy_zero_truncated,regret_constrained_medoid_abs_0.01,5.0,48.0,68,0.2941176470588235,macro OvR AUROC,0.8675020172112156,0.8584349758935712,0.009067041317644353,0.587718335862909,0.6102655830323238,0.0013820053373999608,macro OvR AUROC,0.8373990782968349,0.795372060616021,0.04202701768081396,archived budget_summary.json variant=locked_medoid; joined after locking,False,complete,
AMP-AD,boruta_rf,emory,high,legacy_zero_truncated,Direct,,68.0,68,0.0,macro OvR AUROC,0.8675020172112156,,,,,,macro OvR AUROC,0.795372060616021,0.795372060616021,0.0,archived budget_summary.json variant=direct; joined after locking,False,complete,Comparable development locking score was not saved for this comparator.
AMP-AD,boruta_rf,emory,high,legacy_zero_truncated,RFECV-only,,49.0,68,0.27941176470588236,macro OvR AUROC,0.8675020172112156,,,,,,macro OvR AUROC,0.7903452243997974,0.795372060616021,-0.005026836216223574,archived budget_summary.json variant=rfecv_only; joined after locking,False,complete,Comparable development locking score was not saved for this comparator.
AMP-AD,boruta_rf,emory,low,legacy_zero_truncated,highest_development_cv_run,1.0,14.0,68,0.7941176470588236,macro OvR AUROC,0.8475955399378805,0.8475955399378805,0.0,0.15514550264550261,0.175,-0.0825163398692812,,,,,,False,complete,
AMP-AD,boruta_rf,emory,low,legacy_zero_truncated,fixed_run_1,1.0,14.0,68,0.7941176470588236,macro OvR AUROC,0.8475955399378805,0.8475955399378805,0.0,0.15514550264550261,0.175,-0.0825163398692812,,,,,,False,complete,
AMP-AD,boruta_rf,emory,low,legacy_zero_truncated,legacy_top_three_medoid,3.0,16.0,68,0.7647058823529411,macro OvR AUROC,0.8475955399378805,0.8447479419565547,0.0028475979813258334,0.15514550264550261,0.20684523809523808,-0.0825163398692812,macro OvR AUROC,0.8949009614199431,0.795372060616021,0.09952890080392218,archived budget_summary.json variant=locked_medoid; joined after locking,False,complete,
AMP-AD,boruta_rf,emory,low,legacy_zero_truncated,all_run_medoid,3.0,16.0,68,0.7647058823529411,macro OvR AUROC,0.8475955399378805,0.8447479419565547,0.0028475979813258334,0.15514550264550261,0.20684523809523808,-0.0825163398692812,macro OvR AUROC,0.8949009614199431,0.795372060616021,0.09952890080392218,archived budget_summary.json variant=locked_medoid; joined after locking,False,complete,
AMP-AD,boruta_rf,emory,low,legacy_zero_truncated,regret_constrained_medoid_abs_0.01,1.0,14.0,68,0.7941176470588236,macro OvR AUROC,0.8475955399378805,0.8475955399378805,0.0,0.15514550264550261,0.175,-0.0825163398692812,,,,,,False,complete,
AMP-AD,boruta_rf,emory,low,legacy_zero_truncated,Direct,,68.0,68,0.0,macro OvR AUROC,0.8475955399378805,,,,,,macro OvR AUROC,0.795372060616021,0.795372060616021,0.0,archived budget_summary.json variant=direct; joined after locking,False,complete,Comparable development locking score was not saved for this comparator.
AMP-AD,boruta_rf,emory,low,legacy_zero_truncated,RFECV-only,,12.0,68,0.8235294117647058,macro OvR AUROC,0.8475955399378805,,,,,,macro OvR AUROC,0.8153695988605393,0.795372060616021,0.01999753824451833,archived budget_summary.json variant=rfecv_only; joined after locking,False,complete,Comparable development locking score was not saved for this comparator.
AMP-AD,boruta_rf,emory,reference,legacy_zero_truncated,highest_development_cv_run,1.0,25.0,68,0.6323529411764706,macro OvR AUROC,0.8584641872733197,0.8584641872733197,0.0,0.33281683939578677,0.3612296507033349,0.06151724137931014,macro OvR AUROC,0.7734532146623389,0.795372060616021,-0.021918845953682098,archived budget_summary.json variant=locked_medoid; joined after locking,False,complete,
AMP-AD,boruta_rf,emory,reference,legacy_zero_truncated,fixed_run_1,1.0,25.0,68,0.6323529411764706,macro OvR AUROC,0.8584641872733197,0.8584641872733197,0.0,0.33281683939578677,0.3612296507033349,0.06151724137931014,macro OvR AUROC,0.7734532146623389,0.795372060616021,-0.021918845953682098,archived budget_summary.json variant=locked_medoid; joined after locking,False,complete,
AMP-AD,boruta_rf,emory,reference,legacy_zero_truncated,legacy_top_three_medoid,1.0,25.0,68,0.6323529411764706,macro OvR AUROC,0.8584641872733197,0.8584641872733197,0.0,0.33281683939578677,0.3612296507033349,0.06151724137931014,macro OvR AUROC,0.7734532146623389,0.795372060616021,-0.021918845953682098,archived budget_summary.json variant=locked_medoid; joined after locking,False,complete,
AMP-AD,boruta_rf,emory,reference,legacy_zero_truncated,all_run_medoid,5.0,25.0,68,0.6323529411764706,macro OvR AUROC,0.8584641872733197,0.8516546614581927,0.00680952581512706,0.33281683939578677,0.36408730158730157,0.06151724137931014,,,,,,False,complete,
AMP-AD,boruta_rf,emory,reference,legacy_zero_truncated,regret_constrained_medoid_abs_0.01,5.0,25.0,68,0.6323529411764706,macro OvR AUROC,0.8584641872733197,0.8516546614581927,0.00680952581512706,0.33281683939578677,0.36408730158730157,0.06151724137931014,,,,,,False,complete,
AMP-AD,boruta_rf,emory,reference,legacy_zero_truncated,Direct,,68.0,68,0.0,macro OvR AUROC,0.8584641872733197,,,,,,macro OvR AUROC,0.795372060616021,0.795372060616021,0.0,archived budget_summary.json variant=direct; joined after locking,False,complete,Comparable development locking score was not saved for this comparator.
AMP-AD,boruta_rf,emory,reference,legacy_zero_truncated,RFECV-only,,25.0,68,0.6323529411764706,macro OvR AUROC,0.8584641872733197,,,,,,macro OvR AUROC,0.7956223362367668,0.795372060616021,0.0002502756207458656,archived budget_summary.json variant=rfecv_only; joined after locking,False,complete,Comparable development locking score was not saved for this comparator.
AMP-AD,boruta_rf,mayo,high,legacy_zero_truncated,highest_development_cv_run,5.0,45.0,86,0.4767441860465116,macro OvR AUROC,0.8830517487138596,0.8830517487138596,0.0,0.392921603199259,0.42445054945054944,0.015000000000000013,macro OvR AUROC,0.8486839517296811,0.85785344148254,-0.009169489752858806,archived budget_summary.json variant=locked_medoid; joined after locking,False,complete,
AMP-AD,boruta_rf,mayo,high,legacy_zero_truncated,fixed_run_1,1.0,45.0,86,0.4767441860465116,macro OvR AUROC,0.8830517487138596,0.8705907582978651,0.012460990415994466,0.392921603199259,0.38574155623787976,0.015000000000000013,,,,,,False,complete,
AMP-AD,boruta_rf,mayo,high,legacy_zero_truncated,legacy_top_three_medoid,5.0,45.0,86,0.4767441860465116,macro OvR AUROC,0.8830517487138596,0.8830517487138596,0.0,0.392921603199259,0.42445054945054944,0.015000000000000013,macro OvR AUROC,0.8486839517296811,0.85785344148254,-0.009169489752858806,archived budget_summary.json variant=locked_medoid; joined after locking,False,complete,
AMP-AD,boruta_rf,mayo,high,legacy_zero_truncated,all_run_medoid,5.0,45.0,86,0.4767441860465116,macro OvR AUROC,0.8830517487138596,0.8830517487138596,0.0,0.392921603199259,0.42445054945054944,0.015000000000000013,macro OvR AUROC,0.8486839517296811,0.85785344148254,-0.009169489752858806,archived budget_summary.json variant=locked_medoid; joined after locking,False,complete,
AMP-AD,boruta_rf,mayo,high,legacy_zero_truncated,regret_constrained_medoid_abs_0.01,5.0,45.0,86,0.4767441860465116,macro OvR AUROC,0.8830517487138596,0.8830517487138596,0.0,0.392921603199259,0.42445054945054944,0.015000000000000013,macro OvR AUROC,0.8486839517296811,0.85785344148254,-0.009169489752858806,archived budget_summary.json variant=locked_medoid; joined after locking,False,complete,
AMP-AD,boruta_rf,mayo,high,legacy_zero_truncated,Direct,,86.0,86,0.0,macro OvR AUROC,0.8830517487138596,,,,,,macro OvR AUROC,0.85785344148254,0.85785344148254,0.0,archived budget_summary.json variant=direct; joined after locking,False,complete,Comparable development locking score was not saved for this comparator.
AMP-AD,boruta_rf,mayo,high,legacy_zero_truncated,RFECV-only,,45.0,86,0.4767441860465116,macro OvR AUROC,0.8830517487138596,,,,,,macro OvR AUROC,0.849721876906818,0.85785344148254,-0.00813156457572195,archived budget_summary.json variant=rfecv_only; joined after locking,False,complete,Comparable development locking score was not saved for this comparator.
AMP-AD,boruta_rf,mayo,low,legacy_zero_truncated,highest_development_cv_run,3.0,22.0,86,0.7441860465116279,macro OvR AUROC,0.8705392680863664,0.8705392680863664,0.0,0.12809399506086186,0.15120330459770115,-0.138127336580945,macro OvR AUROC,0.8096836365189609,0.85785344148254,-0.04816980496357903,archived budget_summary.json variant=locked_medoid; joined after locking,False,complete,
AMP-AD,boruta_rf,mayo,low,legacy_zero_truncated,fixed_run_1,1.0,13.0,86,0.8488372093023255,macro OvR AUROC,0.8705392680863664,0.8580699254954931,0.012469342590873289,0.12809399506086186,0.11429989550679207,-0.138127336580945,,,,,,False,complete,
AMP-AD,boruta_rf,mayo,low,legacy_zero_truncated,legacy_top_three_medoid,3.0,22.0,86,0.7441860465116279,macro OvR AUROC,0.8705392680863664,0.8705392680863664,0.0,0.12809399506086186,0.15120330459770115,-0.138127336580945,macro OvR AUROC,0.8096836365189609,0.85785344148254,-0.04816980496357903,archived budget_summary.json variant=locked_medoid; joined after locking,False,complete,
AMP-AD,boruta_rf,mayo,low,legacy_zero_truncated,all_run_medoid,3.0,22.0,86,0.7441860465116279,macro OvR AUROC,0.8705392680863664,0.8705392680863664,0.0,0.12809399506086186,0.15120330459770115,-0.138127336580945,macro OvR AUROC,0.8096836365189609,0.85785344148254,-0.04816980496357903,archived budget_summary.json variant=locked_medoid; joined after locking,False,complete,
AMP-AD,boruta_rf,mayo,low,legacy_zero_truncated,regret_constrained_medoid_abs_0.01,3.0,22.0,86,0.7441860465116279,macro OvR AUROC,0.8705392680863664,0.8705392680863664,0.0,0.12809399506086186,0.15120330459770115,-0.138127336580945,macro OvR AUROC,0.8096836365189609,0.85785344148254,-0.04816980496357903,archived budget_summary.json variant=locked_medoid; joined after locking,False,complete,
AMP-AD,boruta_rf,mayo,low,legacy_zero_truncated,Direct,,86.0,86,0.0,macro OvR AUROC,0.8705392680863664,,,,,,macro OvR AUROC,0.85785344148254,0.85785344148254,0.0,archived budget_summary.json variant=direct; joined after locking,False,complete,Comparable development locking score was not saved for this comparator.
AMP-AD,boruta_rf,mayo,low,legacy_zero_truncated,RFECV-only,,13.0,86,0.8488372093023255,macro OvR AUROC,0.8705392680863664,,,,,,macro OvR AUROC,0.8468354145476119,0.85785344148254,-0.011018026934928038,archived budget_summary.json variant=rfecv_only; joined after locking,False,complete,Comparable development locking score was not saved for this comparator.
AMP-AD,boruta_rf,mayo,reference,legacy_zero_truncated,highest_development_cv_run,2.0,24.0,86,0.7209302325581395,macro OvR AUROC,0.8824375665218811,0.8824375665218811,0.0,0.21191768021036314,0.20237310481212922,-0.046666666666666856,macro OvR AUROC,0.8140421568134086,0.85785344148254,-0.04381128466913131,archived budget_summary.json variant=locked_medoid; joined after locking,False,complete,
AMP-AD,boruta_rf,mayo,reference,legacy_zero_truncated,fixed_run_1,1.0,24.0,86,0.7209302325581395,macro OvR AUROC,0.8824375665218811,0.8802709515860274,0.0021666149358536835,0.21191768021036314,0.17877244706513,-0.046666666666666856,,,,,,False,complete,
AMP-AD,boruta_rf,mayo,reference,legacy_zero_truncated,legacy_top_three_medoid,2.0,24.0,86,0.7209302325581395,macro OvR AUROC,0.8824375665218811,0.8824375665218811,0.0,0.21191768021036314,0.20237310481212922,-0.046666666666666856,macro OvR AUROC,0.8140421568134086,0.85785344148254,-0.04381128466913131,archived budget_summary.json variant=locked_medoid; joined after locking,False,complete,
AMP-AD,boruta_rf,mayo,reference,legacy_zero_truncated,all_run_medoid,5.0,24.0,86,0.7209302325581395,macro OvR AUROC,0.8824375665218811,0.8596915123237663,0.022746054198114818,0.21191768021036314,0.24902388317022464,-0.046666666666666856,,,,,,False,complete,
AMP-AD,boruta_rf,mayo,reference,legacy_zero_truncated,regret_constrained_medoid_abs_0.01,2.0,24.0,86,0.7209302325581395,macro OvR AUROC,0.8824375665218811,0.8824375665218811,0.0,0.21191768021036314,0.20237310481212922,-0.046666666666666856,macro OvR AUROC,0.8140421568134086,0.85785344148254,-0.04381128466913131,archived budget_summary.json variant=locked_medoid; joined after locking,False,complete,
AMP-AD,boruta_rf,mayo,reference,legacy_zero_truncated,Direct,,86.0,86,0.0,macro OvR AUROC,0.8824375665218811,,,,,,macro OvR AUROC,0.85785344148254,0.85785344148254,0.0,archived budget_summary.json variant=direct; joined after locking,False,complete,Comparable development locking score was not saved for this comparator.
AMP-AD,boruta_rf,mayo,reference,legacy_zero_truncated,RFECV-only,,24.0,86,0.7209302325581395,macro OvR AUROC,0.8824375665218811,,,,,,macro OvR AUROC,0.8502642206749905,0.85785344148254,-0.007589220807549424,archived budget_summary.json variant=rfecv_only; joined after locking,False,complete,Comparable development locking score was not saved for this comparator.
AMP-AD,boruta_rf,mount_sinai,high,legacy_zero_truncated,highest_development_cv_run,2.0,47.0,119,0.6050420168067228,macro OvR AUROC,0.8931031610934811,0.8931031610934811,0.0,0.25725051752235506,0.2460919928025191,-0.04361702127659606,,,,,,False,complete,
AMP-AD,boruta_rf,mount_sinai,high,legacy_zero_truncated,fixed_run_1,1.0,47.0,119,0.6050420168067228,macro OvR AUROC,0.8931031610934811,0.8830315821748315,0.010071578918649626,0.25725051752235506,0.2514016685069317,-0.04361702127659606,,,,,,False,complete,
AMP-AD,boruta_rf,mount_sinai,high,legacy_zero_truncated,legacy_top_three_medoid,3.0,47.0,119,0.6050420168067228,macro OvR AUROC,0.8931031610934811,0.8913131099016475,0.0017900511918336193,0.25725051752235506,0.2561252100942777,-0.04361702127659606,macro OvR AUROC,0.6768342054679263,0.7295534321697112,-0.05271922670178497,archived budget_summary.json variant=locked_medoid; joined after locking,False,complete,
AMP-AD,boruta_rf,mount_sinai,high,legacy_zero_truncated,all_run_medoid,4.0,47.0,119,0.6050420168067228,macro OvR AUROC,0.8931031610934811,0.8866590745001999,0.0064440865932812175,0.25725051752235506,0.29437114137818365,-0.04361702127659606,,,,,,False,complete,
AMP-AD,boruta_rf,mount_sinai,high,legacy_zero_truncated,regret_constrained_medoid_abs_0.01,3.0,47.0,119,0.6050420168067228,macro OvR AUROC,0.8931031610934811,0.8913131099016475,0.0017900511918336193,0.25725051752235506,0.2561252100942777,-0.04361702127659606,macro OvR AUROC,0.6768342054679263,0.7295534321697112,-0.05271922670178497,archived budget_summary.json variant=locked_medoid; joined after locking,False,complete,
AMP-AD,boruta_rf,mount_sinai,high,legacy_zero_truncated,Direct,,119.0,119,0.0,macro OvR AUROC,0.8931031610934811,,,,,,macro OvR AUROC,0.7295534321697112,0.7295534321697112,0.0,archived budget_summary.json variant=direct; joined after locking,False,complete,Comparable development locking score was not saved for this comparator.
AMP-AD,boruta_rf,mount_sinai,high,legacy_zero_truncated,RFECV-only,,47.0,119,0.6050420168067228,macro OvR AUROC,0.8931031610934811,,,,,,macro OvR AUROC,0.7119565786716949,0.7295534321697112,-0.017596853498016318,archived budget_summary.json variant=rfecv_only; joined after locking,False,complete,Comparable development locking score was not saved for this comparator.
AMP-AD,boruta_rf,mount_sinai,low,legacy_zero_truncated,highest_development_cv_run,5.0,32.0,119,0.73109243697479,macro OvR AUROC,0.8855579077607757,0.8855579077607757,0.0,0.1324444471211004,0.17771088814567076,-0.1150449473731765,macro OvR AUROC,0.7235480704957449,0.7295534321697112,-0.0060053616739663696,archived budget_summary.json variant=locked_medoid; joined after locking,False,complete,
AMP-AD,boruta_rf,mount_sinai,low,legacy_zero_truncated,fixed_run_1,1.0,27.0,119,0.773109243697479,macro OvR AUROC,0.8855579077607757,0.8810099666767611,0.004547941084014573,0.1324444471211004,0.09941176470588235,-0.1150449473731765,,,,,,False,complete,
AMP-AD,boruta_rf,mount_sinai,low,legacy_zero_truncated,legacy_top_three_medoid,5.0,32.0,119,0.73109243697479,macro OvR AUROC,0.8855579077607757,0.8855579077607757,0.0,0.1324444471211004,0.17771088814567076,-0.1150449473731765,macro OvR AUROC,0.7235480704957449,0.7295534321697112,-0.0060053616739663696,archived budget_summary.json variant=locked_medoid; joined after locking,False,complete,
AMP-AD,boruta_rf,mount_sinai,low,legacy_zero_truncated,all_run_medoid,5.0,32.0,119,0.73109243697479,macro OvR AUROC,0.8855579077607757,0.8855579077607757,0.0,0.1324444471211004,0.17771088814567076,-0.1150449473731765,macro OvR AUROC,0.7235480704957449,0.7295534321697112,-0.0060053616739663696,archived budget_summary.json variant=locked_medoid; joined after locking,False,complete,
AMP-AD,boruta_rf,mount_sinai,low,legacy_zero_truncated,regret_constrained_medoid_abs_0.01,5.0,32.0,119,0.73109243697479,macro OvR AUROC,0.8855579077607757,0.8855579077607757,0.0,0.1324444471211004,0.17771088814567076,-0.1150449473731765,macro OvR AUROC,0.7235480704957449,0.7295534321697112,-0.0060053616739663696,archived budget_summary.json variant=locked_medoid; joined after locking,False,complete,
AMP-AD,boruta_rf,mount_sinai,low,legacy_zero_truncated,Direct,,119.0,119,0.0,macro OvR AUROC,0.8855579077607757,,,,,,macro OvR AUROC,0.7295534321697112,0.7295534321697112,0.0,archived budget_summary.json variant=direct; joined after locking,False,complete,Comparable development locking score was not saved for this comparator.
AMP-AD,boruta_rf,mount_sinai,low,legacy_zero_truncated,RFECV-only,,13.0,119,0.8907563025210083,macro OvR AUROC,0.8855579077607757,,,,,,macro OvR AUROC,0.7393446187050837,0.7295534321697112,0.009791186535372476,archived budget_summary.json variant=rfecv_only; joined after locking,False,complete,Comparable development locking score was not saved for this comparator.
AMP-AD,boruta_rf,mount_sinai,reference,legacy_zero_truncated,highest_development_cv_run,3.0,29.0,119,0.7563025210084033,macro OvR AUROC,0.8821187782585487,0.8821187782585487,0.0,0.17863421095406445,0.19983008274231678,-0.04444444444444451,macro OvR AUROC,0.6636112025646909,0.7295534321697112,-0.06594222960502039,archived budget_summary.json variant=locked_medoid; joined after locking,False,complete,
AMP-AD,boruta_rf,mount_sinai,reference,legacy_zero_truncated,fixed_run_1,1.0,28.0,119,0.7647058823529411,macro OvR AUROC,0.8821187782585487,0.8677380014387474,0.014380776819801322,0.17863421095406445,0.177224984582177,-0.04444444444444451,,,,,,False,complete,
AMP-AD,boruta_rf,mount_sinai,reference,legacy_zero_truncated,legacy_top_three_medoid,3.0,29.0,119,0.7563025210084033,macro OvR AUROC,0.8821187782585487,0.8821187782585487,0.0,0.17863421095406445,0.19983008274231678,-0.04444444444444451,macro OvR AUROC,0.6636112025646909,0.7295534321697112,-0.06594222960502039,archived budget_summary.json variant=locked_medoid; joined after locking,False,complete,
AMP-AD,boruta_rf,mount_sinai,reference,legacy_zero_truncated,all_run_medoid,3.0,29.0,119,0.7563025210084033,macro OvR AUROC,0.8821187782585487,0.8821187782585487,0.0,0.17863421095406445,0.19983008274231678,-0.04444444444444451,macro OvR AUROC,0.6636112025646909,0.7295534321697112,-0.06594222960502039,archived budget_summary.json variant=locked_medoid; joined after locking,False,complete,
AMP-AD,boruta_rf,mount_sinai,reference,legacy_zero_truncated,regret_constrained_medoid_abs_0.01,3.0,29.0,119,0.7563025210084033,macro OvR AUROC,0.8821187782585487,0.8821187782585487,0.0,0.17863421095406445,0.19983008274231678,-0.04444444444444451,macro OvR AUROC,0.6636112025646909,0.7295534321697112,-0.06594222960502039,archived budget_summary.json variant=locked_medoid; joined after locking,False,complete,
AMP-AD,boruta_rf,mount_sinai,reference,legacy_zero_truncated,Direct,,119.0,119,0.0,macro OvR AUROC,0.8821187782585487,,,,,,macro OvR AUROC,0.7295534321697112,0.7295534321697112,0.0,archived budget_summary.json variant=direct; joined after locking,False,complete,Comparable development locking score was not saved for this comparator.
AMP-AD,boruta_rf,mount_sinai,reference,legacy_zero_truncated,RFECV-only,,22.0,119,0.8151260504201681,macro OvR AUROC,0.8821187782585487,,,,,,macro OvR AUROC,0.7157939916660848,0.7295534321697112,-0.01375944050362643,archived budget_summary.json variant=rfecv_only; joined after locking,False,complete,Comparable development locking score was not saved for this comparator.
AMP-AD,boruta_rf,rush,high,legacy_zero_truncated,highest_development_cv_run,2.0,48.0,57,0.1578947368421053,macro OvR AUROC,0.8846499736443413,0.8846499736443413,0.0,0.7302919546340598,0.7617845117845118,0.01041666666666674,macro OvR AUROC,0.7874558591232881,0.7999922011224297,-0.012536341999141665,archived budget_summary.json variant=locked_medoid; joined after locking,False,complete,
AMP-AD,boruta_rf,rush,high,legacy_zero_truncated,fixed_run_1,1.0,49.0,57,0.14035087719298245,macro OvR AUROC,0.8846499736443413,0.8715357567846047,0.013114216859736572,0.7302919546340598,0.743830852383484,0.01041666666666674,,,,,,False,complete,
AMP-AD,boruta_rf,rush,high,legacy_zero_truncated,legacy_top_three_medoid,2.0,48.0,57,0.1578947368421053,macro OvR AUROC,0.8846499736443413,0.8846499736443413,0.0,0.7302919546340598,0.7617845117845118,0.01041666666666674,macro OvR AUROC,0.7874558591232881,0.7999922011224297,-0.012536341999141665,archived budget_summary.json variant=locked_medoid; joined after locking,False,complete,
AMP-AD,boruta_rf,rush,high,legacy_zero_truncated,all_run_medoid,2.0,48.0,57,0.1578947368421053,macro OvR AUROC,0.8846499736443413,0.8846499736443413,0.0,0.7302919546340598,0.7617845117845118,0.01041666666666674,macro OvR AUROC,0.7874558591232881,0.7999922011224297,-0.012536341999141665,archived budget_summary.json variant=locked_medoid; joined after locking,False,complete,
AMP-AD,boruta_rf,rush,high,legacy_zero_truncated,regret_constrained_medoid_abs_0.01,2.0,48.0,57,0.1578947368421053,macro OvR AUROC,0.8846499736443413,0.8846499736443413,0.0,0.7302919546340598,0.7617845117845118,0.01041666666666674,macro OvR AUROC,0.7874558591232881,0.7999922011224297,-0.012536341999141665,archived budget_summary.json variant=locked_medoid; joined after locking,False,complete,
AMP-AD,boruta_rf,rush,high,legacy_zero_truncated,Direct,,57.0,57,0.0,macro OvR AUROC,0.8846499736443413,,,,,,macro OvR AUROC,0.7999922011224297,0.7999922011224297,0.0,archived budget_summary.json variant=direct; joined after locking,False,complete,Comparable development locking score was not saved for this comparator.
AMP-AD,boruta_rf,rush,high,legacy_zero_truncated,RFECV-only,,49.0,57,0.14035087719298245,macro OvR AUROC,0.8846499736443413,,,,,,macro OvR AUROC,0.792745881561487,0.7999922011224297,-0.007246319560942793,archived budget_summary.json variant=rfecv_only; joined after locking,False,complete,Comparable development locking score was not saved for this comparator.
AMP-AD,boruta_rf,rush,low,legacy_zero_truncated,highest_development_cv_run,1.0,13.0,57,0.7719298245614035,macro OvR AUROC,0.8765536218536731,0.8765536218536731,0.0,0.19587546320955934,0.23780331510594668,-0.02120974076983506,macro OvR AUROC,0.7714802569832172,0.7999922011224297,-0.02851194413921254,archived budget_summary.json variant=locked_medoid; joined after locking,False,complete,
AMP-AD,boruta_rf,rush,low,legacy_zero_truncated,fixed_run_1,1.0,13.0,57,0.7719298245614035,macro OvR AUROC,0.8765536218536731,0.8765536218536731,0.0,0.19587546320955934,0.23780331510594668,-0.02120974076983506,macro OvR AUROC,0.7714802569832172,0.7999922011224297,-0.02851194413921254,archived budget_summary.json variant=locked_medoid; joined after locking,False,complete,
AMP-AD,boruta_rf,rush,low,legacy_zero_truncated,legacy_top_three_medoid,1.0,13.0,57,0.7719298245614035,macro OvR AUROC,0.8765536218536731,0.8765536218536731,0.0,0.19587546320955934,0.23780331510594668,-0.02120974076983506,macro OvR AUROC,0.7714802569832172,0.7999922011224297,-0.02851194413921254,archived budget_summary.json variant=locked_medoid; joined after locking,False,complete,
AMP-AD,boruta_rf,rush,low,legacy_zero_truncated,all_run_medoid,5.0,13.0,57,0.7719298245614035,macro OvR AUROC,0.8765536218536731,0.8591275753152994,0.017426046538373763,0.19587546320955934,0.2509373730769612,-0.02120974076983506,,,,,,False,complete,
AMP-AD,boruta_rf,rush,low,legacy_zero_truncated,regret_constrained_medoid_abs_0.01,1.0,13.0,57,0.7719298245614035,macro OvR AUROC,0.8765536218536731,0.8765536218536731,0.0,0.19587546320955934,0.23780331510594668,-0.02120974076983506,macro OvR AUROC,0.7714802569832172,0.7999922011224297,-0.02851194413921254,archived budget_summary.json variant=locked_medoid; joined after locking,False,complete,
AMP-AD,boruta_rf,rush,low,legacy_zero_truncated,Direct,,57.0,57,0.0,macro OvR AUROC,0.8765536218536731,,,,,,macro OvR AUROC,0.7999922011224297,0.7999922011224297,0.0,archived budget_summary.json variant=direct; joined after locking,False,complete,Comparable development locking score was not saved for this comparator.
AMP-AD,boruta_rf,rush,low,legacy_zero_truncated,RFECV-only,,12.0,57,0.7894736842105263,macro OvR AUROC,0.8765536218536731,,,,,,macro OvR AUROC,0.8071855326264498,0.7999922011224297,0.007193331504020017,archived budget_summary.json variant=rfecv_only; joined after locking,False,complete,Comparable development locking score was not saved for this comparator.
AMP-AD,boruta_rf,rush,reference,legacy_zero_truncated,highest_development_cv_run,3.0,23.0,57,0.5964912280701755,macro OvR AUROC,0.8852293831076473,0.8852293831076473,0.0,0.31729858200446437,0.2809172809172809,0.049689440993788914,,,,,,False,complete,
AMP-AD,boruta_rf,rush,reference,legacy_zero_truncated,fixed_run_1,1.0,23.0,57,0.5964912280701755,macro OvR AUROC,0.8852293831076473,0.8739267379374904,0.011302645170156889,0.31729858200446437,0.2879349938173468,0.049689440993788914,,,,,,False,complete,
AMP-AD,boruta_rf,rush,reference,legacy_zero_truncated,legacy_top_three_medoid,4.0,23.0,57,0.5964912280701755,macro OvR AUROC,0.8852293831076473,0.875551556004065,0.009677827103582337,0.31729858200446437,0.37344028520499106,0.049689440993788914,macro OvR AUROC,0.7913244237336766,0.7999922011224297,-0.008667777388753128,archived budget_summary.json variant=locked_medoid; joined after locking,False,complete,
AMP-AD,boruta_rf,rush,reference,legacy_zero_truncated,all_run_medoid,4.0,23.0,57,0.5964912280701755,macro OvR AUROC,0.8852293831076473,0.875551556004065,0.009677827103582337,0.31729858200446437,0.37344028520499106,0.049689440993788914,macro OvR AUROC,0.7913244237336766,0.7999922011224297,-0.008667777388753128,archived budget_summary.json variant=locked_medoid; joined after locking,False,complete,
AMP-AD,boruta_rf,rush,reference,legacy_zero_truncated,regret_constrained_medoid_abs_0.01,3.0,23.0,57,0.5964912280701755,macro OvR AUROC,0.8852293831076473,0.8852293831076473,0.0,0.31729858200446437,0.2809172809172809,0.049689440993788914,,,,,,False,complete,
AMP-AD,boruta_rf,rush,reference,legacy_zero_truncated,Direct,,57.0,57,0.0,macro OvR AUROC,0.8852293831076473,,,,,,macro OvR AUROC,0.7999922011224297,0.7999922011224297,0.0,archived budget_summary.json variant=direct; joined after locking,False,complete,Comparable development locking score was not saved for this comparator.
AMP-AD,boruta_rf,rush,reference,legacy_zero_truncated,RFECV-only,,23.0,57,0.5964912280701755,macro OvR AUROC,0.8852293831076473,,,,,,macro OvR AUROC,0.7951544139441947,0.7999922011224297,-0.00483778717823502,archived budget_summary.json variant=rfecv_only; joined after locking,False,complete,Comparable development locking score was not saved for this comparator.
AMP-AD,svm_l1,emory,high,legacy_zero_truncated,highest_development_cv_run,1.0,32.0,52,0.3846153846153846,macro OvR AUROC,0.8757680306670835,0.8757680306670835,0.0,0.5011047030302745,0.5344299489506523,0.07118055555555536,macro OvR AUROC,0.7756249794568388,0.7915665923689003,-0.01594161291206142,archived budget_summary.json variant=locked_medoid; joined after locking,False,complete,
AMP-AD,svm_l1,emory,high,legacy_zero_truncated,fixed_run_1,1.0,32.0,52,0.3846153846153846,macro OvR AUROC,0.8757680306670835,0.8757680306670835,0.0,0.5011047030302745,0.5344299489506523,0.07118055555555536,macro OvR AUROC,0.7756249794568388,0.7915665923689003,-0.01594161291206142,archived budget_summary.json variant=locked_medoid; joined after locking,False,complete,
AMP-AD,svm_l1,emory,high,legacy_zero_truncated,legacy_top_three_medoid,1.0,32.0,52,0.3846153846153846,macro OvR AUROC,0.8757680306670835,0.8757680306670835,0.0,0.5011047030302745,0.5344299489506523,0.07118055555555536,macro OvR AUROC,0.7756249794568388,0.7915665923689003,-0.01594161291206142,archived budget_summary.json variant=locked_medoid; joined after locking,False,complete,
AMP-AD,svm_l1,emory,high,legacy_zero_truncated,all_run_medoid,1.0,32.0,52,0.3846153846153846,macro OvR AUROC,0.8757680306670835,0.8757680306670835,0.0,0.5011047030302745,0.5344299489506523,0.07118055555555536,macro OvR AUROC,0.7756249794568388,0.7915665923689003,-0.01594161291206142,archived budget_summary.json variant=locked_medoid; joined after locking,False,complete,
AMP-AD,svm_l1,emory,high,legacy_zero_truncated,regret_constrained_medoid_abs_0.01,1.0,32.0,52,0.3846153846153846,macro OvR AUROC,0.8757680306670835,0.8757680306670835,0.0,0.5011047030302745,0.5344299489506523,0.07118055555555536,macro OvR AUROC,0.7756249794568388,0.7915665923689003,-0.01594161291206142,archived budget_summary.json variant=locked_medoid; joined after locking,False,complete,
AMP-AD,svm_l1,emory,high,legacy_zero_truncated,Direct,,52.0,52,0.0,macro OvR AUROC,0.8757680306670835,,,,,,macro OvR AUROC,0.7915665923689003,0.7915665923689003,0.0,archived budget_summary.json variant=direct; joined after locking,False,complete,Comparable development locking score was not saved for this comparator.
AMP-AD,svm_l1,emory,high,legacy_zero_truncated,RFECV-only,,32.0,52,0.3846153846153846,macro OvR AUROC,0.8757680306670835,,,,,,macro OvR AUROC,0.7938143257734501,0.7915665923689003,0.0022477334045498676,archived budget_summary.json variant=rfecv_only; joined after locking,False,complete,Comparable development locking score was not saved for this comparator.
AMP-AD,svm_l1,emory,low,legacy_zero_truncated,highest_development_cv_run,2.0,12.0,52,0.7692307692307692,macro OvR AUROC,0.8632976375438399,0.8632976375438399,0.0,0.14541239462292094,0.20473057644110276,-0.12200588317691552,macro OvR AUROC,0.7836571089609269,0.7915665923689003,-0.007909483407973372,archived budget_summary.json variant=locked_medoid; joined after locking,False,complete,
AMP-AD,svm_l1,emory,low,legacy_zero_truncated,fixed_run_1,1.0,13.0,52,0.75,macro OvR AUROC,0.8632976375438399,0.8530565777070468,0.010241059836793132,0.14541239462292094,0.13230519480519481,-0.12200588317691552,,,,,,False,complete,
AMP-AD,svm_l1,emory,low,legacy_zero_truncated,legacy_top_three_medoid,2.0,12.0,52,0.7692307692307692,macro OvR AUROC,0.8632976375438399,0.8632976375438399,0.0,0.14541239462292094,0.20473057644110276,-0.12200588317691552,macro OvR AUROC,0.7836571089609269,0.7915665923689003,-0.007909483407973372,archived budget_summary.json variant=locked_medoid; joined after locking,False,complete,
AMP-AD,svm_l1,emory,low,legacy_zero_truncated,all_run_medoid,2.0,12.0,52,0.7692307692307692,macro OvR AUROC,0.8632976375438399,0.8632976375438399,0.0,0.14541239462292094,0.20473057644110276,-0.12200588317691552,macro OvR AUROC,0.7836571089609269,0.7915665923689003,-0.007909483407973372,archived budget_summary.json variant=locked_medoid; joined after locking,False,complete,
AMP-AD,svm_l1,emory,low,legacy_zero_truncated,regret_constrained_medoid_abs_0.01,2.0,12.0,52,0.7692307692307692,macro OvR AUROC,0.8632976375438399,0.8632976375438399,0.0,0.14541239462292094,0.20473057644110276,-0.12200588317691552,macro OvR AUROC,0.7836571089609269,0.7915665923689003,-0.007909483407973372,archived budget_summary.json variant=locked_medoid; joined after locking,False,complete,
AMP-AD,svm_l1,emory,low,legacy_zero_truncated,Direct,,52.0,52,0.0,macro OvR AUROC,0.8632976375438399,,,,,,macro OvR AUROC,0.7915665923689003,0.7915665923689003,0.0,archived budget_summary.json variant=direct; joined after locking,False,complete,Comparable development locking score was not saved for this comparator.
AMP-AD,svm_l1,emory,low,legacy_zero_truncated,RFECV-only,,10.0,52,0.8076923076923077,macro OvR AUROC,0.8632976375438399,,,,,,macro OvR AUROC,0.7842428030458661,0.7915665923689003,-0.0073237893230341244,archived budget_summary.json variant=rfecv_only; joined after locking,False,complete,Comparable development locking score was not saved for this comparator.
AMP-AD,svm_l1,emory,reference,legacy_zero_truncated,highest_development_cv_run,2.0,19.0,52,0.6346153846153846,macro OvR AUROC,0.8662959276171168,0.8662959276171168,0.0,0.3194599472130062,0.3134758785481811,0.02894736842105261,,,,,,False,complete,
AMP-AD,svm_l1,emory,reference,legacy_zero_truncated,fixed_run_1,1.0,19.0,52,0.6346153846153846,macro OvR AUROC,0.8662959276171168,0.8526707400842547,0.013625187532862126,0.3194599472130062,0.27290182935344226,0.02894736842105261,,,,,,False,complete,
AMP-AD,svm_l1,emory,reference,legacy_zero_truncated,legacy_top_three_medoid,5.0,19.0,52,0.6346153846153846,macro OvR AUROC,0.8662959276171168,0.8629304181159428,0.00336550950117398,0.3194599472130062,0.33086820586820587,0.02894736842105261,macro OvR AUROC,0.8433420093950724,0.7915665923689003,0.051775417026172166,archived budget_summary.json variant=locked_medoid; joined after locking,False,complete,
AMP-AD,svm_l1,emory,reference,legacy_zero_truncated,all_run_medoid,3.0,19.0,52,0.6346153846153846,macro OvR AUROC,0.8662959276171168,0.8499106996255754,0.016385227991541407,0.3194599472130062,0.3463099799306696,0.02894736842105261,,,,,,False,complete,
AMP-AD,svm_l1,emory,reference,legacy_zero_truncated,regret_constrained_medoid_abs_0.01,2.0,19.0,52,0.6346153846153846,macro OvR AUROC,0.8662959276171168,0.8662959276171168,0.0,0.3194599472130062,0.3134758785481811,0.02894736842105261,,,,,,False,complete,
AMP-AD,svm_l1,emory,reference,legacy_zero_truncated,Direct,,52.0,52,0.0,macro OvR AUROC,0.8662959276171168,,,,,,macro OvR AUROC,0.7915665923689003,0.7915665923689003,0.0,archived budget_summary.json variant=direct; joined after locking,False,complete,Comparable development locking score was not saved for this comparator.
AMP-AD,svm_l1,emory,reference,legacy_zero_truncated,RFECV-only,,19.0,52,0.6346153846153846,macro OvR AUROC,0.8662959276171168,,,,,,macro OvR AUROC,0.7807997777914731,0.7915665923689003,-0.01076681457742712,archived budget_summary.json variant=rfecv_only; joined after locking,False,complete,Comparable development locking score was not saved for this comparator.
AMP-AD,svm_l1,mayo,high,legacy_zero_truncated,highest_development_cv_run,2.0,37.0,120,0.6916666666666667,macro OvR AUROC,0.8890474423133169,0.8890474423133169,0.0,0.20942894615935917,0.2075268817204301,-0.04444901034175763,,,,,,False,complete,
AMP-AD,svm_l1,mayo,high,legacy_zero_truncated,fixed_run_1,1.0,38.0,120,0.6833333333333333,macro OvR AUROC,0.8890474423133169,0.8835940209799544,0.005453421333362463,0.20942894615935917,0.23513531984691088,-0.04444901034175763,,,,,,False,complete,
AMP-AD,svm_l1,mayo,high,legacy_zero_truncated,legacy_top_three_medoid,3.0,37.0,120,0.6916666666666667,macro OvR AUROC,0.8890474423133169,0.8876237127978086,0.0014237295155082874,0.20942894615935917,0.23334005918751682,-0.04444901034175763,macro OvR AUROC,0.8434617642363688,0.8454536724310749,-0.0019919081947061823,archived budget_summary.json variant=locked_medoid; joined after locking,False,complete,
AMP-AD,svm_l1,mayo,high,legacy_zero_truncated,all_run_medoid,1.0,38.0,120,0.6833333333333333,macro OvR AUROC,0.8890474423133169,0.8835940209799544,0.005453421333362463,0.20942894615935917,0.23513531984691088,-0.04444901034175763,,,,,,False,complete,
AMP-AD,svm_l1,mayo,high,legacy_zero_truncated,regret_constrained_medoid_abs_0.01,3.0,37.0,120,0.6916666666666667,macro OvR AUROC,0.8890474423133169,0.8876237127978086,0.0014237295155082874,0.20942894615935917,0.23334005918751682,-0.04444901034175763,macro OvR AUROC,0.8434617642363688,0.8454536724310749,-0.0019919081947061823,archived budget_summary.json variant=locked_medoid; joined after locking,False,complete,
AMP-AD,svm_l1,mayo,high,legacy_zero_truncated,Direct,,120.0,120,0.0,macro OvR AUROC,0.8890474423133169,,,,,,macro OvR AUROC,0.8454536724310749,0.8454536724310749,0.0,archived budget_summary.json variant=direct; joined after locking,False,complete,Comparable development locking score was not saved for this comparator.
AMP-AD,svm_l1,mayo,high,legacy_zero_truncated,RFECV-only,,37.0,120,0.6916666666666667,macro OvR AUROC,0.8890474423133169,,,,,,macro OvR AUROC,0.8484859768726588,0.8454536724310749,0.0030323044415838663,archived budget_summary.json variant=rfecv_only; joined after locking,False,complete,Comparable development locking score was not saved for this comparator.
AMP-AD,svm_l1,mayo,low,legacy_zero_truncated,highest_development_cv_run,5.0,26.0,120,0.7833333333333333,macro OvR AUROC,0.8803417953413748,0.8803417953413748,0.0,0.12219030365769497,0.12561464803312627,-0.12416195265032459,macro OvR AUROC,0.8261542019683757,0.8454536724310749,-0.019299470462699198,archived budget_summary.json variant=locked_medoid; joined after locking,False,complete,
AMP-AD,svm_l1,mayo,low,legacy_zero_truncated,fixed_run_1,1.0,28.0,120,0.7666666666666666,macro OvR AUROC,0.8803417953413748,0.8681868644391774,0.012154930902197436,0.12219030365769497,0.1267361111111111,-0.12416195265032459,,,,,,False,complete,
AMP-AD,svm_l1,mayo,low,legacy_zero_truncated,legacy_top_three_medoid,5.0,26.0,120,0.7833333333333333,macro OvR AUROC,0.8803417953413748,0.8803417953413748,0.0,0.12219030365769497,0.12561464803312627,-0.12416195265032459,macro OvR AUROC,0.8261542019683757,0.8454536724310749,-0.019299470462699198,archived budget_summary.json variant=locked_medoid; joined after locking,False,complete,
AMP-AD,svm_l1,mayo,low,legacy_zero_truncated,all_run_medoid,4.0,27.0,120,0.775,macro OvR AUROC,0.8803417953413748,0.8656340494030779,0.014707745938296934,0.12219030365769497,0.13020833333333331,-0.12416195265032459,,,,,,False,complete,
AMP-AD,svm_l1,mayo,low,legacy_zero_truncated,regret_constrained_medoid_abs_0.01,5.0,26.0,120,0.7833333333333333,macro OvR AUROC,0.8803417953413748,0.8803417953413748,0.0,0.12219030365769497,0.12561464803312627,-0.12416195265032459,macro OvR AUROC,0.8261542019683757,0.8454536724310749,-0.019299470462699198,archived budget_summary.json variant=locked_medoid; joined after locking,False,complete,
AMP-AD,svm_l1,mayo,low,legacy_zero_truncated,Direct,,120.0,120,0.0,macro OvR AUROC,0.8803417953413748,,,,,,macro OvR AUROC,0.8454536724310749,0.8454536724310749,0.0,archived budget_summary.json variant=direct; joined after locking,False,complete,Comparable development locking score was not saved for this comparator.
AMP-AD,svm_l1,mayo,low,legacy_zero_truncated,RFECV-only,,10.0,120,0.9166666666666666,macro OvR AUROC,0.8803417953413748,,,,,,macro OvR AUROC,0.8322306634459425,0.8454536724310749,-0.0132230089851324,archived budget_summary.json variant=rfecv_only; joined after locking,False,complete,Comparable development locking score was not saved for this comparator.
AMP-AD,svm_l1,mayo,reference,legacy_zero_truncated,highest_development_cv_run,5.0,23.0,120,0.8083333333333333,macro OvR AUROC,0.8800283298259538,0.8800283298259538,0.0,0.16872379201090615,0.1566906607604282,-0.08419072906294955,macro OvR AUROC,0.8137115461239123,0.8454536724310749,-0.031742126307162666,archived budget_summary.json variant=locked_medoid; joined after locking,False,complete,
AMP-AD,svm_l1,mayo,reference,legacy_zero_truncated,fixed_run_1,1.0,33.0,120,0.725,macro OvR AUROC,0.8800283298259538,0.8685388779055726,0.0114894519203812,0.16872379201090615,0.1904324229691877,-0.08419072906294955,,,,,,False,complete,
AMP-AD,svm_l1,mayo,reference,legacy_zero_truncated,legacy_top_three_medoid,5.0,23.0,120,0.8083333333333333,macro OvR AUROC,0.8800283298259538,0.8800283298259538,0.0,0.16872379201090615,0.1566906607604282,-0.08419072906294955,macro OvR AUROC,0.8137115461239123,0.8454536724310749,-0.031742126307162666,archived budget_summary.json variant=locked_medoid; joined after locking,False,complete,
AMP-AD,svm_l1,mayo,reference,legacy_zero_truncated,all_run_medoid,1.0,33.0,120,0.725,macro OvR AUROC,0.8800283298259538,0.8685388779055726,0.0114894519203812,0.16872379201090615,0.1904324229691877,-0.08419072906294955,,,,,,False,complete,
AMP-AD,svm_l1,mayo,reference,legacy_zero_truncated,regret_constrained_medoid_abs_0.01,2.0,29.0,120,0.7583333333333333,macro OvR AUROC,0.8800283298259538,0.8727349716678985,0.007293358158055319,0.16872379201090615,0.17860435377386547,-0.08419072906294955,,,,,,False,complete,
AMP-AD,svm_l1,mayo,reference,legacy_zero_truncated,Direct,,120.0,120,0.0,macro OvR AUROC,0.8800283298259538,,,,,,macro OvR AUROC,0.8454536724310749,0.8454536724310749,0.0,archived budget_summary.json variant=direct; joined after locking,False,complete,Comparable development locking score was not saved for this comparator.
AMP-AD,svm_l1,mayo,reference,legacy_zero_truncated,RFECV-only,,20.0,120,0.8333333333333334,macro OvR AUROC,0.8800283298259538,,,,,,macro OvR AUROC,0.8803350498232971,0.8454536724310749,0.03488137739222219,archived budget_summary.json variant=rfecv_only; joined after locking,False,complete,Comparable development locking score was not saved for this comparator.
AMP-AD,svm_l1,mount_sinai,high,legacy_zero_truncated,highest_development_cv_run,1.0,40.0,70,0.4285714285714286,macro OvR AUROC,0.8993067604787814,0.8993067604787814,0.0,0.3975302240275017,0.3801313628899836,-0.00916666666666699,,,,,,False,complete,
AMP-AD,svm_l1,mount_sinai,high,legacy_zero_truncated,fixed_run_1,1.0,40.0,70,0.4285714285714286,macro OvR AUROC,0.8993067604787814,0.8993067604787814,0.0,0.3975302240275017,0.3801313628899836,-0.00916666666666699,,,,,,False,complete,
AMP-AD,svm_l1,mount_sinai,high,legacy_zero_truncated,legacy_top_three_medoid,3.0,40.0,70,0.4285714285714286,macro OvR AUROC,0.8993067604787814,0.8974935014547096,0.0018132590240718116,0.3975302240275017,0.41625615763546797,-0.00916666666666699,macro OvR AUROC,0.6470400009644196,0.7003904028613331,-0.053350401896913535,archived budget_summary.json variant=locked_medoid; joined after locking,False,complete,
AMP-AD,svm_l1,mount_sinai,high,legacy_zero_truncated,all_run_medoid,2.0,40.0,70,0.4285714285714286,macro OvR AUROC,0.8993067604787814,0.8984510797688842,0.0008556807098972774,0.3975302240275017,0.4232180067025802,-0.00916666666666699,,,,,,False,complete,
AMP-AD,svm_l1,mount_sinai,high,legacy_zero_truncated,regret_constrained_medoid_abs_0.01,2.0,40.0,70,0.4285714285714286,macro OvR AUROC,0.8993067604787814,0.8984510797688842,0.0008556807098972774,0.3975302240275017,0.4232180067025802,-0.00916666666666699,,,,,,False,complete,
AMP-AD,svm_l1,mount_sinai,high,legacy_zero_truncated,Direct,,70.0,70,0.0,macro OvR AUROC,0.8993067604787814,,,,,,macro OvR AUROC,0.7003904028613331,0.7003904028613331,0.0,archived budget_summary.json variant=direct; joined after locking,False,complete,Comparable development locking score was not saved for this comparator.
AMP-AD,svm_l1,mount_sinai,high,legacy_zero_truncated,RFECV-only,,40.0,70,0.4285714285714286,macro OvR AUROC,0.8993067604787814,,,,,,macro OvR AUROC,0.702060178949714,0.7003904028613331,0.0016697760883808144,archived budget_summary.json variant=rfecv_only; joined after locking,False,complete,Comparable development locking score was not saved for this comparator.
AMP-AD,svm_l1,mount_sinai,low,legacy_zero_truncated,highest_development_cv_run,4.0,18.0,70,0.7428571428571429,macro OvR AUROC,0.8864005719148036,0.8864005719148036,0.0,0.18929548129698054,0.13864289446186,-0.03341278974190365,,,,,,False,complete,
AMP-AD,svm_l1,mount_sinai,low,legacy_zero_truncated,fixed_run_1,1.0,13.0,70,0.8142857142857143,macro OvR AUROC,0.8864005719148036,0.8708777039038808,0.015522868010922841,0.18929548129698054,0.18169829920204733,-0.03341278974190365,,,,,,False,complete,
AMP-AD,svm_l1,mount_sinai,low,legacy_zero_truncated,legacy_top_three_medoid,5.0,13.0,70,0.8142857142857143,macro OvR AUROC,0.8864005719148036,0.876047227222154,0.010353344692649591,0.18929548129698054,0.24702380952380953,-0.03341278974190365,macro OvR AUROC,0.6855950219322312,0.7003904028613331,-0.014795380929101931,archived budget_summary.json variant=locked_medoid; joined after locking,False,complete,
AMP-AD,svm_l1,mount_sinai,low,legacy_zero_truncated,all_run_medoid,5.0,13.0,70,0.8142857142857143,macro OvR AUROC,0.8864005719148036,0.876047227222154,0.010353344692649591,0.18929548129698054,0.24702380952380953,-0.03341278974190365,macro OvR AUROC,0.6855950219322312,0.7003904028613331,-0.014795380929101931,archived budget_summary.json variant=locked_medoid; joined after locking,False,complete,
AMP-AD,svm_l1,mount_sinai,low,legacy_zero_truncated,regret_constrained_medoid_abs_0.01,4.0,18.0,70,0.7428571428571429,macro OvR AUROC,0.8864005719148036,0.8864005719148036,0.0,0.18929548129698054,0.13864289446186,-0.03341278974190365,,,,,,False,complete,
AMP-AD,svm_l1,mount_sinai,low,legacy_zero_truncated,Direct,,70.0,70,0.0,macro OvR AUROC,0.8864005719148036,,,,,,macro OvR AUROC,0.7003904028613331,0.7003904028613331,0.0,archived budget_summary.json variant=direct; joined after locking,False,complete,Comparable development locking score was not saved for this comparator.
AMP-AD,svm_l1,mount_sinai,low,legacy_zero_truncated,RFECV-only,,10.0,70,0.8571428571428572,macro OvR AUROC,0.8864005719148036,,,,,,macro OvR AUROC,0.6865102852021456,0.7003904028613331,-0.013880117659187508,archived budget_summary.json variant=rfecv_only; joined after locking,False,complete,Comparable development locking score was not saved for this comparator.
AMP-AD,svm_l1,mount_sinai,reference,legacy_zero_truncated,highest_development_cv_run,3.0,17.0,70,0.7571428571428571,macro OvR AUROC,0.88885532750827,0.88885532750827,0.0,0.19158903043357992,0.22130085750775402,-0.05218855218855212,,,,,,False,complete,
AMP-AD,svm_l1,mount_sinai,reference,legacy_zero_truncated,fixed_run_1,1.0,18.0,70,0.7428571428571429,macro OvR AUROC,0.88885532750827,0.8846432272166803,0.004212100291589693,0.19158903043357992,0.20344827586206896,-0.05218855218855212,,,,,,False,complete,
AMP-AD,svm_l1,mount_sinai,reference,legacy_zero_truncated,legacy_top_three_medoid,5.0,19.0,70,0.7285714285714286,macro OvR AUROC,0.88885532750827,0.886180676661412,0.002674650846858029,0.19158903043357992,0.22008448540706604,-0.05218855218855212,macro OvR AUROC,0.6901929337975851,0.7003904028613331,-0.010197469063748077,archived budget_summary.json variant=locked_medoid; joined after locking,False,complete,
AMP-AD,svm_l1,mount_sinai,reference,legacy_zero_truncated,all_run_medoid,3.0,17.0,70,0.7571428571428571,macro OvR AUROC,0.88885532750827,0.88885532750827,0.0,0.19158903043357992,0.22130085750775402,-0.05218855218855212,,,,,,False,complete,
AMP-AD,svm_l1,mount_sinai,reference,legacy_zero_truncated,regret_constrained_medoid_abs_0.01,3.0,17.0,70,0.7571428571428571,macro OvR AUROC,0.88885532750827,0.88885532750827,0.0,0.19158903043357992,0.22130085750775402,-0.05218855218855212,,,,,,False,complete,
AMP-AD,svm_l1,mount_sinai,reference,legacy_zero_truncated,Direct,,70.0,70,0.0,macro OvR AUROC,0.88885532750827,,,,,,macro OvR AUROC,0.7003904028613331,0.7003904028613331,0.0,archived budget_summary.json variant=direct; joined after locking,False,complete,Comparable development locking score was not saved for this comparator.
AMP-AD,svm_l1,mount_sinai,reference,legacy_zero_truncated,RFECV-only,,17.0,70,0.7571428571428571,macro OvR AUROC,0.88885532750827,,,,,,macro OvR AUROC,0.6849693131669876,0.7003904028613331,-0.015421089694345524,archived budget_summary.json variant=rfecv_only; joined after locking,False,complete,Comparable development locking score was not saved for this comparator.
AMP-AD,svm_l1,rush,high,legacy_zero_truncated,highest_development_cv_run,2.0,35.0,120,0.7083333333333333,macro OvR AUROC,0.8750914704854796,0.8750914704854796,0.0,0.2055566204341083,0.17942484023339816,-0.06952002505578836,,,,,,False,complete,
AMP-AD,svm_l1,rush,high,legacy_zero_truncated,fixed_run_1,1.0,36.0,120,0.7,macro OvR AUROC,0.8750914704854796,0.8643582359969969,0.010733234488482735,0.2055566204341083,0.1919977771603223,-0.06952002505578836,,,,,,False,complete,
AMP-AD,svm_l1,rush,high,legacy_zero_truncated,legacy_top_three_medoid,5.0,36.0,120,0.7,macro OvR AUROC,0.8750914704854796,0.8705335872335359,0.0045578832519437285,0.2055566204341083,0.21797845631723098,-0.06952002505578836,macro OvR AUROC,0.7671780556002021,0.7883429044008219,-0.02116484880061975,archived budget_summary.json variant=locked_medoid; joined after locking,False,complete,
AMP-AD,svm_l1,rush,high,legacy_zero_truncated,all_run_medoid,3.0,35.0,120,0.7083333333333333,macro OvR AUROC,0.8750914704854796,0.8713834257519613,0.0037080447335183786,0.2055566204341083,0.2258254216048596,-0.06952002505578836,,,,,,False,complete,
AMP-AD,svm_l1,rush,high,legacy_zero_truncated,regret_constrained_medoid_abs_0.01,5.0,36.0,120,0.7,macro OvR AUROC,0.8750914704854796,0.8705335872335359,0.0045578832519437285,0.2055566204341083,0.21797845631723098,-0.06952002505578836,macro OvR AUROC,0.7671780556002021,0.7883429044008219,-0.02116484880061975,archived budget_summary.json variant=locked_medoid; joined after locking,False,complete,
AMP-AD,svm_l1,rush,high,legacy_zero_truncated,Direct,,120.0,120,0.0,macro OvR AUROC,0.8750914704854796,,,,,,macro OvR AUROC,0.7883429044008219,0.7883429044008219,0.0,archived budget_summary.json variant=direct; joined after locking,False,complete,Comparable development locking score was not saved for this comparator.
AMP-AD,svm_l1,rush,high,legacy_zero_truncated,RFECV-only,,35.0,120,0.7083333333333333,macro OvR AUROC,0.8750914704854796,,,,,,macro OvR AUROC,0.7948694475465704,0.7883429044008219,0.00652654314574852,archived budget_summary.json variant=rfecv_only; joined after locking,False,complete,Comparable development locking score was not saved for this comparator.
AMP-AD,svm_l1,rush,low,legacy_zero_truncated,highest_development_cv_run,4.0,84.0,120,0.30000000000000004,macro OvR AUROC,0.8808076771372981,0.8808076771372981,0.0,0.4241011843974928,0.4583914057355236,-0.04343520090548947,,,,,,False,complete,
AMP-AD,svm_l1,rush,low,legacy_zero_truncated,fixed_run_1,1.0,84.0,120,0.30000000000000004,macro OvR AUROC,0.8808076771372981,0.8554707212152168,0.025336955922081295,0.4241011843974928,0.45662566256625664,-0.04343520090548947,,,,,,False,complete,
AMP-AD,svm_l1,rush,low,legacy_zero_truncated,legacy_top_three_medoid,3.0,84.0,120,0.30000000000000004,macro OvR AUROC,0.8808076771372981,0.8701235335751465,0.010684143562151638,0.4241011843974928,0.482115128146241,-0.04343520090548947,macro OvR AUROC,0.7569477031355375,0.7883429044008219,-0.03139520126528439,archived budget_summary.json variant=locked_medoid; joined after locking,False,complete,
AMP-AD,svm_l1,rush,low,legacy_zero_truncated,all_run_medoid,3.0,84.0,120,0.30000000000000004,macro OvR AUROC,0.8808076771372981,0.8701235335751465,0.010684143562151638,0.4241011843974928,0.482115128146241,-0.04343520090548947,macro OvR AUROC,0.7569477031355375,0.7883429044008219,-0.03139520126528439,archived budget_summary.json variant=locked_medoid; joined after locking,False,complete,
AMP-AD,svm_l1,rush,low,legacy_zero_truncated,regret_constrained_medoid_abs_0.01,4.0,84.0,120,0.30000000000000004,macro OvR AUROC,0.8808076771372981,0.8808076771372981,0.0,0.4241011843974928,0.4583914057355236,-0.04343520090548947,,,,,,False,complete,
AMP-AD,svm_l1,rush,low,legacy_zero_truncated,Direct,,120.0,120,0.0,macro OvR AUROC,0.8808076771372981,,,,,,macro OvR AUROC,0.7883429044008219,0.7883429044008219,0.0,archived budget_summary.json variant=direct; joined after locking,False,complete,Comparable development locking score was not saved for this comparator.
AMP-AD,svm_l1,rush,low,legacy_zero_truncated,RFECV-only,,3.0,120,0.975,macro OvR AUROC,0.8808076771372981,,,,,,macro OvR AUROC,0.7584374980398146,0.7883429044008219,-0.029905406361007247,archived budget_summary.json variant=rfecv_only; joined after locking,False,complete,Comparable development locking score was not saved for this comparator.
AMP-AD,svm_l1,rush,reference,legacy_zero_truncated,highest_development_cv_run,3.0,30.0,120,0.75,macro OvR AUROC,0.8826732633157365,0.8826732633157365,0.0,0.13464241473385818,0.16651190754534217,-0.12194312009298147,macro OvR AUROC,0.7616079706592239,0.7883429044008219,-0.026734933741597966,archived budget_summary.json variant=locked_medoid; joined after locking,False,complete,
AMP-AD,svm_l1,rush,reference,legacy_zero_truncated,fixed_run_1,1.0,24.0,120,0.8,macro OvR AUROC,0.8826732633157365,0.8670603188793151,0.015612944436421361,0.13464241473385818,0.115270842379505,-0.12194312009298147,,,,,,False,complete,
AMP-AD,svm_l1,rush,reference,legacy_zero_truncated,legacy_top_three_medoid,3.0,30.0,120,0.75,macro OvR AUROC,0.8826732633157365,0.8826732633157365,0.0,0.13464241473385818,0.16651190754534217,-0.12194312009298147,macro OvR AUROC,0.7616079706592239,0.7883429044008219,-0.026734933741597966,archived budget_summary.json variant=locked_medoid; joined after locking,False,complete,
AMP-AD,svm_l1,rush,reference,legacy_zero_truncated,all_run_medoid,3.0,30.0,120,0.75,macro OvR AUROC,0.8826732633157365,0.8826732633157365,0.0,0.13464241473385818,0.16651190754534217,-0.12194312009298147,macro OvR AUROC,0.7616079706592239,0.7883429044008219,-0.026734933741597966,archived budget_summary.json variant=locked_medoid; joined after locking,False,complete,
AMP-AD,svm_l1,rush,reference,legacy_zero_truncated,regret_constrained_medoid_abs_0.01,3.0,30.0,120,0.75,macro OvR AUROC,0.8826732633157365,0.8826732633157365,0.0,0.13464241473385818,0.16651190754534217,-0.12194312009298147,macro OvR AUROC,0.7616079706592239,0.7883429044008219,-0.026734933741597966,archived budget_summary.json variant=locked_medoid; joined after locking,False,complete,
AMP-AD,svm_l1,rush,reference,legacy_zero_truncated,Direct,,120.0,120,0.0,macro OvR AUROC,0.8826732633157365,,,,,,macro OvR AUROC,0.7883429044008219,0.7883429044008219,0.0,archived budget_summary.json variant=direct; joined after locking,False,complete,Comparable development locking score was not saved for this comparator.
AMP-AD,svm_l1,rush,reference,legacy_zero_truncated,RFECV-only,,18.0,120,0.85,macro OvR AUROC,0.8826732633157365,,,,,,macro OvR AUROC,0.7995914532941383,0.7883429044008219,0.01124854889331639,archived budget_summary.json variant=rfecv_only; joined after locking,False,complete,Comparable development locking score was not saved for this comparator.
AMP-AD,xgboost,emory,high,legacy_zero_truncated,highest_development_cv_run,4.0,31.0,100,0.69,macro OvR AUROC,0.825676020187642,0.825676020187642,0.0,0.20839380025514478,0.24732012035583467,-0.05806451612903274,macro OvR AUROC,0.8061513517400057,0.8747627384718628,-0.06861138673185707,archived budget_summary.json variant=locked_medoid; joined after locking,False,complete,
AMP-AD,xgboost,emory,high,legacy_zero_truncated,fixed_run_1,1.0,31.0,100,0.69,macro OvR AUROC,0.825676020187642,0.8175829635521511,0.00809305663549087,0.20839380025514478,0.19462885154061624,-0.05806451612903274,,,,,,False,complete,
AMP-AD,xgboost,emory,high,legacy_zero_truncated,legacy_top_three_medoid,4.0,31.0,100,0.69,macro OvR AUROC,0.825676020187642,0.825676020187642,0.0,0.20839380025514478,0.24732012035583467,-0.05806451612903274,macro OvR AUROC,0.8061513517400057,0.8747627384718628,-0.06861138673185707,archived budget_summary.json variant=locked_medoid; joined after locking,False,complete,
AMP-AD,xgboost,emory,high,legacy_zero_truncated,all_run_medoid,4.0,31.0,100,0.69,macro OvR AUROC,0.825676020187642,0.825676020187642,0.0,0.20839380025514478,0.24732012035583467,-0.05806451612903274,macro OvR AUROC,0.8061513517400057,0.8747627384718628,-0.06861138673185707,archived budget_summary.json variant=locked_medoid; joined after locking,False,complete,
AMP-AD,xgboost,emory,high,legacy_zero_truncated,regret_constrained_medoid_abs_0.01,4.0,31.0,100,0.69,macro OvR AUROC,0.825676020187642,0.825676020187642,0.0,0.20839380025514478,0.24732012035583467,-0.05806451612903274,macro OvR AUROC,0.8061513517400057,0.8747627384718628,-0.06861138673185707,archived budget_summary.json variant=locked_medoid; joined after locking,False,complete,
AMP-AD,xgboost,emory,high,legacy_zero_truncated,Direct,,100.0,100,0.0,macro OvR AUROC,0.825676020187642,,,,,,macro OvR AUROC,0.8747627384718628,0.8747627384718628,0.0,archived budget_summary.json variant=direct; joined after locking,False,complete,Comparable development locking score was not saved for this comparator.
AMP-AD,xgboost,emory,high,legacy_zero_truncated,RFECV-only,,31.0,100,0.69,macro OvR AUROC,0.825676020187642,,,,,,macro OvR AUROC,0.8850051854362683,0.8747627384718628,0.01024244696440546,archived budget_summary.json variant=rfecv_only; joined after locking,False,complete,Comparable development locking score was not saved for this comparator.
AMP-AD,xgboost,emory,low,legacy_zero_truncated,highest_development_cv_run,5.0,22.0,100,0.78,macro OvR AUROC,0.8193700973799736,0.8193700973799736,0.0,0.12934357507886918,0.14134794943618473,-0.096185309566865,macro OvR AUROC,0.8457919354396921,0.8747627384718628,-0.0289708030321707,archived budget_summary.json variant=locked_medoid; joined after locking,False,complete,
AMP-AD,xgboost,emory,low,legacy_zero_truncated,fixed_run_1,1.0,17.0,100,0.83,macro OvR AUROC,0.8193700973799736,0.7869641070128959,0.0324059903670777,0.12934357507886918,0.1484577922077922,-0.096185309566865,,,,,,False,complete,
AMP-AD,xgboost,emory,low,legacy_zero_truncated,legacy_top_three_medoid,5.0,22.0,100,0.78,macro OvR AUROC,0.8193700973799736,0.8193700973799736,0.0,0.12934357507886918,0.14134794943618473,-0.096185309566865,macro OvR AUROC,0.8457919354396921,0.8747627384718628,-0.0289708030321707,archived budget_summary.json variant=locked_medoid; joined after locking,False,complete,
AMP-AD,xgboost,emory,low,legacy_zero_truncated,all_run_medoid,2.0,20.0,100,0.8,macro OvR AUROC,0.8193700973799736,0.8184073463503154,0.0009627510296581487,0.12934357507886918,0.16576797385620914,-0.096185309566865,,,,,,False,complete,
AMP-AD,xgboost,emory,low,legacy_zero_truncated,regret_constrained_medoid_abs_0.01,5.0,22.0,100,0.78,macro OvR AUROC,0.8193700973799736,0.8193700973799736,0.0,0.12934357507886918,0.14134794943618473,-0.096185309566865,macro OvR AUROC,0.8457919354396921,0.8747627384718628,-0.0289708030321707,archived budget_summary.json variant=locked_medoid; joined after locking,False,complete,
AMP-AD,xgboost,emory,low,legacy_zero_truncated,Direct,,100.0,100,0.0,macro OvR AUROC,0.8193700973799736,,,,,,macro OvR AUROC,0.8747627384718628,0.8747627384718628,0.0,archived budget_summary.json variant=direct; joined after locking,False,complete,Comparable development locking score was not saved for this comparator.
AMP-AD,xgboost,emory,low,legacy_zero_truncated,RFECV-only,,9.0,100,0.91,macro OvR AUROC,0.8193700973799736,,,,,,macro OvR AUROC,0.8441029623238423,0.8747627384718628,-0.030659776148020512,archived budget_summary.json variant=rfecv_only; joined after locking,False,complete,Comparable development locking score was not saved for this comparator.
AMP-AD,xgboost,emory,reference,legacy_zero_truncated,highest_development_cv_run,1.0,20.0,100,0.8,macro OvR AUROC,0.8206914964893934,0.8206914964893934,0.0,0.14085809430142288,0.13385933866565145,-0.09463453213453232,macro OvR AUROC,0.7781081648794116,0.8747627384718628,-0.09665457359245122,archived budget_summary.json variant=locked_medoid; joined after locking,False,complete,
AMP-AD,xgboost,emory,reference,legacy_zero_truncated,fixed_run_1,1.0,20.0,100,0.8,macro OvR AUROC,0.8206914964893934,0.8206914964893934,0.0,0.14085809430142288,0.13385933866565145,-0.09463453213453232,macro OvR AUROC,0.7781081648794116,0.8747627384718628,-0.09665457359245122,archived budget_summary.json variant=locked_medoid; joined after locking,False,complete,
AMP-AD,xgboost,emory,reference,legacy_zero_truncated,legacy_top_three_medoid,1.0,20.0,100,0.8,macro OvR AUROC,0.8206914964893934,0.8206914964893934,0.0,0.14085809430142288,0.13385933866565145,-0.09463453213453232,macro OvR AUROC,0.7781081648794116,0.8747627384718628,-0.09665457359245122,archived budget_summary.json variant=locked_medoid; joined after locking,False,complete,
AMP-AD,xgboost,emory,reference,legacy_zero_truncated,all_run_medoid,5.0,20.0,100,0.8,macro OvR AUROC,0.8206914964893934,0.8144466560895918,0.0062448403998016655,0.14085809430142288,0.16352314881726648,-0.09463453213453232,,,,,,False,complete,
AMP-AD,xgboost,emory,reference,legacy_zero_truncated,regret_constrained_medoid_abs_0.01,1.0,20.0,100,0.8,macro OvR AUROC,0.8206914964893934,0.8206914964893934,0.0,0.14085809430142288,0.13385933866565145,-0.09463453213453232,macro OvR AUROC,0.7781081648794116,0.8747627384718628,-0.09665457359245122,archived budget_summary.json variant=locked_medoid; joined after locking,False,complete,
AMP-AD,xgboost,emory,reference,legacy_zero_truncated,Direct,,100.0,100,0.0,macro OvR AUROC,0.8206914964893934,,,,,,macro OvR AUROC,0.8747627384718628,0.8747627384718628,0.0,archived budget_summary.json variant=direct; joined after locking,False,complete,Comparable development locking score was not saved for this comparator.
AMP-AD,xgboost,emory,reference,legacy_zero_truncated,RFECV-only,,17.0,100,0.83,macro OvR AUROC,0.8206914964893934,,,,,,macro OvR AUROC,0.8787058647301315,0.8747627384718628,0.003943126258268648,archived budget_summary.json variant=rfecv_only; joined after locking,False,complete,Comparable development locking score was not saved for this comparator.
AMP-AD,xgboost,mayo,high,legacy_zero_truncated,highest_development_cv_run,3.0,26.0,100,0.74,macro OvR AUROC,0.8524877319087789,0.8524877319087789,0.0,0.16496979180052032,0.1068840579710145,-0.08924928247864727,,,,,,False,complete,
AMP-AD,xgboost,mayo,high,legacy_zero_truncated,fixed_run_1,1.0,27.0,100,0.73,macro OvR AUROC,0.8524877319087789,0.8422361595044523,0.010251572404326614,0.16496979180052032,0.18239968926484007,-0.08924928247864727,macro OvR AUROC,0.8101102177572944,0.8167809800352285,-0.006670762277934061,archived budget_summary.json variant=locked_medoid; joined after locking,False,complete,
AMP-AD,xgboost,mayo,high,legacy_zero_truncated,legacy_top_three_medoid,1.0,27.0,100,0.73,macro OvR AUROC,0.8524877319087789,0.8422361595044523,0.010251572404326614,0.16496979180052032,0.18239968926484007,-0.08924928247864727,macro OvR AUROC,0.8101102177572944,0.8167809800352285,-0.006670762277934061,archived budget_summary.json variant=locked_medoid; joined after locking,False,complete,
AMP-AD,xgboost,mayo,high,legacy_zero_truncated,all_run_medoid,4.0,23.0,100,0.77,macro OvR AUROC,0.8524877319087789,0.831249570072951,0.02123816183582794,0.16496979180052032,0.19749592003263972,-0.08924928247864727,,,,,,False,complete,
AMP-AD,xgboost,mayo,high,legacy_zero_truncated,regret_constrained_medoid_abs_0.01,3.0,26.0,100,0.74,macro OvR AUROC,0.8524877319087789,0.8524877319087789,0.0,0.16496979180052032,0.1068840579710145,-0.08924928247864727,,,,,,False,complete,
AMP-AD,xgboost,mayo,high,legacy_zero_truncated,Direct,,100.0,100,0.0,macro OvR AUROC,0.8524877319087789,,,,,,macro OvR AUROC,0.8167809800352285,0.8167809800352285,0.0,archived budget_summary.json variant=direct; joined after locking,False,complete,Comparable development locking score was not saved for this comparator.
AMP-AD,xgboost,mayo,high,legacy_zero_truncated,RFECV-only,,21.0,100,0.79,macro OvR AUROC,0.8524877319087789,,,,,,macro OvR AUROC,0.7999824378144066,0.8167809800352285,-0.016798542220821888,archived budget_summary.json variant=rfecv_only; joined after locking,False,complete,Comparable development locking score was not saved for this comparator.
AMP-AD,xgboost,mayo,low,legacy_zero_truncated,highest_development_cv_run,2.0,22.0,100,0.78,macro OvR AUROC,0.8620790509019063,0.8620790509019063,0.0,0.1337031360470378,0.13065593427435532,-0.10455090718248594,macro OvR AUROC,0.7960519940700598,0.8167809800352285,-0.0207289859651687,archived budget_summary.json variant=locked_medoid; joined after locking,False,complete,
AMP-AD,xgboost,mayo,low,legacy_zero_truncated,fixed_run_1,1.0,24.0,100,0.76,macro OvR AUROC,0.8620790509019063,0.8297291212315392,0.032349929670367095,0.1337031360470378,0.12724443977989072,-0.10455090718248594,,,,,,False,complete,
AMP-AD,xgboost,mayo,low,legacy_zero_truncated,legacy_top_three_medoid,2.0,22.0,100,0.78,macro OvR AUROC,0.8620790509019063,0.8620790509019063,0.0,0.1337031360470378,0.13065593427435532,-0.10455090718248594,macro OvR AUROC,0.7960519940700598,0.8167809800352285,-0.0207289859651687,archived budget_summary.json variant=locked_medoid; joined after locking,False,complete,
AMP-AD,xgboost,mayo,low,legacy_zero_truncated,all_run_medoid,3.0,19.0,100,0.81,macro OvR AUROC,0.8620790509019063,0.8197907006202841,0.042288350281622145,0.1337031360470378,0.15586561793992135,-0.10455090718248594,,,,,,False,complete,
AMP-AD,xgboost,mayo,low,legacy_zero_truncated,regret_constrained_medoid_abs_0.01,2.0,22.0,100,0.78,macro OvR AUROC,0.8620790509019063,0.8620790509019063,0.0,0.1337031360470378,0.13065593427435532,-0.10455090718248594,macro OvR AUROC,0.7960519940700598,0.8167809800352285,-0.0207289859651687,archived budget_summary.json variant=locked_medoid; joined after locking,False,complete,
AMP-AD,xgboost,mayo,low,legacy_zero_truncated,Direct,,100.0,100,0.0,macro OvR AUROC,0.8620790509019063,,,,,,macro OvR AUROC,0.8167809800352285,0.8167809800352285,0.0,archived budget_summary.json variant=direct; joined after locking,False,complete,Comparable development locking score was not saved for this comparator.
AMP-AD,xgboost,mayo,low,legacy_zero_truncated,RFECV-only,,10.0,100,0.9,macro OvR AUROC,0.8620790509019063,,,,,,macro OvR AUROC,0.7859707623684464,0.8167809800352285,-0.030810217666782047,archived budget_summary.json variant=rfecv_only; joined after locking,False,complete,Comparable development locking score was not saved for this comparator.
AMP-AD,xgboost,mayo,reference,legacy_zero_truncated,highest_development_cv_run,5.0,21.0,100,0.79,macro OvR AUROC,0.8479818239768828,0.8479818239768828,0.0,0.1397930042363269,0.1184154669619786,-0.0866341370072714,,,,,,False,complete,
AMP-AD,xgboost,mayo,reference,legacy_zero_truncated,fixed_run_1,1.0,25.0,100,0.75,macro OvR AUROC,0.8479818239768828,0.8426673910497502,0.0053144329271326285,0.1397930042363269,0.16499094913729062,-0.0866341370072714,,,,,,False,complete,
AMP-AD,xgboost,mayo,reference,legacy_zero_truncated,legacy_top_three_medoid,3.0,20.0,100,0.8,macro OvR AUROC,0.8479818239768828,0.8268715220509796,0.02111030192590324,0.1397930042363269,0.15738529883266728,-0.0866341370072714,macro OvR AUROC,0.7721927701259648,0.8167809800352285,-0.04458820990926371,archived budget_summary.json variant=locked_medoid; joined after locking,False,complete,
AMP-AD,xgboost,mayo,reference,legacy_zero_truncated,all_run_medoid,1.0,25.0,100,0.75,macro OvR AUROC,0.8479818239768828,0.8426673910497502,0.0053144329271326285,0.1397930042363269,0.16499094913729062,-0.0866341370072714,,,,,,False,complete,
AMP-AD,xgboost,mayo,reference,legacy_zero_truncated,regret_constrained_medoid_abs_0.01,5.0,21.0,100,0.79,macro OvR AUROC,0.8479818239768828,0.8479818239768828,0.0,0.1397930042363269,0.1184154669619786,-0.0866341370072714,,,,,,False,complete,
AMP-AD,xgboost,mayo,reference,legacy_zero_truncated,Direct,,100.0,100,0.0,macro OvR AUROC,0.8479818239768828,,,,,,macro OvR AUROC,0.8167809800352285,0.8167809800352285,0.0,archived budget_summary.json variant=direct; joined after locking,False,complete,Comparable development locking score was not saved for this comparator.
AMP-AD,xgboost,mayo,reference,legacy_zero_truncated,RFECV-only,,20.0,100,0.8,macro OvR AUROC,0.8479818239768828,,,,,,macro OvR AUROC,0.797913753428861,0.8167809800352285,-0.018867226606367526,archived budget_summary.json variant=rfecv_only; joined after locking,False,complete,Comparable development locking score was not saved for this comparator.
AMP-AD,xgboost,mount_sinai,high,legacy_zero_truncated,highest_development_cv_run,1.0,34.0,100,0.6599999999999999,macro OvR AUROC,0.8706924967595201,0.8706924967595201,0.0,0.2189102019714022,0.19532038201149504,-0.04967320261437913,,,,,,False,complete,
AMP-AD,xgboost,mount_sinai,high,legacy_zero_truncated,fixed_run_1,1.0,34.0,100,0.6599999999999999,macro OvR AUROC,0.8706924967595201,0.8706924967595201,0.0,0.2189102019714022,0.19532038201149504,-0.04967320261437913,,,,,,False,complete,
AMP-AD,xgboost,mount_sinai,high,legacy_zero_truncated,legacy_top_three_medoid,4.0,34.0,100,0.6599999999999999,macro OvR AUROC,0.8706924967595201,0.8666303130806611,0.0040621836788590215,0.2189102019714022,0.2503425055149193,-0.04967320261437913,macro OvR AUROC,0.6352781976328488,0.6825470611807821,-0.04726886354793336,archived budget_summary.json variant=locked_medoid; joined after locking,False,complete,
AMP-AD,xgboost,mount_sinai,high,legacy_zero_truncated,all_run_medoid,4.0,34.0,100,0.6599999999999999,macro OvR AUROC,0.8706924967595201,0.8666303130806611,0.0040621836788590215,0.2189102019714022,0.2503425055149193,-0.04967320261437913,macro OvR AUROC,0.6352781976328488,0.6825470611807821,-0.04726886354793336,archived budget_summary.json variant=locked_medoid; joined after locking,False,complete,
AMP-AD,xgboost,mount_sinai,high,legacy_zero_truncated,regret_constrained_medoid_abs_0.01,4.0,34.0,100,0.6599999999999999,macro OvR AUROC,0.8706924967595201,0.8666303130806611,0.0040621836788590215,0.2189102019714022,0.2503425055149193,-0.04967320261437913,macro OvR AUROC,0.6352781976328488,0.6825470611807821,-0.04726886354793336,archived budget_summary.json variant=locked_medoid; joined after locking,False,complete,
AMP-AD,xgboost,mount_sinai,high,legacy_zero_truncated,Direct,,100.0,100,0.0,macro OvR AUROC,0.8706924967595201,,,,,,macro OvR AUROC,0.6825470611807821,0.6825470611807821,0.0,archived budget_summary.json variant=direct; joined after locking,False,complete,Comparable development locking score was not saved for this comparator.
AMP-AD,xgboost,mount_sinai,high,legacy_zero_truncated,RFECV-only,,34.0,100,0.6599999999999999,macro OvR AUROC,0.8706924967595201,,,,,,macro OvR AUROC,0.6930079373393326,0.6825470611807821,0.010460876158550514,archived budget_summary.json variant=rfecv_only; joined after locking,False,complete,Comparable development locking score was not saved for this comparator.
AMP-AD,xgboost,mount_sinai,low,legacy_zero_truncated,highest_development_cv_run,2.0,20.0,100,0.8,macro OvR AUROC,0.8613106698269872,0.8613106698269872,0.0,0.14299955793545377,0.17025558535267787,-0.08625856164383561,macro OvR AUROC,0.7137386348142162,0.6825470611807821,0.031191573633434055,archived budget_summary.json variant=locked_medoid; joined after locking,False,complete,
AMP-AD,xgboost,mount_sinai,low,legacy_zero_truncated,fixed_run_1,1.0,17.0,100,0.83,macro OvR AUROC,0.8613106698269872,0.8347203613618879,0.026590308465099355,0.14299955793545377,0.1484375,-0.08625856164383561,,,,,,False,complete,
AMP-AD,xgboost,mount_sinai,low,legacy_zero_truncated,legacy_top_three_medoid,2.0,20.0,100,0.8,macro OvR AUROC,0.8613106698269872,0.8613106698269872,0.0,0.14299955793545377,0.17025558535267787,-0.08625856164383561,macro OvR AUROC,0.7137386348142162,0.6825470611807821,0.031191573633434055,archived budget_summary.json variant=locked_medoid; joined after locking,False,complete,
AMP-AD,xgboost,mount_sinai,low,legacy_zero_truncated,all_run_medoid,2.0,20.0,100,0.8,macro OvR AUROC,0.8613106698269872,0.8613106698269872,0.0,0.14299955793545377,0.17025558535267787,-0.08625856164383561,macro OvR AUROC,0.7137386348142162,0.6825470611807821,0.031191573633434055,archived budget_summary.json variant=locked_medoid; joined after locking,False,complete,
AMP-AD,xgboost,mount_sinai,low,legacy_zero_truncated,regret_constrained_medoid_abs_0.01,2.0,20.0,100,0.8,macro OvR AUROC,0.8613106698269872,0.8613106698269872,0.0,0.14299955793545377,0.17025558535267787,-0.08625856164383561,macro OvR AUROC,0.7137386348142162,0.6825470611807821,0.031191573633434055,archived budget_summary.json variant=locked_medoid; joined after locking,False,complete,
AMP-AD,xgboost,mount_sinai,low,legacy_zero_truncated,Direct,,100.0,100,0.0,macro OvR AUROC,0.8613106698269872,,,,,,macro OvR AUROC,0.6825470611807821,0.6825470611807821,0.0,archived budget_summary.json variant=direct; joined after locking,False,complete,Comparable development locking score was not saved for this comparator.
AMP-AD,xgboost,mount_sinai,low,legacy_zero_truncated,RFECV-only,,10.0,100,0.9,macro OvR AUROC,0.8613106698269872,,,,,,macro OvR AUROC,0.683922024183652,0.6825470611807821,0.0013749630028698778,archived budget_summary.json variant=rfecv_only; joined after locking,False,complete,Comparable development locking score was not saved for this comparator.
AMP-AD,xgboost,mount_sinai,reference,legacy_zero_truncated,highest_development_cv_run,3.0,23.0,100,0.77,macro OvR AUROC,0.8633415813456548,0.8633415813456548,0.0,0.16301892551892555,0.14659645909645908,-0.08026977505750277,,,,,,False,complete,
AMP-AD,xgboost,mount_sinai,reference,legacy_zero_truncated,fixed_run_1,1.0,23.0,100,0.77,macro OvR AUROC,0.8633415813456548,0.8563246912825093,0.007016890063145431,0.16301892551892555,0.1608821733821734,-0.08026977505750277,,,,,,False,complete,
AMP-AD,xgboost,mount_sinai,reference,legacy_zero_truncated,legacy_top_three_medoid,5.0,22.0,100,0.78,macro OvR AUROC,0.8633415813456548,0.8614270087849387,0.0019145725607160324,0.16301892551892555,0.16233974358974357,-0.08026977505750277,macro OvR AUROC,0.7039445591771173,0.6825470611807821,0.02139749799633517,archived budget_summary.json variant=locked_medoid; joined after locking,False,complete,
AMP-AD,xgboost,mount_sinai,reference,legacy_zero_truncated,all_run_medoid,4.0,20.0,100,0.8,macro OvR AUROC,0.8633415813456548,0.8447872386950017,0.018554342650653033,0.16301892551892555,0.17735042735042733,-0.08026977505750277,,,,,,False,complete,
AMP-AD,xgboost,mount_sinai,reference,legacy_zero_truncated,regret_constrained_medoid_abs_0.01,2.0,25.0,100,0.75,macro OvR AUROC,0.8633415813456548,0.8629695054912657,0.00037207585438903124,0.16301892551892555,0.1679258241758242,-0.08026977505750277,,,,,,False,complete,
AMP-AD,xgboost,mount_sinai,reference,legacy_zero_truncated,Direct,,100.0,100,0.0,macro OvR AUROC,0.8633415813456548,,,,,,macro OvR AUROC,0.6825470611807821,0.6825470611807821,0.0,archived budget_summary.json variant=direct; joined after locking,False,complete,Comparable development locking score was not saved for this comparator.
AMP-AD,xgboost,mount_sinai,reference,legacy_zero_truncated,RFECV-only,,19.0,100,0.81,macro OvR AUROC,0.8633415813456548,,,,,,macro OvR AUROC,0.6765346326392838,0.6825470611807821,-0.006012428541498305,archived budget_summary.json variant=rfecv_only; joined after locking,False,complete,Comparable development locking score was not saved for this comparator.
AMP-AD,xgboost,rush,high,legacy_zero_truncated,highest_development_cv_run,1.0,40.0,100,0.6,macro OvR AUROC,0.8686749458133228,0.8686749458133228,0.0,0.265236337078874,0.28717464420034133,-0.06791666666666707,macro OvR AUROC,0.7878298342164811,0.8028004258182557,-0.014970591601774608,archived budget_summary.json variant=locked_medoid; joined after locking,False,complete,
AMP-AD,xgboost,rush,high,legacy_zero_truncated,fixed_run_1,1.0,40.0,100,0.6,macro OvR AUROC,0.8686749458133228,0.8686749458133228,0.0,0.265236337078874,0.28717464420034133,-0.06791666666666707,macro OvR AUROC,0.7878298342164811,0.8028004258182557,-0.014970591601774608,archived budget_summary.json variant=locked_medoid; joined after locking,False,complete,
AMP-AD,xgboost,rush,high,legacy_zero_truncated,legacy_top_three_medoid,1.0,40.0,100,0.6,macro OvR AUROC,0.8686749458133228,0.8686749458133228,0.0,0.265236337078874,0.28717464420034133,-0.06791666666666707,macro OvR AUROC,0.7878298342164811,0.8028004258182557,-0.014970591601774608,archived budget_summary.json variant=locked_medoid; joined after locking,False,complete,
AMP-AD,xgboost,rush,high,legacy_zero_truncated,all_run_medoid,1.0,40.0,100,0.6,macro OvR AUROC,0.8686749458133228,0.8686749458133228,0.0,0.265236337078874,0.28717464420034133,-0.06791666666666707,macro OvR AUROC,0.7878298342164811,0.8028004258182557,-0.014970591601774608,archived budget_summary.json variant=locked_medoid; joined after locking,False,complete,
AMP-AD,xgboost,rush,high,legacy_zero_truncated,regret_constrained_medoid_abs_0.01,1.0,40.0,100,0.6,macro OvR AUROC,0.8686749458133228,0.8686749458133228,0.0,0.265236337078874,0.28717464420034133,-0.06791666666666707,macro OvR AUROC,0.7878298342164811,0.8028004258182557,-0.014970591601774608,archived budget_summary.json variant=locked_medoid; joined after locking,False,complete,
AMP-AD,xgboost,rush,high,legacy_zero_truncated,Direct,,100.0,100,0.0,macro OvR AUROC,0.8686749458133228,,,,,,macro OvR AUROC,0.8028004258182557,0.8028004258182557,0.0,archived budget_summary.json variant=direct; joined after locking,False,complete,Comparable development locking score was not saved for this comparator.
AMP-AD,xgboost,rush,high,legacy_zero_truncated,RFECV-only,,40.0,100,0.6,macro OvR AUROC,0.8686749458133228,,,,,,macro OvR AUROC,0.7866075156607958,0.8028004258182557,-0.01619291015745994,archived budget_summary.json variant=rfecv_only; joined after locking,False,complete,Comparable development locking score was not saved for this comparator.
AMP-AD,xgboost,rush,low,legacy_zero_truncated,highest_development_cv_run,2.0,23.0,100,0.77,macro OvR AUROC,0.8651676871136675,0.8651676871136675,0.0,0.09867003021801782,0.12361308677098151,-0.15022461814914667,macro OvR AUROC,0.7888937419119593,0.8028004258182557,-0.013906683906296458,archived budget_summary.json variant=locked_medoid; joined after locking,False,complete,
AMP-AD,xgboost,rush,low,legacy_zero_truncated,fixed_run_1,1.0,21.0,100,0.79,macro OvR AUROC,0.8651676871136675,0.8637190165990729,0.00144867051459463,0.09867003021801782,0.11787816122181446,-0.15022461814914667,,,,,,False,complete,
AMP-AD,xgboost,rush,low,legacy_zero_truncated,legacy_top_three_medoid,2.0,23.0,100,0.77,macro OvR AUROC,0.8651676871136675,0.8651676871136675,0.0,0.09867003021801782,0.12361308677098151,-0.15022461814914667,macro OvR AUROC,0.7888937419119593,0.8028004258182557,-0.013906683906296458,archived budget_summary.json variant=locked_medoid; joined after locking,False,complete,
AMP-AD,xgboost,rush,low,legacy_zero_truncated,all_run_medoid,2.0,23.0,100,0.77,macro OvR AUROC,0.8651676871136675,0.8651676871136675,0.0,0.09867003021801782,0.12361308677098151,-0.15022461814914667,macro OvR AUROC,0.7888937419119593,0.8028004258182557,-0.013906683906296458,archived budget_summary.json variant=locked_medoid; joined after locking,False,complete,
AMP-AD,xgboost,rush,low,legacy_zero_truncated,regret_constrained_medoid_abs_0.01,2.0,23.0,100,0.77,macro OvR AUROC,0.8651676871136675,0.8651676871136675,0.0,0.09867003021801782,0.12361308677098151,-0.15022461814914667,macro OvR AUROC,0.7888937419119593,0.8028004258182557,-0.013906683906296458,archived budget_summary.json variant=locked_medoid; joined after locking,False,complete,
AMP-AD,xgboost,rush,low,legacy_zero_truncated,Direct,,100.0,100,0.0,macro OvR AUROC,0.8651676871136675,,,,,,macro OvR AUROC,0.8028004258182557,0.8028004258182557,0.0,archived budget_summary.json variant=direct; joined after locking,False,complete,Comparable development locking score was not saved for this comparator.
AMP-AD,xgboost,rush,low,legacy_zero_truncated,RFECV-only,,7.0,100,0.9299999999999999,macro OvR AUROC,0.8651676871136675,,,,,,macro OvR AUROC,0.7864993348286103,0.8028004258182557,-0.016301090989645384,archived budget_summary.json variant=rfecv_only; joined after locking,False,complete,Comparable development locking score was not saved for this comparator.
AMP-AD,xgboost,rush,reference,legacy_zero_truncated,highest_development_cv_run,2.0,20.0,100,0.8,macro OvR AUROC,0.8594687647506388,0.8594687647506388,0.0,0.165794900673694,0.15721288515406162,-0.08460022522522515,macro OvR AUROC,0.7686971887032147,0.8028004258182557,-0.03410323711504104,archived budget_summary.json variant=locked_medoid; joined after locking,False,complete,
AMP-AD,xgboost,rush,reference,legacy_zero_truncated,fixed_run_1,1.0,22.0,100,0.78,macro OvR AUROC,0.8594687647506388,0.8588683746938995,0.0006003900567392861,0.165794900673694,0.1787319739633905,-0.08460022522522515,,,,,,False,complete,
AMP-AD,xgboost,rush,reference,legacy_zero_truncated,legacy_top_three_medoid,2.0,20.0,100,0.8,macro OvR AUROC,0.8594687647506388,0.8594687647506388,0.0,0.165794900673694,0.15721288515406162,-0.08460022522522515,macro OvR AUROC,0.7686971887032147,0.8028004258182557,-0.03410323711504104,archived budget_summary.json variant=locked_medoid; joined after locking,False,complete,
AMP-AD,xgboost,rush,reference,legacy_zero_truncated,all_run_medoid,5.0,20.0,100,0.8,macro OvR AUROC,0.8594687647506388,0.8440443257317298,0.015424439018908997,0.165794900673694,0.2042558959067498,-0.08460022522522515,,,,,,False,complete,
AMP-AD,xgboost,rush,reference,legacy_zero_truncated,regret_constrained_medoid_abs_0.01,2.0,20.0,100,0.8,macro OvR AUROC,0.8594687647506388,0.8594687647506388,0.0,0.165794900673694,0.15721288515406162,-0.08460022522522515,macro OvR AUROC,0.7686971887032147,0.8028004258182557,-0.03410323711504104,archived budget_summary.json variant=locked_medoid; joined after locking,False,complete,
AMP-AD,xgboost,rush,reference,legacy_zero_truncated,Direct,,100.0,100,0.0,macro OvR AUROC,0.8594687647506388,,,,,,macro OvR AUROC,0.8028004258182557,0.8028004258182557,0.0,archived budget_summary.json variant=direct; joined after locking,False,complete,Comparable development locking score was not saved for this comparator.
AMP-AD,xgboost,rush,reference,legacy_zero_truncated,RFECV-only,,20.0,100,0.8,macro OvR AUROC,0.8594687647506388,,,,,,macro OvR AUROC,0.7976675117442319,0.8028004258182557,-0.005132914074023831,archived budget_summary.json variant=rfecv_only; joined after locking,False,complete,Comparable development locking score was not saved for this comparator.
ADNI,svm_l1,ADNI fixed split,not_applicable,legacy_archived,highest_development_cv_run,4.0,29.0,63,0.5396825396825398,balanced accuracy,0.5864126048712515,0.5864126048712515,0.0,,0.3488372093023256,,,,,,,False,complete,All nonlocked candidate masks were unavailable; full seed-agreement statistics could not be reconstructed.
ADNI,svm_l1,ADNI fixed split,not_applicable,legacy_archived,fixed_run_1,1.0,29.0,63,0.5396825396825398,balanced accuracy,0.5864126048712515,0.562763101447312,0.023649503423939455,,0.3817356778218945,,,,,,,False,complete,All nonlocked candidate masks were unavailable; full seed-agreement statistics could not be reconstructed.
ADNI,svm_l1,ADNI fixed split,not_applicable,legacy_archived,legacy_top_three_medoid,2.0,29.0,63,0.5396825396825398,balanced accuracy,0.5864126048712515,0.5724029023653083,0.014009702505943133,,0.3817356778218945,,macro OvR AUROC,0.7836662658692782,0.7822119011747044,0.0014543646945738287,archived source_table_s1 RFECV+GA; same locked run; joined after locking,False,complete,All nonlocked candidate masks were unavailable; full seed-agreement statistics could not be reconstructed.
ADNI,svm_l1,ADNI fixed split,not_applicable,legacy_archived,Direct,,63.0,63,0.0,balanced accuracy,0.5864126048712515,0.5473718724094663,0.03904073246178519,,,,macro OvR AUROC,0.7822119011747044,0.7822119011747044,0.0,archived source_table_s1 First stage; joined after locking,False,complete,
ADNI,svm_l1,ADNI fixed split,not_applicable,legacy_archived,all_run_medoid,,,63,,balanced accuracy,0.5864126048712515,,,,,,,,,,,False,unavailable_missing_candidate_masks,The archived table contains scores/counts but not all five feature masks.
ADNI,svm_l1,ADNI fixed split,not_applicable,legacy_archived,regret_constrained_medoid_abs_0.01,,,63,,balanced accuracy,0.5864126048712515,,,,,,,,,,,False,unavailable_missing_candidate_masks,The archived table contains scores/counts but not all five feature masks.
ADNI,svm_l1,ADNI fixed split,not_applicable,legacy_archived,RFECV-only,,,63,,balanced accuracy,0.5864126048712515,,,,,,,,,,,False,unavailable_missing_candidate_masks,The archived table contains scores/counts but not all five feature masks.
ADNI,xgboost,ADNI fixed split,not_applicable,legacy_archived,highest_development_cv_run,2.0,30.0,100,0.7,balanced accuracy,0.5422992890850035,0.5422992890850035,0.0,,0.2474489795918367,,macro OvR AUROC,0.775325917123849,0.8093476732850968,-0.03402175616124781,archived source_table_s1 RFECV+GA; same locked run; joined after locking,False,complete,All nonlocked candidate masks were unavailable; full seed-agreement statistics could not be reconstructed.
ADNI,xgboost,ADNI fixed split,not_applicable,legacy_archived,fixed_run_1,1.0,30.0,100,0.7,balanced accuracy,0.5422992890850035,0.5206152366114771,0.02168405247352634,,0.2230392156862745,,,,,,,False,complete,All nonlocked candidate masks were unavailable; full seed-agreement statistics could not be reconstructed.
ADNI,xgboost,ADNI fixed split,not_applicable,legacy_archived,legacy_top_three_medoid,2.0,30.0,100,0.7,balanced accuracy,0.5422992890850035,0.5422992890850035,0.0,,0.2474489795918367,,macro OvR AUROC,0.775325917123849,0.8093476732850968,-0.03402175616124781,archived source_table_s1 RFECV+GA; same locked run; joined after locking,False,complete,All nonlocked candidate masks were unavailable; full seed-agreement statistics could not be reconstructed.
ADNI,xgboost,ADNI fixed split,not_applicable,legacy_archived,Direct,,100.0,100,0.0,balanced accuracy,0.5422992890850035,0.5087055799085874,0.03359370917641602,,,,macro OvR AUROC,0.8093476732850968,0.8093476732850968,0.0,archived source_table_s1 First stage; joined after locking,False,complete,
ADNI,xgboost,ADNI fixed split,not_applicable,legacy_archived,all_run_medoid,,,100,,balanced accuracy,0.5422992890850035,,,,,,,,,,,False,unavailable_missing_candidate_masks,The archived table contains scores/counts but not all five feature masks.
ADNI,xgboost,ADNI fixed split,not_applicable,legacy_archived,regret_constrained_medoid_abs_0.01,,,100,,balanced accuracy,0.5422992890850035,,,,,,,,,,,False,unavailable_missing_candidate_masks,The archived table contains scores/counts but not all five feature masks.
ADNI,xgboost,ADNI fixed split,not_applicable,legacy_archived,RFECV-only,,,100,,balanced accuracy,0.5422992890850035,,,,,,,,,,,False,unavailable_missing_candidate_masks,The archived table contains scores/counts but not all five feature masks.
ADNI,boruta_rf,ADNI fixed split,not_applicable,legacy_archived,highest_development_cv_run,1.0,27.0,48,0.4375,balanced accuracy,0.5739475055076559,0.5739475055076559,0.0,,0.3673076923076923,,,,,,,False,complete,All nonlocked candidate masks were unavailable; full seed-agreement statistics could not be reconstructed.
ADNI,boruta_rf,ADNI fixed split,not_applicable,legacy_archived,fixed_run_1,1.0,27.0,48,0.4375,balanced accuracy,0.5739475055076559,0.5739475055076559,0.0,,0.3673076923076923,,,,,,,False,complete,All nonlocked candidate masks were unavailable; full seed-agreement statistics could not be reconstructed.
ADNI,boruta_rf,ADNI fixed split,not_applicable,legacy_archived,legacy_top_three_medoid,3.0,27.0,48,0.4375,balanced accuracy,0.5739475055076559,0.5514317163565284,0.022515789151127508,,0.3846153846153846,,macro OvR AUROC,0.7879147222483746,0.7897189487327693,-0.001804226484394711,archived source_table_s1 RFECV+GA; same locked run; joined after locking,False,complete,All nonlocked candidate masks were unavailable; full seed-agreement statistics could not be reconstructed.
ADNI,boruta_rf,ADNI fixed split,not_applicable,legacy_archived,Direct,,48.0,48,0.0,balanced accuracy,0.5739475055076559,0.5489083471226328,0.02503915838502313,,,,macro OvR AUROC,0.7897189487327693,0.7897189487327693,0.0,archived source_table_s1 First stage; joined after locking,False,complete,
ADNI,boruta_rf,ADNI fixed split,not_applicable,legacy_archived,all_run_medoid,,,48,,balanced accuracy,0.5739475055076559,,,,,,,,,,,False,unavailable_missing_candidate_masks,The archived table contains scores/counts but not all five feature masks.
ADNI,boruta_rf,ADNI fixed split,not_applicable,legacy_archived,regret_constrained_medoid_abs_0.01,,,48,,balanced accuracy,0.5739475055076559,,,,,,,,,,,False,unavailable_missing_candidate_masks,The archived table contains scores/counts but not all five feature masks.
ADNI,boruta_rf,ADNI fixed split,not_applicable,legacy_archived,RFECV-only,,,48,,balanced accuracy,0.5739475055076559,,,,,,,,,,,False,unavailable_missing_candidate_masks,The archived table contains scores/counts but not all five feature masks.
