dataset,branch,center,cap,condition,sensitivity_tolerance_mode,sensitivity_regret_tolerance,run_id,feature_count,locking_score,fold_locking_scores,score_sd,score_se,absolute_regret,relative_regret,eligible,eligibility_reason,fallback_added,pairwise_jaccard,mean_jaccard,selected,tie_break_path,strategy,tolerance_mode,regret_tolerance,eligibility_threshold,minimum_pool_size,locking_metric,seeds,software_version,configuration_hash
CGGA,boruta_rf,CGGA fixed development/held-out split,not_applicable,no_penalty,absolute,0.0,1,11,0.7920995670995671,"[0.8398268398268398, 0.8593073593073592, 0.8246753246753247, 0.7207792207792207, 0.7159090909090908]",0.06846082883381094,0.030616613413675782,0.025064935064935123,0.030673059094641554,False,absolute_regret_exceeds_tolerance,False,{},,False,mean_jaccard > higher_locking_score > smaller_feature_count > lower_run_id,regret_constrained_medoid,absolute,0.0,0.0,1,roc_auc,"{""candidate_run_seed_rule"": ""42 + run_id"", ""locking_cv_seed"": 42, ""run_seed"": 43}",0.1.0,714df5e308bd6b15a73f564440f993753709414b384e0a760ee011e3b1cd4306
CGGA,boruta_rf,CGGA fixed development/held-out split,not_applicable,no_penalty,absolute,0.0,2,14,0.8025757575757575,"[0.854978354978355, 0.8874458874458875, 0.8528138528138528, 0.7835497835497836, 0.634090909090909]",0.10151597069976571,0.0453993222573106,0.014588744588744706,0.017852885863375238,False,absolute_regret_exceeds_tolerance,False,{},,False,mean_jaccard > higher_locking_score > smaller_feature_count > lower_run_id,regret_constrained_medoid,absolute,0.0,0.0,1,roc_auc,"{""candidate_run_seed_rule"": ""42 + run_id"", ""locking_cv_seed"": 42, ""run_seed"": 44}",0.1.0,714df5e308bd6b15a73f564440f993753709414b384e0a760ee011e3b1cd4306
CGGA,boruta_rf,CGGA fixed development/held-out split,not_applicable,no_penalty,absolute,0.0,3,11,0.7937445887445888,"[0.8506493506493507, 0.8636363636363636, 0.8398268398268399, 0.7532467532467533, 0.6613636363636364]",0.08574872772097779,0.03834799683364539,0.023419913419913452,0.028659974041798042,False,absolute_regret_exceeds_tolerance,False,{},,False,mean_jaccard > higher_locking_score > smaller_feature_count > lower_run_id,regret_constrained_medoid,absolute,0.0,0.0,1,roc_auc,"{""candidate_run_seed_rule"": ""42 + run_id"", ""locking_cv_seed"": 42, ""run_seed"": 45}",0.1.0,714df5e308bd6b15a73f564440f993753709414b384e0a760ee011e3b1cd4306
CGGA,boruta_rf,CGGA fixed development/held-out split,not_applicable,no_penalty,absolute,0.0,4,10,0.8171645021645022,"[0.8419913419913421, 0.8636363636363636, 0.8376623376623377, 0.7857142857142857, 0.7568181818181818]",0.044235058603583746,0.019782519605260035,0.0,0.0,True,absolute_regret_within_tolerance,False,{},1.0,True,mean_jaccard > higher_locking_score > smaller_feature_count > lower_run_id,regret_constrained_medoid,absolute,0.0,0.0,1,roc_auc,"{""candidate_run_seed_rule"": ""42 + run_id"", ""locking_cv_seed"": 42, ""run_seed"": 46}",0.1.0,714df5e308bd6b15a73f564440f993753709414b384e0a760ee011e3b1cd4306
CGGA,boruta_rf,CGGA fixed development/held-out split,not_applicable,no_penalty,absolute,0.0,5,12,0.7824675324675325,"[0.8679653679653679, 0.8874458874458875, 0.7878787878787878, 0.7099567099567099, 0.6590909090909091]",0.09853835186225143,0.04406769063095744,0.03469696969696967,0.042460201838264475,False,absolute_regret_exceeds_tolerance,False,{},,False,mean_jaccard > higher_locking_score > smaller_feature_count > lower_run_id,regret_constrained_medoid,absolute,0.0,0.0,1,roc_auc,"{""candidate_run_seed_rule"": ""42 + run_id"", ""locking_cv_seed"": 42, ""run_seed"": 47}",0.1.0,714df5e308bd6b15a73f564440f993753709414b384e0a760ee011e3b1cd4306
CGGA,boruta_rf,CGGA fixed development/held-out split,not_applicable,no_penalty,absolute,0.005,1,11,0.7920995670995671,"[0.8398268398268398, 0.8593073593073592, 0.8246753246753247, 0.7207792207792207, 0.7159090909090908]",0.06846082883381094,0.030616613413675782,0.025064935064935123,0.030673059094641554,False,absolute_regret_exceeds_tolerance,False,{},,False,mean_jaccard > higher_locking_score > smaller_feature_count > lower_run_id,regret_constrained_medoid,absolute,0.005,0.005,1,roc_auc,"{""candidate_run_seed_rule"": ""42 + run_id"", ""locking_cv_seed"": 42, ""run_seed"": 43}",0.1.0,4e908b219c8f9a4bac0d46493dc949d9d1a4d2fe54ad85cc2c6b0689981bb112
CGGA,boruta_rf,CGGA fixed development/held-out split,not_applicable,no_penalty,absolute,0.005,2,14,0.8025757575757575,"[0.854978354978355, 0.8874458874458875, 0.8528138528138528, 0.7835497835497836, 0.634090909090909]",0.10151597069976571,0.0453993222573106,0.014588744588744706,0.017852885863375238,False,absolute_regret_exceeds_tolerance,False,{},,False,mean_jaccard > higher_locking_score > smaller_feature_count > lower_run_id,regret_constrained_medoid,absolute,0.005,0.005,1,roc_auc,"{""candidate_run_seed_rule"": ""42 + run_id"", ""locking_cv_seed"": 42, ""run_seed"": 44}",0.1.0,4e908b219c8f9a4bac0d46493dc949d9d1a4d2fe54ad85cc2c6b0689981bb112
CGGA,boruta_rf,CGGA fixed development/held-out split,not_applicable,no_penalty,absolute,0.005,3,11,0.7937445887445888,"[0.8506493506493507, 0.8636363636363636, 0.8398268398268399, 0.7532467532467533, 0.6613636363636364]",0.08574872772097779,0.03834799683364539,0.023419913419913452,0.028659974041798042,False,absolute_regret_exceeds_tolerance,False,{},,False,mean_jaccard > higher_locking_score > smaller_feature_count > lower_run_id,regret_constrained_medoid,absolute,0.005,0.005,1,roc_auc,"{""candidate_run_seed_rule"": ""42 + run_id"", ""locking_cv_seed"": 42, ""run_seed"": 45}",0.1.0,4e908b219c8f9a4bac0d46493dc949d9d1a4d2fe54ad85cc2c6b0689981bb112
CGGA,boruta_rf,CGGA fixed development/held-out split,not_applicable,no_penalty,absolute,0.005,4,10,0.8171645021645022,"[0.8419913419913421, 0.8636363636363636, 0.8376623376623377, 0.7857142857142857, 0.7568181818181818]",0.044235058603583746,0.019782519605260035,0.0,0.0,True,absolute_regret_within_tolerance,False,{},1.0,True,mean_jaccard > higher_locking_score > smaller_feature_count > lower_run_id,regret_constrained_medoid,absolute,0.005,0.005,1,roc_auc,"{""candidate_run_seed_rule"": ""42 + run_id"", ""locking_cv_seed"": 42, ""run_seed"": 46}",0.1.0,4e908b219c8f9a4bac0d46493dc949d9d1a4d2fe54ad85cc2c6b0689981bb112
CGGA,boruta_rf,CGGA fixed development/held-out split,not_applicable,no_penalty,absolute,0.005,5,12,0.7824675324675325,"[0.8679653679653679, 0.8874458874458875, 0.7878787878787878, 0.7099567099567099, 0.6590909090909091]",0.09853835186225143,0.04406769063095744,0.03469696969696967,0.042460201838264475,False,absolute_regret_exceeds_tolerance,False,{},,False,mean_jaccard > higher_locking_score > smaller_feature_count > lower_run_id,regret_constrained_medoid,absolute,0.005,0.005,1,roc_auc,"{""candidate_run_seed_rule"": ""42 + run_id"", ""locking_cv_seed"": 42, ""run_seed"": 47}",0.1.0,4e908b219c8f9a4bac0d46493dc949d9d1a4d2fe54ad85cc2c6b0689981bb112
CGGA,boruta_rf,CGGA fixed development/held-out split,not_applicable,no_penalty,absolute,0.01,1,11,0.7920995670995671,"[0.8398268398268398, 0.8593073593073592, 0.8246753246753247, 0.7207792207792207, 0.7159090909090908]",0.06846082883381094,0.030616613413675782,0.025064935064935123,0.030673059094641554,False,absolute_regret_exceeds_tolerance,False,{},,False,mean_jaccard > higher_locking_score > smaller_feature_count > lower_run_id,regret_constrained_medoid,absolute,0.01,0.01,1,roc_auc,"{""candidate_run_seed_rule"": ""42 + run_id"", ""locking_cv_seed"": 42, ""run_seed"": 43}",0.1.0,fc7ecf42f2f6bc78103fc40ba8ca18b6eb47c749c186b0d1cd0b7c39fdb7ba77
CGGA,boruta_rf,CGGA fixed development/held-out split,not_applicable,no_penalty,absolute,0.01,2,14,0.8025757575757575,"[0.854978354978355, 0.8874458874458875, 0.8528138528138528, 0.7835497835497836, 0.634090909090909]",0.10151597069976571,0.0453993222573106,0.014588744588744706,0.017852885863375238,False,absolute_regret_exceeds_tolerance,False,{},,False,mean_jaccard > higher_locking_score > smaller_feature_count > lower_run_id,regret_constrained_medoid,absolute,0.01,0.01,1,roc_auc,"{""candidate_run_seed_rule"": ""42 + run_id"", ""locking_cv_seed"": 42, ""run_seed"": 44}",0.1.0,fc7ecf42f2f6bc78103fc40ba8ca18b6eb47c749c186b0d1cd0b7c39fdb7ba77
CGGA,boruta_rf,CGGA fixed development/held-out split,not_applicable,no_penalty,absolute,0.01,3,11,0.7937445887445888,"[0.8506493506493507, 0.8636363636363636, 0.8398268398268399, 0.7532467532467533, 0.6613636363636364]",0.08574872772097779,0.03834799683364539,0.023419913419913452,0.028659974041798042,False,absolute_regret_exceeds_tolerance,False,{},,False,mean_jaccard > higher_locking_score > smaller_feature_count > lower_run_id,regret_constrained_medoid,absolute,0.01,0.01,1,roc_auc,"{""candidate_run_seed_rule"": ""42 + run_id"", ""locking_cv_seed"": 42, ""run_seed"": 45}",0.1.0,fc7ecf42f2f6bc78103fc40ba8ca18b6eb47c749c186b0d1cd0b7c39fdb7ba77
CGGA,boruta_rf,CGGA fixed development/held-out split,not_applicable,no_penalty,absolute,0.01,4,10,0.8171645021645022,"[0.8419913419913421, 0.8636363636363636, 0.8376623376623377, 0.7857142857142857, 0.7568181818181818]",0.044235058603583746,0.019782519605260035,0.0,0.0,True,absolute_regret_within_tolerance,False,{},1.0,True,mean_jaccard > higher_locking_score > smaller_feature_count > lower_run_id,regret_constrained_medoid,absolute,0.01,0.01,1,roc_auc,"{""candidate_run_seed_rule"": ""42 + run_id"", ""locking_cv_seed"": 42, ""run_seed"": 46}",0.1.0,fc7ecf42f2f6bc78103fc40ba8ca18b6eb47c749c186b0d1cd0b7c39fdb7ba77
CGGA,boruta_rf,CGGA fixed development/held-out split,not_applicable,no_penalty,absolute,0.01,5,12,0.7824675324675325,"[0.8679653679653679, 0.8874458874458875, 0.7878787878787878, 0.7099567099567099, 0.6590909090909091]",0.09853835186225143,0.04406769063095744,0.03469696969696967,0.042460201838264475,False,absolute_regret_exceeds_tolerance,False,{},,False,mean_jaccard > higher_locking_score > smaller_feature_count > lower_run_id,regret_constrained_medoid,absolute,0.01,0.01,1,roc_auc,"{""candidate_run_seed_rule"": ""42 + run_id"", ""locking_cv_seed"": 42, ""run_seed"": 47}",0.1.0,fc7ecf42f2f6bc78103fc40ba8ca18b6eb47c749c186b0d1cd0b7c39fdb7ba77
CGGA,boruta_rf,CGGA fixed development/held-out split,not_applicable,no_penalty,absolute,0.02,1,11,0.7920995670995671,"[0.8398268398268398, 0.8593073593073592, 0.8246753246753247, 0.7207792207792207, 0.7159090909090908]",0.06846082883381094,0.030616613413675782,0.025064935064935123,0.030673059094641554,False,absolute_regret_exceeds_tolerance,False,{},,False,mean_jaccard > higher_locking_score > smaller_feature_count > lower_run_id,regret_constrained_medoid,absolute,0.02,0.02,1,roc_auc,"{""candidate_run_seed_rule"": ""42 + run_id"", ""locking_cv_seed"": 42, ""run_seed"": 43}",0.1.0,3a890f73a627a7affe8778a206d1f8fe197a457b514add9d790e12bba5360609
CGGA,boruta_rf,CGGA fixed development/held-out split,not_applicable,no_penalty,absolute,0.02,2,14,0.8025757575757575,"[0.854978354978355, 0.8874458874458875, 0.8528138528138528, 0.7835497835497836, 0.634090909090909]",0.10151597069976571,0.0453993222573106,0.014588744588744706,0.017852885863375238,True,absolute_regret_within_tolerance,False,"{""4"": 0.6}",0.6,False,mean_jaccard > higher_locking_score > smaller_feature_count > lower_run_id,regret_constrained_medoid,absolute,0.02,0.02,1,roc_auc,"{""candidate_run_seed_rule"": ""42 + run_id"", ""locking_cv_seed"": 42, ""run_seed"": 44}",0.1.0,3a890f73a627a7affe8778a206d1f8fe197a457b514add9d790e12bba5360609
CGGA,boruta_rf,CGGA fixed development/held-out split,not_applicable,no_penalty,absolute,0.02,3,11,0.7937445887445888,"[0.8506493506493507, 0.8636363636363636, 0.8398268398268399, 0.7532467532467533, 0.6613636363636364]",0.08574872772097779,0.03834799683364539,0.023419913419913452,0.028659974041798042,False,absolute_regret_exceeds_tolerance,False,{},,False,mean_jaccard > higher_locking_score > smaller_feature_count > lower_run_id,regret_constrained_medoid,absolute,0.02,0.02,1,roc_auc,"{""candidate_run_seed_rule"": ""42 + run_id"", ""locking_cv_seed"": 42, ""run_seed"": 45}",0.1.0,3a890f73a627a7affe8778a206d1f8fe197a457b514add9d790e12bba5360609
CGGA,boruta_rf,CGGA fixed development/held-out split,not_applicable,no_penalty,absolute,0.02,4,10,0.8171645021645022,"[0.8419913419913421, 0.8636363636363636, 0.8376623376623377, 0.7857142857142857, 0.7568181818181818]",0.044235058603583746,0.019782519605260035,0.0,0.0,True,absolute_regret_within_tolerance,False,"{""2"": 0.6}",0.6,True,mean_jaccard > higher_locking_score > smaller_feature_count > lower_run_id,regret_constrained_medoid,absolute,0.02,0.02,1,roc_auc,"{""candidate_run_seed_rule"": ""42 + run_id"", ""locking_cv_seed"": 42, ""run_seed"": 46}",0.1.0,3a890f73a627a7affe8778a206d1f8fe197a457b514add9d790e12bba5360609
CGGA,boruta_rf,CGGA fixed development/held-out split,not_applicable,no_penalty,absolute,0.02,5,12,0.7824675324675325,"[0.8679653679653679, 0.8874458874458875, 0.7878787878787878, 0.7099567099567099, 0.6590909090909091]",0.09853835186225143,0.04406769063095744,0.03469696969696967,0.042460201838264475,False,absolute_regret_exceeds_tolerance,False,{},,False,mean_jaccard > higher_locking_score > smaller_feature_count > lower_run_id,regret_constrained_medoid,absolute,0.02,0.02,1,roc_auc,"{""candidate_run_seed_rule"": ""42 + run_id"", ""locking_cv_seed"": 42, ""run_seed"": 47}",0.1.0,3a890f73a627a7affe8778a206d1f8fe197a457b514add9d790e12bba5360609
CGGA,boruta_rf,CGGA fixed development/held-out split,not_applicable,no_penalty,best_run_se_scaled,best_run_score_se,1,11,0.7920995670995671,"[0.8398268398268398, 0.8593073593073592, 0.8246753246753247, 0.7207792207792207, 0.7159090909090908]",0.06846082883381094,0.030616613413675782,0.025064935064935123,0.030673059094641554,False,absolute_regret_exceeds_best_run_se_scaled_threshold,False,{},,False,mean_jaccard > higher_locking_score > smaller_feature_count > lower_run_id,regret_constrained_medoid,best_run_se_scaled,0.0,0.019782519605260035,1,roc_auc,"{""candidate_run_seed_rule"": ""42 + run_id"", ""locking_cv_seed"": 42, ""run_seed"": 43}",0.1.0,23bc1fa711668db6643587d66fb26492a2a5697658efe332d00adc4a793dd99b
CGGA,boruta_rf,CGGA fixed development/held-out split,not_applicable,no_penalty,best_run_se_scaled,best_run_score_se,2,14,0.8025757575757575,"[0.854978354978355, 0.8874458874458875, 0.8528138528138528, 0.7835497835497836, 0.634090909090909]",0.10151597069976571,0.0453993222573106,0.014588744588744706,0.017852885863375238,True,absolute_regret_within_best_run_se_scaled_threshold,False,"{""4"": 0.6}",0.6,False,mean_jaccard > higher_locking_score > smaller_feature_count > lower_run_id,regret_constrained_medoid,best_run_se_scaled,0.0,0.019782519605260035,1,roc_auc,"{""candidate_run_seed_rule"": ""42 + run_id"", ""locking_cv_seed"": 42, ""run_seed"": 44}",0.1.0,23bc1fa711668db6643587d66fb26492a2a5697658efe332d00adc4a793dd99b
CGGA,boruta_rf,CGGA fixed development/held-out split,not_applicable,no_penalty,best_run_se_scaled,best_run_score_se,3,11,0.7937445887445888,"[0.8506493506493507, 0.8636363636363636, 0.8398268398268399, 0.7532467532467533, 0.6613636363636364]",0.08574872772097779,0.03834799683364539,0.023419913419913452,0.028659974041798042,False,absolute_regret_exceeds_best_run_se_scaled_threshold,False,{},,False,mean_jaccard > higher_locking_score > smaller_feature_count > lower_run_id,regret_constrained_medoid,best_run_se_scaled,0.0,0.019782519605260035,1,roc_auc,"{""candidate_run_seed_rule"": ""42 + run_id"", ""locking_cv_seed"": 42, ""run_seed"": 45}",0.1.0,23bc1fa711668db6643587d66fb26492a2a5697658efe332d00adc4a793dd99b
CGGA,boruta_rf,CGGA fixed development/held-out split,not_applicable,no_penalty,best_run_se_scaled,best_run_score_se,4,10,0.8171645021645022,"[0.8419913419913421, 0.8636363636363636, 0.8376623376623377, 0.7857142857142857, 0.7568181818181818]",0.044235058603583746,0.019782519605260035,0.0,0.0,True,absolute_regret_within_best_run_se_scaled_threshold,False,"{""2"": 0.6}",0.6,True,mean_jaccard > higher_locking_score > smaller_feature_count > lower_run_id,regret_constrained_medoid,best_run_se_scaled,0.0,0.019782519605260035,1,roc_auc,"{""candidate_run_seed_rule"": ""42 + run_id"", ""locking_cv_seed"": 42, ""run_seed"": 46}",0.1.0,23bc1fa711668db6643587d66fb26492a2a5697658efe332d00adc4a793dd99b
CGGA,boruta_rf,CGGA fixed development/held-out split,not_applicable,no_penalty,best_run_se_scaled,best_run_score_se,5,12,0.7824675324675325,"[0.8679653679653679, 0.8874458874458875, 0.7878787878787878, 0.7099567099567099, 0.6590909090909091]",0.09853835186225143,0.04406769063095744,0.03469696969696967,0.042460201838264475,False,absolute_regret_exceeds_best_run_se_scaled_threshold,False,{},,False,mean_jaccard > higher_locking_score > smaller_feature_count > lower_run_id,regret_constrained_medoid,best_run_se_scaled,0.0,0.019782519605260035,1,roc_auc,"{""candidate_run_seed_rule"": ""42 + run_id"", ""locking_cv_seed"": 42, ""run_seed"": 47}",0.1.0,23bc1fa711668db6643587d66fb26492a2a5697658efe332d00adc4a793dd99b
CGGA,boruta_rf,CGGA fixed development/held-out split,not_applicable,penalty,absolute,0.0,1,9,0.8050865800865802,"[0.8268398268398269, 0.8268398268398268, 0.8766233766233765, 0.7337662337662338, 0.7613636363636364]",0.05714500930618554,0.02555602507669779,0.009588744588744591,0.011770019660980924,False,absolute_regret_exceeds_tolerance,False,{},,False,mean_jaccard > higher_locking_score > smaller_feature_count > lower_run_id,regret_constrained_medoid,absolute,0.0,0.0,1,roc_auc,"{""candidate_run_seed_rule"": ""42 + run_id"", ""locking_cv_seed"": 42, ""run_seed"": 43}",0.1.0,714df5e308bd6b15a73f564440f993753709414b384e0a760ee011e3b1cd4306
CGGA,boruta_rf,CGGA fixed development/held-out split,not_applicable,penalty,absolute,0.0,2,9,0.7985064935064935,"[0.7683982683982684, 0.8484848484848485, 0.8917748917748918, 0.8225108225108224, 0.6613636363636364]",0.08872387837740858,0.039678524655861865,0.016168831168831277,0.019846963175514237,False,absolute_regret_exceeds_tolerance,False,{},,False,mean_jaccard > higher_locking_score > smaller_feature_count > lower_run_id,regret_constrained_medoid,absolute,0.0,0.0,1,roc_auc,"{""candidate_run_seed_rule"": ""42 + run_id"", ""locking_cv_seed"": 42, ""run_seed"": 44}",0.1.0,714df5e308bd6b15a73f564440f993753709414b384e0a760ee011e3b1cd4306
CGGA,boruta_rf,CGGA fixed development/held-out split,not_applicable,penalty,absolute,0.0,3,9,0.7925757575757576,"[0.8333333333333334, 0.8138528138528139, 0.8203463203463203, 0.8203463203463204, 0.675]",0.0661066566015715,0.02956379558526982,0.022099567099567174,0.027126839895850026,False,absolute_regret_exceeds_tolerance,False,{},,False,mean_jaccard > higher_locking_score > smaller_feature_count > lower_run_id,regret_constrained_medoid,absolute,0.0,0.0,1,roc_auc,"{""candidate_run_seed_rule"": ""42 + run_id"", ""locking_cv_seed"": 42, ""run_seed"": 45}",0.1.0,714df5e308bd6b15a73f564440f993753709414b384e0a760ee011e3b1cd4306
CGGA,boruta_rf,CGGA fixed development/held-out split,not_applicable,penalty,absolute,0.0,4,9,0.8005844155844155,"[0.8311688311688311, 0.8073593073593074, 0.8809523809523809, 0.7857142857142857, 0.6977272727272728]",0.06752967512819352,0.030200188817023507,0.014090909090909265,0.017296349434082786,False,absolute_regret_exceeds_tolerance,False,{},,False,mean_jaccard > higher_locking_score > smaller_feature_count > lower_run_id,regret_constrained_medoid,absolute,0.0,0.0,1,roc_auc,"{""candidate_run_seed_rule"": ""42 + run_id"", ""locking_cv_seed"": 42, ""run_seed"": 46}",0.1.0,714df5e308bd6b15a73f564440f993753709414b384e0a760ee011e3b1cd4306
CGGA,boruta_rf,CGGA fixed development/held-out split,not_applicable,penalty,absolute,0.0,5,9,0.8146753246753248,"[0.8333333333333334, 0.8896103896103895, 0.8376623376623378, 0.7445887445887446, 0.7681818181818182]",0.05823564815528406,0.026043773597795077,0.0,0.0,True,absolute_regret_within_tolerance,False,{},1.0,True,mean_jaccard > higher_locking_score > smaller_feature_count > lower_run_id,regret_constrained_medoid,absolute,0.0,0.0,1,roc_auc,"{""candidate_run_seed_rule"": ""42 + run_id"", ""locking_cv_seed"": 42, ""run_seed"": 47}",0.1.0,714df5e308bd6b15a73f564440f993753709414b384e0a760ee011e3b1cd4306
CGGA,boruta_rf,CGGA fixed development/held-out split,not_applicable,penalty,absolute,0.005,1,9,0.8050865800865802,"[0.8268398268398269, 0.8268398268398268, 0.8766233766233765, 0.7337662337662338, 0.7613636363636364]",0.05714500930618554,0.02555602507669779,0.009588744588744591,0.011770019660980924,False,absolute_regret_exceeds_tolerance,False,{},,False,mean_jaccard > higher_locking_score > smaller_feature_count > lower_run_id,regret_constrained_medoid,absolute,0.005,0.005,1,roc_auc,"{""candidate_run_seed_rule"": ""42 + run_id"", ""locking_cv_seed"": 42, ""run_seed"": 43}",0.1.0,4e908b219c8f9a4bac0d46493dc949d9d1a4d2fe54ad85cc2c6b0689981bb112
CGGA,boruta_rf,CGGA fixed development/held-out split,not_applicable,penalty,absolute,0.005,2,9,0.7985064935064935,"[0.7683982683982684, 0.8484848484848485, 0.8917748917748918, 0.8225108225108224, 0.6613636363636364]",0.08872387837740858,0.039678524655861865,0.016168831168831277,0.019846963175514237,False,absolute_regret_exceeds_tolerance,False,{},,False,mean_jaccard > higher_locking_score > smaller_feature_count > lower_run_id,regret_constrained_medoid,absolute,0.005,0.005,1,roc_auc,"{""candidate_run_seed_rule"": ""42 + run_id"", ""locking_cv_seed"": 42, ""run_seed"": 44}",0.1.0,4e908b219c8f9a4bac0d46493dc949d9d1a4d2fe54ad85cc2c6b0689981bb112
CGGA,boruta_rf,CGGA fixed development/held-out split,not_applicable,penalty,absolute,0.005,3,9,0.7925757575757576,"[0.8333333333333334, 0.8138528138528139, 0.8203463203463203, 0.8203463203463204, 0.675]",0.0661066566015715,0.02956379558526982,0.022099567099567174,0.027126839895850026,False,absolute_regret_exceeds_tolerance,False,{},,False,mean_jaccard > higher_locking_score > smaller_feature_count > lower_run_id,regret_constrained_medoid,absolute,0.005,0.005,1,roc_auc,"{""candidate_run_seed_rule"": ""42 + run_id"", ""locking_cv_seed"": 42, ""run_seed"": 45}",0.1.0,4e908b219c8f9a4bac0d46493dc949d9d1a4d2fe54ad85cc2c6b0689981bb112
CGGA,boruta_rf,CGGA fixed development/held-out split,not_applicable,penalty,absolute,0.005,4,9,0.8005844155844155,"[0.8311688311688311, 0.8073593073593074, 0.8809523809523809, 0.7857142857142857, 0.6977272727272728]",0.06752967512819352,0.030200188817023507,0.014090909090909265,0.017296349434082786,False,absolute_regret_exceeds_tolerance,False,{},,False,mean_jaccard > higher_locking_score > smaller_feature_count > lower_run_id,regret_constrained_medoid,absolute,0.005,0.005,1,roc_auc,"{""candidate_run_seed_rule"": ""42 + run_id"", ""locking_cv_seed"": 42, ""run_seed"": 46}",0.1.0,4e908b219c8f9a4bac0d46493dc949d9d1a4d2fe54ad85cc2c6b0689981bb112
CGGA,boruta_rf,CGGA fixed development/held-out split,not_applicable,penalty,absolute,0.005,5,9,0.8146753246753248,"[0.8333333333333334, 0.8896103896103895, 0.8376623376623378, 0.7445887445887446, 0.7681818181818182]",0.05823564815528406,0.026043773597795077,0.0,0.0,True,absolute_regret_within_tolerance,False,{},1.0,True,mean_jaccard > higher_locking_score > smaller_feature_count > lower_run_id,regret_constrained_medoid,absolute,0.005,0.005,1,roc_auc,"{""candidate_run_seed_rule"": ""42 + run_id"", ""locking_cv_seed"": 42, ""run_seed"": 47}",0.1.0,4e908b219c8f9a4bac0d46493dc949d9d1a4d2fe54ad85cc2c6b0689981bb112
CGGA,boruta_rf,CGGA fixed development/held-out split,not_applicable,penalty,absolute,0.01,1,9,0.8050865800865802,"[0.8268398268398269, 0.8268398268398268, 0.8766233766233765, 0.7337662337662338, 0.7613636363636364]",0.05714500930618554,0.02555602507669779,0.009588744588744591,0.011770019660980924,True,absolute_regret_within_tolerance,False,"{""5"": 0.5}",0.5,False,mean_jaccard > higher_locking_score > smaller_feature_count > lower_run_id,regret_constrained_medoid,absolute,0.01,0.01,1,roc_auc,"{""candidate_run_seed_rule"": ""42 + run_id"", ""locking_cv_seed"": 42, ""run_seed"": 43}",0.1.0,fc7ecf42f2f6bc78103fc40ba8ca18b6eb47c749c186b0d1cd0b7c39fdb7ba77
CGGA,boruta_rf,CGGA fixed development/held-out split,not_applicable,penalty,absolute,0.01,2,9,0.7985064935064935,"[0.7683982683982684, 0.8484848484848485, 0.8917748917748918, 0.8225108225108224, 0.6613636363636364]",0.08872387837740858,0.039678524655861865,0.016168831168831277,0.019846963175514237,False,absolute_regret_exceeds_tolerance,False,{},,False,mean_jaccard > higher_locking_score > smaller_feature_count > lower_run_id,regret_constrained_medoid,absolute,0.01,0.01,1,roc_auc,"{""candidate_run_seed_rule"": ""42 + run_id"", ""locking_cv_seed"": 42, ""run_seed"": 44}",0.1.0,fc7ecf42f2f6bc78103fc40ba8ca18b6eb47c749c186b0d1cd0b7c39fdb7ba77
CGGA,boruta_rf,CGGA fixed development/held-out split,not_applicable,penalty,absolute,0.01,3,9,0.7925757575757576,"[0.8333333333333334, 0.8138528138528139, 0.8203463203463203, 0.8203463203463204, 0.675]",0.0661066566015715,0.02956379558526982,0.022099567099567174,0.027126839895850026,False,absolute_regret_exceeds_tolerance,False,{},,False,mean_jaccard > higher_locking_score > smaller_feature_count > lower_run_id,regret_constrained_medoid,absolute,0.01,0.01,1,roc_auc,"{""candidate_run_seed_rule"": ""42 + run_id"", ""locking_cv_seed"": 42, ""run_seed"": 45}",0.1.0,fc7ecf42f2f6bc78103fc40ba8ca18b6eb47c749c186b0d1cd0b7c39fdb7ba77
CGGA,boruta_rf,CGGA fixed development/held-out split,not_applicable,penalty,absolute,0.01,4,9,0.8005844155844155,"[0.8311688311688311, 0.8073593073593074, 0.8809523809523809, 0.7857142857142857, 0.6977272727272728]",0.06752967512819352,0.030200188817023507,0.014090909090909265,0.017296349434082786,False,absolute_regret_exceeds_tolerance,False,{},,False,mean_jaccard > higher_locking_score > smaller_feature_count > lower_run_id,regret_constrained_medoid,absolute,0.01,0.01,1,roc_auc,"{""candidate_run_seed_rule"": ""42 + run_id"", ""locking_cv_seed"": 42, ""run_seed"": 46}",0.1.0,fc7ecf42f2f6bc78103fc40ba8ca18b6eb47c749c186b0d1cd0b7c39fdb7ba77
CGGA,boruta_rf,CGGA fixed development/held-out split,not_applicable,penalty,absolute,0.01,5,9,0.8146753246753248,"[0.8333333333333334, 0.8896103896103895, 0.8376623376623378, 0.7445887445887446, 0.7681818181818182]",0.05823564815528406,0.026043773597795077,0.0,0.0,True,absolute_regret_within_tolerance,False,"{""1"": 0.5}",0.5,True,mean_jaccard > higher_locking_score > smaller_feature_count > lower_run_id,regret_constrained_medoid,absolute,0.01,0.01,1,roc_auc,"{""candidate_run_seed_rule"": ""42 + run_id"", ""locking_cv_seed"": 42, ""run_seed"": 47}",0.1.0,fc7ecf42f2f6bc78103fc40ba8ca18b6eb47c749c186b0d1cd0b7c39fdb7ba77
CGGA,boruta_rf,CGGA fixed development/held-out split,not_applicable,penalty,absolute,0.02,1,9,0.8050865800865802,"[0.8268398268398269, 0.8268398268398268, 0.8766233766233765, 0.7337662337662338, 0.7613636363636364]",0.05714500930618554,0.02555602507669779,0.009588744588744591,0.011770019660980924,True,absolute_regret_within_tolerance,False,"{""2"": 0.2857142857142857, ""4"": 0.38461538461538464, ""5"": 0.5}",0.3901098901098901,False,mean_jaccard > higher_locking_score > smaller_feature_count > lower_run_id,regret_constrained_medoid,absolute,0.02,0.02,1,roc_auc,"{""candidate_run_seed_rule"": ""42 + run_id"", ""locking_cv_seed"": 42, ""run_seed"": 43}",0.1.0,3a890f73a627a7affe8778a206d1f8fe197a457b514add9d790e12bba5360609
CGGA,boruta_rf,CGGA fixed development/held-out split,not_applicable,penalty,absolute,0.02,2,9,0.7985064935064935,"[0.7683982683982684, 0.8484848484848485, 0.8917748917748918, 0.8225108225108224, 0.6613636363636364]",0.08872387837740858,0.039678524655861865,0.016168831168831277,0.019846963175514237,True,absolute_regret_within_tolerance,False,"{""1"": 0.2857142857142857, ""4"": 0.6363636363636364, ""5"": 0.38461538461538464}",0.4355644355644355,False,mean_jaccard > higher_locking_score > smaller_feature_count > lower_run_id,regret_constrained_medoid,absolute,0.02,0.02,1,roc_auc,"{""candidate_run_seed_rule"": ""42 + run_id"", ""locking_cv_seed"": 42, ""run_seed"": 44}",0.1.0,3a890f73a627a7affe8778a206d1f8fe197a457b514add9d790e12bba5360609
CGGA,boruta_rf,CGGA fixed development/held-out split,not_applicable,penalty,absolute,0.02,3,9,0.7925757575757576,"[0.8333333333333334, 0.8138528138528139, 0.8203463203463203, 0.8203463203463204, 0.675]",0.0661066566015715,0.02956379558526982,0.022099567099567174,0.027126839895850026,False,absolute_regret_exceeds_tolerance,False,{},,False,mean_jaccard > higher_locking_score > smaller_feature_count > lower_run_id,regret_constrained_medoid,absolute,0.02,0.02,1,roc_auc,"{""candidate_run_seed_rule"": ""42 + run_id"", ""locking_cv_seed"": 42, ""run_seed"": 45}",0.1.0,3a890f73a627a7affe8778a206d1f8fe197a457b514add9d790e12bba5360609
CGGA,boruta_rf,CGGA fixed development/held-out split,not_applicable,penalty,absolute,0.02,4,9,0.8005844155844155,"[0.8311688311688311, 0.8073593073593074, 0.8809523809523809, 0.7857142857142857, 0.6977272727272728]",0.06752967512819352,0.030200188817023507,0.014090909090909265,0.017296349434082786,True,absolute_regret_within_tolerance,False,"{""1"": 0.38461538461538464, ""2"": 0.6363636363636364, ""5"": 0.38461538461538464}",0.46853146853146854,True,mean_jaccard > higher_locking_score > smaller_feature_count > lower_run_id,regret_constrained_medoid,absolute,0.02,0.02,1,roc_auc,"{""candidate_run_seed_rule"": ""42 + run_id"", ""locking_cv_seed"": 42, ""run_seed"": 46}",0.1.0,3a890f73a627a7affe8778a206d1f8fe197a457b514add9d790e12bba5360609
CGGA,boruta_rf,CGGA fixed development/held-out split,not_applicable,penalty,absolute,0.02,5,9,0.8146753246753248,"[0.8333333333333334, 0.8896103896103895, 0.8376623376623378, 0.7445887445887446, 0.7681818181818182]",0.05823564815528406,0.026043773597795077,0.0,0.0,True,absolute_regret_within_tolerance,False,"{""1"": 0.5, ""2"": 0.38461538461538464, ""4"": 0.38461538461538464}",0.4230769230769231,False,mean_jaccard > higher_locking_score > smaller_feature_count > lower_run_id,regret_constrained_medoid,absolute,0.02,0.02,1,roc_auc,"{""candidate_run_seed_rule"": ""42 + run_id"", ""locking_cv_seed"": 42, ""run_seed"": 47}",0.1.0,3a890f73a627a7affe8778a206d1f8fe197a457b514add9d790e12bba5360609
CGGA,boruta_rf,CGGA fixed development/held-out split,not_applicable,penalty,best_run_se_scaled,best_run_score_se,1,9,0.8050865800865802,"[0.8268398268398269, 0.8268398268398268, 0.8766233766233765, 0.7337662337662338, 0.7613636363636364]",0.05714500930618554,0.02555602507669779,0.009588744588744591,0.011770019660980924,True,absolute_regret_within_best_run_se_scaled_threshold,False,"{""2"": 0.2857142857142857, ""3"": 0.2, ""4"": 0.38461538461538464, ""5"": 0.5}",0.3425824175824176,False,mean_jaccard > higher_locking_score > smaller_feature_count > lower_run_id,regret_constrained_medoid,best_run_se_scaled,0.0,0.026043773597795077,1,roc_auc,"{""candidate_run_seed_rule"": ""42 + run_id"", ""locking_cv_seed"": 42, ""run_seed"": 43}",0.1.0,23bc1fa711668db6643587d66fb26492a2a5697658efe332d00adc4a793dd99b
CGGA,boruta_rf,CGGA fixed development/held-out split,not_applicable,penalty,best_run_se_scaled,best_run_score_se,2,9,0.7985064935064935,"[0.7683982683982684, 0.8484848484848485, 0.8917748917748918, 0.8225108225108224, 0.6613636363636364]",0.08872387837740858,0.039678524655861865,0.016168831168831277,0.019846963175514237,True,absolute_regret_within_best_run_se_scaled_threshold,False,"{""1"": 0.2857142857142857, ""3"": 0.5, ""4"": 0.6363636363636364, ""5"": 0.38461538461538464}",0.45167332667332666,True,mean_jaccard > higher_locking_score > smaller_feature_count > lower_run_id,regret_constrained_medoid,best_run_se_scaled,0.0,0.026043773597795077,1,roc_auc,"{""candidate_run_seed_rule"": ""42 + run_id"", ""locking_cv_seed"": 42, ""run_seed"": 44}",0.1.0,23bc1fa711668db6643587d66fb26492a2a5697658efe332d00adc4a793dd99b
CGGA,boruta_rf,CGGA fixed development/held-out split,not_applicable,penalty,best_run_se_scaled,best_run_score_se,3,9,0.7925757575757576,"[0.8333333333333334, 0.8138528138528139, 0.8203463203463203, 0.8203463203463204, 0.675]",0.0661066566015715,0.02956379558526982,0.022099567099567174,0.027126839895850026,True,absolute_regret_within_best_run_se_scaled_threshold,False,"{""1"": 0.2, ""2"": 0.5, ""4"": 0.38461538461538464, ""5"": 0.2857142857142857}",0.3425824175824176,False,mean_jaccard > higher_locking_score > smaller_feature_count > lower_run_id,regret_constrained_medoid,best_run_se_scaled,0.0,0.026043773597795077,1,roc_auc,"{""candidate_run_seed_rule"": ""42 + run_id"", ""locking_cv_seed"": 42, ""run_seed"": 45}",0.1.0,23bc1fa711668db6643587d66fb26492a2a5697658efe332d00adc4a793dd99b
CGGA,boruta_rf,CGGA fixed development/held-out split,not_applicable,penalty,best_run_se_scaled,best_run_score_se,4,9,0.8005844155844155,"[0.8311688311688311, 0.8073593073593074, 0.8809523809523809, 0.7857142857142857, 0.6977272727272728]",0.06752967512819352,0.030200188817023507,0.014090909090909265,0.017296349434082786,True,absolute_regret_within_best_run_se_scaled_threshold,False,"{""1"": 0.38461538461538464, ""2"": 0.6363636363636364, ""3"": 0.38461538461538464, ""5"": 0.38461538461538464}",0.44755244755244755,False,mean_jaccard > higher_locking_score > smaller_feature_count > lower_run_id,regret_constrained_medoid,best_run_se_scaled,0.0,0.026043773597795077,1,roc_auc,"{""candidate_run_seed_rule"": ""42 + run_id"", ""locking_cv_seed"": 42, ""run_seed"": 46}",0.1.0,23bc1fa711668db6643587d66fb26492a2a5697658efe332d00adc4a793dd99b
CGGA,boruta_rf,CGGA fixed development/held-out split,not_applicable,penalty,best_run_se_scaled,best_run_score_se,5,9,0.8146753246753248,"[0.8333333333333334, 0.8896103896103895, 0.8376623376623378, 0.7445887445887446, 0.7681818181818182]",0.05823564815528406,0.026043773597795077,0.0,0.0,True,absolute_regret_within_best_run_se_scaled_threshold,False,"{""1"": 0.5, ""2"": 0.38461538461538464, ""3"": 0.2857142857142857, ""4"": 0.38461538461538464}",0.3887362637362637,False,mean_jaccard > higher_locking_score > smaller_feature_count > lower_run_id,regret_constrained_medoid,best_run_se_scaled,0.0,0.026043773597795077,1,roc_auc,"{""candidate_run_seed_rule"": ""42 + run_id"", ""locking_cv_seed"": 42, ""run_seed"": 47}",0.1.0,23bc1fa711668db6643587d66fb26492a2a5697658efe332d00adc4a793dd99b
CGGA,svm_l1,CGGA fixed development/held-out split,not_applicable,no_penalty,absolute,0.0,1,16,0.8800432900432901,"[0.9523809523809523, 0.9047619047619048, 0.8831168831168831, 0.8917748917748918, 0.7681818181818182]",0.06801436180445786,0.030416947288206604,0.0,0.0,True,absolute_regret_within_tolerance,False,{},1.0,True,mean_jaccard > higher_locking_score > smaller_feature_count > lower_run_id,regret_constrained_medoid,absolute,0.0,0.0,1,roc_auc,"{""candidate_run_seed_rule"": ""42 + run_id"", ""locking_cv_seed"": 42, ""run_seed"": 43}",0.1.0,714df5e308bd6b15a73f564440f993753709414b384e0a760ee011e3b1cd4306
CGGA,svm_l1,CGGA fixed development/held-out split,not_applicable,no_penalty,absolute,0.0,2,17,0.861774891774892,"[0.8961038961038961, 0.8917748917748918, 0.8831168831168832, 0.7878787878787878, 0.8500000000000001]",0.04509224816971491,0.0201658664331546,0.0182683982683981,0.020758522308032667,False,absolute_regret_exceeds_tolerance,False,{},,False,mean_jaccard > higher_locking_score > smaller_feature_count > lower_run_id,regret_constrained_medoid,absolute,0.0,0.0,1,roc_auc,"{""candidate_run_seed_rule"": ""42 + run_id"", ""locking_cv_seed"": 42, ""run_seed"": 44}",0.1.0,714df5e308bd6b15a73f564440f993753709414b384e0a760ee011e3b1cd4306
CGGA,svm_l1,CGGA fixed development/held-out split,not_applicable,no_penalty,absolute,0.0,3,19,0.8707142857142858,"[0.91991341991342, 0.8506493506493507, 0.8181818181818181, 0.8852813852813852, 0.8795454545454545]",0.038317771669542075,0.017136228439882335,0.009329004329004298,0.010600619804220536,False,absolute_regret_exceeds_tolerance,False,{},,False,mean_jaccard > higher_locking_score > smaller_feature_count > lower_run_id,regret_constrained_medoid,absolute,0.0,0.0,1,roc_auc,"{""candidate_run_seed_rule"": ""42 + run_id"", ""locking_cv_seed"": 42, ""run_seed"": 45}",0.1.0,714df5e308bd6b15a73f564440f993753709414b384e0a760ee011e3b1cd4306
CGGA,svm_l1,CGGA fixed development/held-out split,not_applicable,no_penalty,absolute,0.0,4,23,0.8764935064935067,"[0.9004329004329005, 0.9242424242424243, 0.8658008658008657, 0.8874458874458875, 0.8045454545454547]",0.045452896280121606,0.020327153171319844,0.003549783549783414,0.004033646514830875,False,absolute_regret_exceeds_tolerance,False,{},,False,mean_jaccard > higher_locking_score > smaller_feature_count > lower_run_id,regret_constrained_medoid,absolute,0.0,0.0,1,roc_auc,"{""candidate_run_seed_rule"": ""42 + run_id"", ""locking_cv_seed"": 42, ""run_seed"": 46}",0.1.0,714df5e308bd6b15a73f564440f993753709414b384e0a760ee011e3b1cd4306
CGGA,svm_l1,CGGA fixed development/held-out split,not_applicable,no_penalty,absolute,0.0,5,20,0.8655844155844157,"[0.9285714285714286, 0.9112554112554112, 0.8636363636363638, 0.829004329004329, 0.7954545454545454]",0.05548265489240228,0.024812597582314556,0.014458874458874393,0.0164297309262629,False,absolute_regret_exceeds_tolerance,False,{},,False,mean_jaccard > higher_locking_score > smaller_feature_count > lower_run_id,regret_constrained_medoid,absolute,0.0,0.0,1,roc_auc,"{""candidate_run_seed_rule"": ""42 + run_id"", ""locking_cv_seed"": 42, ""run_seed"": 47}",0.1.0,714df5e308bd6b15a73f564440f993753709414b384e0a760ee011e3b1cd4306
CGGA,svm_l1,CGGA fixed development/held-out split,not_applicable,no_penalty,absolute,0.005,1,16,0.8800432900432901,"[0.9523809523809523, 0.9047619047619048, 0.8831168831168831, 0.8917748917748918, 0.7681818181818182]",0.06801436180445786,0.030416947288206604,0.0,0.0,True,absolute_regret_within_tolerance,False,"{""4"": 0.56}",0.56,True,mean_jaccard > higher_locking_score > smaller_feature_count > lower_run_id,regret_constrained_medoid,absolute,0.005,0.005,1,roc_auc,"{""candidate_run_seed_rule"": ""42 + run_id"", ""locking_cv_seed"": 42, ""run_seed"": 43}",0.1.0,4e908b219c8f9a4bac0d46493dc949d9d1a4d2fe54ad85cc2c6b0689981bb112
CGGA,svm_l1,CGGA fixed development/held-out split,not_applicable,no_penalty,absolute,0.005,2,17,0.861774891774892,"[0.8961038961038961, 0.8917748917748918, 0.8831168831168832, 0.7878787878787878, 0.8500000000000001]",0.04509224816971491,0.0201658664331546,0.0182683982683981,0.020758522308032667,False,absolute_regret_exceeds_tolerance,False,{},,False,mean_jaccard > higher_locking_score > smaller_feature_count > lower_run_id,regret_constrained_medoid,absolute,0.005,0.005,1,roc_auc,"{""candidate_run_seed_rule"": ""42 + run_id"", ""locking_cv_seed"": 42, ""run_seed"": 44}",0.1.0,4e908b219c8f9a4bac0d46493dc949d9d1a4d2fe54ad85cc2c6b0689981bb112
CGGA,svm_l1,CGGA fixed development/held-out split,not_applicable,no_penalty,absolute,0.005,3,19,0.8707142857142858,"[0.91991341991342, 0.8506493506493507, 0.8181818181818181, 0.8852813852813852, 0.8795454545454545]",0.038317771669542075,0.017136228439882335,0.009329004329004298,0.010600619804220536,False,absolute_regret_exceeds_tolerance,False,{},,False,mean_jaccard > higher_locking_score > smaller_feature_count > lower_run_id,regret_constrained_medoid,absolute,0.005,0.005,1,roc_auc,"{""candidate_run_seed_rule"": ""42 + run_id"", ""locking_cv_seed"": 42, ""run_seed"": 45}",0.1.0,4e908b219c8f9a4bac0d46493dc949d9d1a4d2fe54ad85cc2c6b0689981bb112
CGGA,svm_l1,CGGA fixed development/held-out split,not_applicable,no_penalty,absolute,0.005,4,23,0.8764935064935067,"[0.9004329004329005, 0.9242424242424243, 0.8658008658008657, 0.8874458874458875, 0.8045454545454547]",0.045452896280121606,0.020327153171319844,0.003549783549783414,0.004033646514830875,True,absolute_regret_within_tolerance,False,"{""1"": 0.56}",0.56,False,mean_jaccard > higher_locking_score > smaller_feature_count > lower_run_id,regret_constrained_medoid,absolute,0.005,0.005,1,roc_auc,"{""candidate_run_seed_rule"": ""42 + run_id"", ""locking_cv_seed"": 42, ""run_seed"": 46}",0.1.0,4e908b219c8f9a4bac0d46493dc949d9d1a4d2fe54ad85cc2c6b0689981bb112
CGGA,svm_l1,CGGA fixed development/held-out split,not_applicable,no_penalty,absolute,0.005,5,20,0.8655844155844157,"[0.9285714285714286, 0.9112554112554112, 0.8636363636363638, 0.829004329004329, 0.7954545454545454]",0.05548265489240228,0.024812597582314556,0.014458874458874393,0.0164297309262629,False,absolute_regret_exceeds_tolerance,False,{},,False,mean_jaccard > higher_locking_score > smaller_feature_count > lower_run_id,regret_constrained_medoid,absolute,0.005,0.005,1,roc_auc,"{""candidate_run_seed_rule"": ""42 + run_id"", ""locking_cv_seed"": 42, ""run_seed"": 47}",0.1.0,4e908b219c8f9a4bac0d46493dc949d9d1a4d2fe54ad85cc2c6b0689981bb112
CGGA,svm_l1,CGGA fixed development/held-out split,not_applicable,no_penalty,absolute,0.01,1,16,0.8800432900432901,"[0.9523809523809523, 0.9047619047619048, 0.8831168831168831, 0.8917748917748918, 0.7681818181818182]",0.06801436180445786,0.030416947288206604,0.0,0.0,True,absolute_regret_within_tolerance,False,"{""3"": 0.4, ""4"": 0.56}",0.48000000000000004,False,mean_jaccard > higher_locking_score > smaller_feature_count > lower_run_id,regret_constrained_medoid,absolute,0.01,0.01,1,roc_auc,"{""candidate_run_seed_rule"": ""42 + run_id"", ""locking_cv_seed"": 42, ""run_seed"": 43}",0.1.0,fc7ecf42f2f6bc78103fc40ba8ca18b6eb47c749c186b0d1cd0b7c39fdb7ba77
CGGA,svm_l1,CGGA fixed development/held-out split,not_applicable,no_penalty,absolute,0.01,2,17,0.861774891774892,"[0.8961038961038961, 0.8917748917748918, 0.8831168831168832, 0.7878787878787878, 0.8500000000000001]",0.04509224816971491,0.0201658664331546,0.0182683982683981,0.020758522308032667,False,absolute_regret_exceeds_tolerance,False,{},,False,mean_jaccard > higher_locking_score > smaller_feature_count > lower_run_id,regret_constrained_medoid,absolute,0.01,0.01,1,roc_auc,"{""candidate_run_seed_rule"": ""42 + run_id"", ""locking_cv_seed"": 42, ""run_seed"": 44}",0.1.0,fc7ecf42f2f6bc78103fc40ba8ca18b6eb47c749c186b0d1cd0b7c39fdb7ba77
CGGA,svm_l1,CGGA fixed development/held-out split,not_applicable,no_penalty,absolute,0.01,3,19,0.8707142857142858,"[0.91991341991342, 0.8506493506493507, 0.8181818181818181, 0.8852813852813852, 0.8795454545454545]",0.038317771669542075,0.017136228439882335,0.009329004329004298,0.010600619804220536,True,absolute_regret_within_tolerance,False,"{""1"": 0.4, ""4"": 0.6153846153846154}",0.5076923076923077,False,mean_jaccard > higher_locking_score > smaller_feature_count > lower_run_id,regret_constrained_medoid,absolute,0.01,0.01,1,roc_auc,"{""candidate_run_seed_rule"": ""42 + run_id"", ""locking_cv_seed"": 42, ""run_seed"": 45}",0.1.0,fc7ecf42f2f6bc78103fc40ba8ca18b6eb47c749c186b0d1cd0b7c39fdb7ba77
CGGA,svm_l1,CGGA fixed development/held-out split,not_applicable,no_penalty,absolute,0.01,4,23,0.8764935064935067,"[0.9004329004329005, 0.9242424242424243, 0.8658008658008657, 0.8874458874458875, 0.8045454545454547]",0.045452896280121606,0.020327153171319844,0.003549783549783414,0.004033646514830875,True,absolute_regret_within_tolerance,False,"{""1"": 0.56, ""3"": 0.6153846153846154}",0.5876923076923077,True,mean_jaccard > higher_locking_score > smaller_feature_count > lower_run_id,regret_constrained_medoid,absolute,0.01,0.01,1,roc_auc,"{""candidate_run_seed_rule"": ""42 + run_id"", ""locking_cv_seed"": 42, ""run_seed"": 46}",0.1.0,fc7ecf42f2f6bc78103fc40ba8ca18b6eb47c749c186b0d1cd0b7c39fdb7ba77
CGGA,svm_l1,CGGA fixed development/held-out split,not_applicable,no_penalty,absolute,0.01,5,20,0.8655844155844157,"[0.9285714285714286, 0.9112554112554112, 0.8636363636363638, 0.829004329004329, 0.7954545454545454]",0.05548265489240228,0.024812597582314556,0.014458874458874393,0.0164297309262629,False,absolute_regret_exceeds_tolerance,False,{},,False,mean_jaccard > higher_locking_score > smaller_feature_count > lower_run_id,regret_constrained_medoid,absolute,0.01,0.01,1,roc_auc,"{""candidate_run_seed_rule"": ""42 + run_id"", ""locking_cv_seed"": 42, ""run_seed"": 47}",0.1.0,fc7ecf42f2f6bc78103fc40ba8ca18b6eb47c749c186b0d1cd0b7c39fdb7ba77
CGGA,svm_l1,CGGA fixed development/held-out split,not_applicable,no_penalty,absolute,0.02,1,16,0.8800432900432901,"[0.9523809523809523, 0.9047619047619048, 0.8831168831168831, 0.8917748917748918, 0.7681818181818182]",0.06801436180445786,0.030416947288206604,0.0,0.0,True,absolute_regret_within_tolerance,False,"{""2"": 0.375, ""3"": 0.4, ""4"": 0.56, ""5"": 0.44}",0.44375,False,mean_jaccard > higher_locking_score > smaller_feature_count > lower_run_id,regret_constrained_medoid,absolute,0.02,0.02,1,roc_auc,"{""candidate_run_seed_rule"": ""42 + run_id"", ""locking_cv_seed"": 42, ""run_seed"": 43}",0.1.0,3a890f73a627a7affe8778a206d1f8fe197a457b514add9d790e12bba5360609
CGGA,svm_l1,CGGA fixed development/held-out split,not_applicable,no_penalty,absolute,0.02,2,17,0.861774891774892,"[0.8961038961038961, 0.8917748917748918, 0.8831168831168832, 0.7878787878787878, 0.8500000000000001]",0.04509224816971491,0.0201658664331546,0.0182683982683981,0.020758522308032667,True,absolute_regret_within_tolerance,False,"{""1"": 0.375, ""3"": 0.44, ""4"": 0.42857142857142855, ""5"": 0.48}",0.43089285714285713,False,mean_jaccard > higher_locking_score > smaller_feature_count > lower_run_id,regret_constrained_medoid,absolute,0.02,0.02,1,roc_auc,"{""candidate_run_seed_rule"": ""42 + run_id"", ""locking_cv_seed"": 42, ""run_seed"": 44}",0.1.0,3a890f73a627a7affe8778a206d1f8fe197a457b514add9d790e12bba5360609
CGGA,svm_l1,CGGA fixed development/held-out split,not_applicable,no_penalty,absolute,0.02,3,19,0.8707142857142858,"[0.91991341991342, 0.8506493506493507, 0.8181818181818181, 0.8852813852813852, 0.8795454545454545]",0.038317771669542075,0.017136228439882335,0.009329004329004298,0.010600619804220536,True,absolute_regret_within_tolerance,False,"{""1"": 0.4, ""2"": 0.44, ""4"": 0.6153846153846154, ""5"": 0.4444444444444444}",0.474957264957265,False,mean_jaccard > higher_locking_score > smaller_feature_count > lower_run_id,regret_constrained_medoid,absolute,0.02,0.02,1,roc_auc,"{""candidate_run_seed_rule"": ""42 + run_id"", ""locking_cv_seed"": 42, ""run_seed"": 45}",0.1.0,3a890f73a627a7affe8778a206d1f8fe197a457b514add9d790e12bba5360609
CGGA,svm_l1,CGGA fixed development/held-out split,not_applicable,no_penalty,absolute,0.02,4,23,0.8764935064935067,"[0.9004329004329005, 0.9242424242424243, 0.8658008658008657, 0.8874458874458875, 0.8045454545454547]",0.045452896280121606,0.020327153171319844,0.003549783549783414,0.004033646514830875,True,absolute_regret_within_tolerance,False,"{""1"": 0.56, ""2"": 0.42857142857142855, ""3"": 0.6153846153846154, ""5"": 0.4827586206896552}",0.5216786661614248,True,mean_jaccard > higher_locking_score > smaller_feature_count > lower_run_id,regret_constrained_medoid,absolute,0.02,0.02,1,roc_auc,"{""candidate_run_seed_rule"": ""42 + run_id"", ""locking_cv_seed"": 42, ""run_seed"": 46}",0.1.0,3a890f73a627a7affe8778a206d1f8fe197a457b514add9d790e12bba5360609
CGGA,svm_l1,CGGA fixed development/held-out split,not_applicable,no_penalty,absolute,0.02,5,20,0.8655844155844157,"[0.9285714285714286, 0.9112554112554112, 0.8636363636363638, 0.829004329004329, 0.7954545454545454]",0.05548265489240228,0.024812597582314556,0.014458874458874393,0.0164297309262629,True,absolute_regret_within_tolerance,False,"{""1"": 0.44, ""2"": 0.48, ""3"": 0.4444444444444444, ""4"": 0.4827586206896552}",0.4618007662835249,False,mean_jaccard > higher_locking_score > smaller_feature_count > lower_run_id,regret_constrained_medoid,absolute,0.02,0.02,1,roc_auc,"{""candidate_run_seed_rule"": ""42 + run_id"", ""locking_cv_seed"": 42, ""run_seed"": 47}",0.1.0,3a890f73a627a7affe8778a206d1f8fe197a457b514add9d790e12bba5360609
CGGA,svm_l1,CGGA fixed development/held-out split,not_applicable,no_penalty,best_run_se_scaled,best_run_score_se,1,16,0.8800432900432901,"[0.9523809523809523, 0.9047619047619048, 0.8831168831168831, 0.8917748917748918, 0.7681818181818182]",0.06801436180445786,0.030416947288206604,0.0,0.0,True,absolute_regret_within_best_run_se_scaled_threshold,False,"{""2"": 0.375, ""3"": 0.4, ""4"": 0.56, ""5"": 0.44}",0.44375,False,mean_jaccard > higher_locking_score > smaller_feature_count > lower_run_id,regret_constrained_medoid,best_run_se_scaled,0.0,0.030416947288206604,1,roc_auc,"{""candidate_run_seed_rule"": ""42 + run_id"", ""locking_cv_seed"": 42, ""run_seed"": 43}",0.1.0,23bc1fa711668db6643587d66fb26492a2a5697658efe332d00adc4a793dd99b
CGGA,svm_l1,CGGA fixed development/held-out split,not_applicable,no_penalty,best_run_se_scaled,best_run_score_se,2,17,0.861774891774892,"[0.8961038961038961, 0.8917748917748918, 0.8831168831168832, 0.7878787878787878, 0.8500000000000001]",0.04509224816971491,0.0201658664331546,0.0182683982683981,0.020758522308032667,True,absolute_regret_within_best_run_se_scaled_threshold,False,"{""1"": 0.375, ""3"": 0.44, ""4"": 0.42857142857142855, ""5"": 0.48}",0.43089285714285713,False,mean_jaccard > higher_locking_score > smaller_feature_count > lower_run_id,regret_constrained_medoid,best_run_se_scaled,0.0,0.030416947288206604,1,roc_auc,"{""candidate_run_seed_rule"": ""42 + run_id"", ""locking_cv_seed"": 42, ""run_seed"": 44}",0.1.0,23bc1fa711668db6643587d66fb26492a2a5697658efe332d00adc4a793dd99b
CGGA,svm_l1,CGGA fixed development/held-out split,not_applicable,no_penalty,best_run_se_scaled,best_run_score_se,3,19,0.8707142857142858,"[0.91991341991342, 0.8506493506493507, 0.8181818181818181, 0.8852813852813852, 0.8795454545454545]",0.038317771669542075,0.017136228439882335,0.009329004329004298,0.010600619804220536,True,absolute_regret_within_best_run_se_scaled_threshold,False,"{""1"": 0.4, ""2"": 0.44, ""4"": 0.6153846153846154, ""5"": 0.4444444444444444}",0.474957264957265,False,mean_jaccard > higher_locking_score > smaller_feature_count > lower_run_id,regret_constrained_medoid,best_run_se_scaled,0.0,0.030416947288206604,1,roc_auc,"{""candidate_run_seed_rule"": ""42 + run_id"", ""locking_cv_seed"": 42, ""run_seed"": 45}",0.1.0,23bc1fa711668db6643587d66fb26492a2a5697658efe332d00adc4a793dd99b
CGGA,svm_l1,CGGA fixed development/held-out split,not_applicable,no_penalty,best_run_se_scaled,best_run_score_se,4,23,0.8764935064935067,"[0.9004329004329005, 0.9242424242424243, 0.8658008658008657, 0.8874458874458875, 0.8045454545454547]",0.045452896280121606,0.020327153171319844,0.003549783549783414,0.004033646514830875,True,absolute_regret_within_best_run_se_scaled_threshold,False,"{""1"": 0.56, ""2"": 0.42857142857142855, ""3"": 0.6153846153846154, ""5"": 0.4827586206896552}",0.5216786661614248,True,mean_jaccard > higher_locking_score > smaller_feature_count > lower_run_id,regret_constrained_medoid,best_run_se_scaled,0.0,0.030416947288206604,1,roc_auc,"{""candidate_run_seed_rule"": ""42 + run_id"", ""locking_cv_seed"": 42, ""run_seed"": 46}",0.1.0,23bc1fa711668db6643587d66fb26492a2a5697658efe332d00adc4a793dd99b
CGGA,svm_l1,CGGA fixed development/held-out split,not_applicable,no_penalty,best_run_se_scaled,best_run_score_se,5,20,0.8655844155844157,"[0.9285714285714286, 0.9112554112554112, 0.8636363636363638, 0.829004329004329, 0.7954545454545454]",0.05548265489240228,0.024812597582314556,0.014458874458874393,0.0164297309262629,True,absolute_regret_within_best_run_se_scaled_threshold,False,"{""1"": 0.44, ""2"": 0.48, ""3"": 0.4444444444444444, ""4"": 0.4827586206896552}",0.4618007662835249,False,mean_jaccard > higher_locking_score > smaller_feature_count > lower_run_id,regret_constrained_medoid,best_run_se_scaled,0.0,0.030416947288206604,1,roc_auc,"{""candidate_run_seed_rule"": ""42 + run_id"", ""locking_cv_seed"": 42, ""run_seed"": 47}",0.1.0,23bc1fa711668db6643587d66fb26492a2a5697658efe332d00adc4a793dd99b
CGGA,svm_l1,CGGA fixed development/held-out split,not_applicable,penalty,absolute,0.0,1,15,0.8733549783549783,"[0.9264069264069265, 0.880952380952381, 0.9025974025974025, 0.8181818181818183, 0.8386363636363636]",0.044656491424484746,0.01997099009235686,0.0,0.0,True,absolute_regret_within_tolerance,False,{},1.0,True,mean_jaccard > higher_locking_score > smaller_feature_count > lower_run_id,regret_constrained_medoid,absolute,0.0,0.0,1,roc_auc,"{""candidate_run_seed_rule"": ""42 + run_id"", ""locking_cv_seed"": 42, ""run_seed"": 43}",0.1.0,714df5e308bd6b15a73f564440f993753709414b384e0a760ee011e3b1cd4306
CGGA,svm_l1,CGGA fixed development/held-out split,not_applicable,penalty,absolute,0.0,2,15,0.8477489177489177,"[0.9004329004329005, 0.8701298701298701, 0.7943722943722943, 0.841991341991342, 0.8318181818181819]",0.04003907781753226,0.017906019951281212,0.025606060606060632,0.02931919006666835,False,absolute_regret_exceeds_tolerance,False,{},,False,mean_jaccard > higher_locking_score > smaller_feature_count > lower_run_id,regret_constrained_medoid,absolute,0.0,0.0,1,roc_auc,"{""candidate_run_seed_rule"": ""42 + run_id"", ""locking_cv_seed"": 42, ""run_seed"": 44}",0.1.0,714df5e308bd6b15a73f564440f993753709414b384e0a760ee011e3b1cd4306
CGGA,svm_l1,CGGA fixed development/held-out split,not_applicable,penalty,absolute,0.0,3,15,0.8585497835497836,"[0.9025974025974026, 0.8528138528138528, 0.8528138528138528, 0.854978354978355, 0.8295454545454546]",0.02673948741847504,0.01195826231024211,0.01480519480519471,0.016952092988673714,False,absolute_regret_exceeds_tolerance,False,{},,False,mean_jaccard > higher_locking_score > smaller_feature_count > lower_run_id,regret_constrained_medoid,absolute,0.0,0.0,1,roc_auc,"{""candidate_run_seed_rule"": ""42 + run_id"", ""locking_cv_seed"": 42, ""run_seed"": 45}",0.1.0,714df5e308bd6b15a73f564440f993753709414b384e0a760ee011e3b1cd4306
CGGA,svm_l1,CGGA fixed development/held-out split,not_applicable,penalty,absolute,0.0,4,16,0.8702380952380953,"[0.9285714285714286, 0.8722943722943723, 0.8463203463203464, 0.8744588744588746, 0.8295454545454546]",0.03759245519440486,0.016811857051160867,0.0031168831168830735,0.003568861681826018,False,absolute_regret_exceeds_tolerance,False,{},,False,mean_jaccard > higher_locking_score > smaller_feature_count > lower_run_id,regret_constrained_medoid,absolute,0.0,0.0,1,roc_auc,"{""candidate_run_seed_rule"": ""42 + run_id"", ""locking_cv_seed"": 42, ""run_seed"": 46}",0.1.0,714df5e308bd6b15a73f564440f993753709414b384e0a760ee011e3b1cd4306
CGGA,svm_l1,CGGA fixed development/held-out split,not_applicable,penalty,absolute,0.0,5,15,0.8694588744588746,"[0.8766233766233766, 0.9025974025974027, 0.8982683982683983, 0.8311688311688312, 0.8386363636363636]",0.03314979407606438,0.014825038598839957,0.003896103896103731,0.004461077102282395,False,absolute_regret_exceeds_tolerance,False,{},,False,mean_jaccard > higher_locking_score > smaller_feature_count > lower_run_id,regret_constrained_medoid,absolute,0.0,0.0,1,roc_auc,"{""candidate_run_seed_rule"": ""42 + run_id"", ""locking_cv_seed"": 42, ""run_seed"": 47}",0.1.0,714df5e308bd6b15a73f564440f993753709414b384e0a760ee011e3b1cd4306
CGGA,svm_l1,CGGA fixed development/held-out split,not_applicable,penalty,absolute,0.005,1,15,0.8733549783549783,"[0.9264069264069265, 0.880952380952381, 0.9025974025974025, 0.8181818181818183, 0.8386363636363636]",0.044656491424484746,0.01997099009235686,0.0,0.0,True,absolute_regret_within_tolerance,False,"{""4"": 0.47619047619047616, ""5"": 0.42857142857142855}",0.45238095238095233,False,mean_jaccard > higher_locking_score > smaller_feature_count > lower_run_id,regret_constrained_medoid,absolute,0.005,0.005,1,roc_auc,"{""candidate_run_seed_rule"": ""42 + run_id"", ""locking_cv_seed"": 42, ""run_seed"": 43}",0.1.0,4e908b219c8f9a4bac0d46493dc949d9d1a4d2fe54ad85cc2c6b0689981bb112
CGGA,svm_l1,CGGA fixed development/held-out split,not_applicable,penalty,absolute,0.005,2,15,0.8477489177489177,"[0.9004329004329005, 0.8701298701298701, 0.7943722943722943, 0.841991341991342, 0.8318181818181819]",0.04003907781753226,0.017906019951281212,0.025606060606060632,0.02931919006666835,False,absolute_regret_exceeds_tolerance,False,{},,False,mean_jaccard > higher_locking_score > smaller_feature_count > lower_run_id,regret_constrained_medoid,absolute,0.005,0.005,1,roc_auc,"{""candidate_run_seed_rule"": ""42 + run_id"", ""locking_cv_seed"": 42, ""run_seed"": 44}",0.1.0,4e908b219c8f9a4bac0d46493dc949d9d1a4d2fe54ad85cc2c6b0689981bb112
CGGA,svm_l1,CGGA fixed development/held-out split,not_applicable,penalty,absolute,0.005,3,15,0.8585497835497836,"[0.9025974025974026, 0.8528138528138528, 0.8528138528138528, 0.854978354978355, 0.8295454545454546]",0.02673948741847504,0.01195826231024211,0.01480519480519471,0.016952092988673714,False,absolute_regret_exceeds_tolerance,False,{},,False,mean_jaccard > higher_locking_score > smaller_feature_count > lower_run_id,regret_constrained_medoid,absolute,0.005,0.005,1,roc_auc,"{""candidate_run_seed_rule"": ""42 + run_id"", ""locking_cv_seed"": 42, ""run_seed"": 45}",0.1.0,4e908b219c8f9a4bac0d46493dc949d9d1a4d2fe54ad85cc2c6b0689981bb112
CGGA,svm_l1,CGGA fixed development/held-out split,not_applicable,penalty,absolute,0.005,4,16,0.8702380952380953,"[0.9285714285714286, 0.8722943722943723, 0.8463203463203464, 0.8744588744588746, 0.8295454545454546]",0.03759245519440486,0.016811857051160867,0.0031168831168830735,0.003568861681826018,True,absolute_regret_within_tolerance,False,"{""1"": 0.47619047619047616, ""5"": 0.47619047619047616}",0.47619047619047616,True,mean_jaccard > higher_locking_score > smaller_feature_count > lower_run_id,regret_constrained_medoid,absolute,0.005,0.005,1,roc_auc,"{""candidate_run_seed_rule"": ""42 + run_id"", ""locking_cv_seed"": 42, ""run_seed"": 46}",0.1.0,4e908b219c8f9a4bac0d46493dc949d9d1a4d2fe54ad85cc2c6b0689981bb112
CGGA,svm_l1,CGGA fixed development/held-out split,not_applicable,penalty,absolute,0.005,5,15,0.8694588744588746,"[0.8766233766233766, 0.9025974025974027, 0.8982683982683983, 0.8311688311688312, 0.8386363636363636]",0.03314979407606438,0.014825038598839957,0.003896103896103731,0.004461077102282395,True,absolute_regret_within_tolerance,False,"{""1"": 0.42857142857142855, ""4"": 0.47619047619047616}",0.45238095238095233,False,mean_jaccard > higher_locking_score > smaller_feature_count > lower_run_id,regret_constrained_medoid,absolute,0.005,0.005,1,roc_auc,"{""candidate_run_seed_rule"": ""42 + run_id"", ""locking_cv_seed"": 42, ""run_seed"": 47}",0.1.0,4e908b219c8f9a4bac0d46493dc949d9d1a4d2fe54ad85cc2c6b0689981bb112
CGGA,svm_l1,CGGA fixed development/held-out split,not_applicable,penalty,absolute,0.01,1,15,0.8733549783549783,"[0.9264069264069265, 0.880952380952381, 0.9025974025974025, 0.8181818181818183, 0.8386363636363636]",0.044656491424484746,0.01997099009235686,0.0,0.0,True,absolute_regret_within_tolerance,False,"{""4"": 0.47619047619047616, ""5"": 0.42857142857142855}",0.45238095238095233,False,mean_jaccard > higher_locking_score > smaller_feature_count > lower_run_id,regret_constrained_medoid,absolute,0.01,0.01,1,roc_auc,"{""candidate_run_seed_rule"": ""42 + run_id"", ""locking_cv_seed"": 42, ""run_seed"": 43}",0.1.0,fc7ecf42f2f6bc78103fc40ba8ca18b6eb47c749c186b0d1cd0b7c39fdb7ba77
CGGA,svm_l1,CGGA fixed development/held-out split,not_applicable,penalty,absolute,0.01,2,15,0.8477489177489177,"[0.9004329004329005, 0.8701298701298701, 0.7943722943722943, 0.841991341991342, 0.8318181818181819]",0.04003907781753226,0.017906019951281212,0.025606060606060632,0.02931919006666835,False,absolute_regret_exceeds_tolerance,False,{},,False,mean_jaccard > higher_locking_score > smaller_feature_count > lower_run_id,regret_constrained_medoid,absolute,0.01,0.01,1,roc_auc,"{""candidate_run_seed_rule"": ""42 + run_id"", ""locking_cv_seed"": 42, ""run_seed"": 44}",0.1.0,fc7ecf42f2f6bc78103fc40ba8ca18b6eb47c749c186b0d1cd0b7c39fdb7ba77
CGGA,svm_l1,CGGA fixed development/held-out split,not_applicable,penalty,absolute,0.01,3,15,0.8585497835497836,"[0.9025974025974026, 0.8528138528138528, 0.8528138528138528, 0.854978354978355, 0.8295454545454546]",0.02673948741847504,0.01195826231024211,0.01480519480519471,0.016952092988673714,False,absolute_regret_exceeds_tolerance,False,{},,False,mean_jaccard > higher_locking_score > smaller_feature_count > lower_run_id,regret_constrained_medoid,absolute,0.01,0.01,1,roc_auc,"{""candidate_run_seed_rule"": ""42 + run_id"", ""locking_cv_seed"": 42, ""run_seed"": 45}",0.1.0,fc7ecf42f2f6bc78103fc40ba8ca18b6eb47c749c186b0d1cd0b7c39fdb7ba77
CGGA,svm_l1,CGGA fixed development/held-out split,not_applicable,penalty,absolute,0.01,4,16,0.8702380952380953,"[0.9285714285714286, 0.8722943722943723, 0.8463203463203464, 0.8744588744588746, 0.8295454545454546]",0.03759245519440486,0.016811857051160867,0.0031168831168830735,0.003568861681826018,True,absolute_regret_within_tolerance,False,"{""1"": 0.47619047619047616, ""5"": 0.47619047619047616}",0.47619047619047616,True,mean_jaccard > higher_locking_score > smaller_feature_count > lower_run_id,regret_constrained_medoid,absolute,0.01,0.01,1,roc_auc,"{""candidate_run_seed_rule"": ""42 + run_id"", ""locking_cv_seed"": 42, ""run_seed"": 46}",0.1.0,fc7ecf42f2f6bc78103fc40ba8ca18b6eb47c749c186b0d1cd0b7c39fdb7ba77
CGGA,svm_l1,CGGA fixed development/held-out split,not_applicable,penalty,absolute,0.01,5,15,0.8694588744588746,"[0.8766233766233766, 0.9025974025974027, 0.8982683982683983, 0.8311688311688312, 0.8386363636363636]",0.03314979407606438,0.014825038598839957,0.003896103896103731,0.004461077102282395,True,absolute_regret_within_tolerance,False,"{""1"": 0.42857142857142855, ""4"": 0.47619047619047616}",0.45238095238095233,False,mean_jaccard > higher_locking_score > smaller_feature_count > lower_run_id,regret_constrained_medoid,absolute,0.01,0.01,1,roc_auc,"{""candidate_run_seed_rule"": ""42 + run_id"", ""locking_cv_seed"": 42, ""run_seed"": 47}",0.1.0,fc7ecf42f2f6bc78103fc40ba8ca18b6eb47c749c186b0d1cd0b7c39fdb7ba77
CGGA,svm_l1,CGGA fixed development/held-out split,not_applicable,penalty,absolute,0.02,1,15,0.8733549783549783,"[0.9264069264069265, 0.880952380952381, 0.9025974025974025, 0.8181818181818183, 0.8386363636363636]",0.044656491424484746,0.01997099009235686,0.0,0.0,True,absolute_regret_within_tolerance,False,"{""3"": 0.30434782608695654, ""4"": 0.47619047619047616, ""5"": 0.42857142857142855}",0.4030365769496204,False,mean_jaccard > higher_locking_score > smaller_feature_count > lower_run_id,regret_constrained_medoid,absolute,0.02,0.02,1,roc_auc,"{""candidate_run_seed_rule"": ""42 + run_id"", ""locking_cv_seed"": 42, ""run_seed"": 43}",0.1.0,3a890f73a627a7affe8778a206d1f8fe197a457b514add9d790e12bba5360609
CGGA,svm_l1,CGGA fixed development/held-out split,not_applicable,penalty,absolute,0.02,2,15,0.8477489177489177,"[0.9004329004329005, 0.8701298701298701, 0.7943722943722943, 0.841991341991342, 0.8318181818181819]",0.04003907781753226,0.017906019951281212,0.025606060606060632,0.02931919006666835,False,absolute_regret_exceeds_tolerance,False,{},,False,mean_jaccard > higher_locking_score > smaller_feature_count > lower_run_id,regret_constrained_medoid,absolute,0.02,0.02,1,roc_auc,"{""candidate_run_seed_rule"": ""42 + run_id"", ""locking_cv_seed"": 42, ""run_seed"": 44}",0.1.0,3a890f73a627a7affe8778a206d1f8fe197a457b514add9d790e12bba5360609
CGGA,svm_l1,CGGA fixed development/held-out split,not_applicable,penalty,absolute,0.02,3,15,0.8585497835497836,"[0.9025974025974026, 0.8528138528138528, 0.8528138528138528, 0.854978354978355, 0.8295454545454546]",0.02673948741847504,0.01195826231024211,0.01480519480519471,0.016952092988673714,True,absolute_regret_within_tolerance,False,"{""1"": 0.30434782608695654, ""4"": 0.47619047619047616, ""5"": 0.5789473684210527}",0.4531618902328285,False,mean_jaccard > higher_locking_score > smaller_feature_count > lower_run_id,regret_constrained_medoid,absolute,0.02,0.02,1,roc_auc,"{""candidate_run_seed_rule"": ""42 + run_id"", ""locking_cv_seed"": 42, ""run_seed"": 45}",0.1.0,3a890f73a627a7affe8778a206d1f8fe197a457b514add9d790e12bba5360609
CGGA,svm_l1,CGGA fixed development/held-out split,not_applicable,penalty,absolute,0.02,4,16,0.8702380952380953,"[0.9285714285714286, 0.8722943722943723, 0.8463203463203464, 0.8744588744588746, 0.8295454545454546]",0.03759245519440486,0.016811857051160867,0.0031168831168830735,0.003568861681826018,True,absolute_regret_within_tolerance,False,"{""1"": 0.47619047619047616, ""3"": 0.47619047619047616, ""5"": 0.47619047619047616}",0.4761904761904761,False,mean_jaccard > higher_locking_score > smaller_feature_count > lower_run_id,regret_constrained_medoid,absolute,0.02,0.02,1,roc_auc,"{""candidate_run_seed_rule"": ""42 + run_id"", ""locking_cv_seed"": 42, ""run_seed"": 46}",0.1.0,3a890f73a627a7affe8778a206d1f8fe197a457b514add9d790e12bba5360609
CGGA,svm_l1,CGGA fixed development/held-out split,not_applicable,penalty,absolute,0.02,5,15,0.8694588744588746,"[0.8766233766233766, 0.9025974025974027, 0.8982683982683983, 0.8311688311688312, 0.8386363636363636]",0.03314979407606438,0.014825038598839957,0.003896103896103731,0.004461077102282395,True,absolute_regret_within_tolerance,False,"{""1"": 0.42857142857142855, ""3"": 0.5789473684210527, ""4"": 0.47619047619047616}",0.49456975772765244,True,mean_jaccard > higher_locking_score > smaller_feature_count > lower_run_id,regret_constrained_medoid,absolute,0.02,0.02,1,roc_auc,"{""candidate_run_seed_rule"": ""42 + run_id"", ""locking_cv_seed"": 42, ""run_seed"": 47}",0.1.0,3a890f73a627a7affe8778a206d1f8fe197a457b514add9d790e12bba5360609
CGGA,svm_l1,CGGA fixed development/held-out split,not_applicable,penalty,best_run_se_scaled,best_run_score_se,1,15,0.8733549783549783,"[0.9264069264069265, 0.880952380952381, 0.9025974025974025, 0.8181818181818183, 0.8386363636363636]",0.044656491424484746,0.01997099009235686,0.0,0.0,True,absolute_regret_within_best_run_se_scaled_threshold,False,"{""3"": 0.30434782608695654, ""4"": 0.47619047619047616, ""5"": 0.42857142857142855}",0.4030365769496204,False,mean_jaccard > higher_locking_score > smaller_feature_count > lower_run_id,regret_constrained_medoid,best_run_se_scaled,0.0,0.01997099009235686,1,roc_auc,"{""candidate_run_seed_rule"": ""42 + run_id"", ""locking_cv_seed"": 42, ""run_seed"": 43}",0.1.0,23bc1fa711668db6643587d66fb26492a2a5697658efe332d00adc4a793dd99b
CGGA,svm_l1,CGGA fixed development/held-out split,not_applicable,penalty,best_run_se_scaled,best_run_score_se,2,15,0.8477489177489177,"[0.9004329004329005, 0.8701298701298701, 0.7943722943722943, 0.841991341991342, 0.8318181818181819]",0.04003907781753226,0.017906019951281212,0.025606060606060632,0.02931919006666835,False,absolute_regret_exceeds_best_run_se_scaled_threshold,False,{},,False,mean_jaccard > higher_locking_score > smaller_feature_count > lower_run_id,regret_constrained_medoid,best_run_se_scaled,0.0,0.01997099009235686,1,roc_auc,"{""candidate_run_seed_rule"": ""42 + run_id"", ""locking_cv_seed"": 42, ""run_seed"": 44}",0.1.0,23bc1fa711668db6643587d66fb26492a2a5697658efe332d00adc4a793dd99b
CGGA,svm_l1,CGGA fixed development/held-out split,not_applicable,penalty,best_run_se_scaled,best_run_score_se,3,15,0.8585497835497836,"[0.9025974025974026, 0.8528138528138528, 0.8528138528138528, 0.854978354978355, 0.8295454545454546]",0.02673948741847504,0.01195826231024211,0.01480519480519471,0.016952092988673714,True,absolute_regret_within_best_run_se_scaled_threshold,False,"{""1"": 0.30434782608695654, ""4"": 0.47619047619047616, ""5"": 0.5789473684210527}",0.4531618902328285,False,mean_jaccard > higher_locking_score > smaller_feature_count > lower_run_id,regret_constrained_medoid,best_run_se_scaled,0.0,0.01997099009235686,1,roc_auc,"{""candidate_run_seed_rule"": ""42 + run_id"", ""locking_cv_seed"": 42, ""run_seed"": 45}",0.1.0,23bc1fa711668db6643587d66fb26492a2a5697658efe332d00adc4a793dd99b
CGGA,svm_l1,CGGA fixed development/held-out split,not_applicable,penalty,best_run_se_scaled,best_run_score_se,4,16,0.8702380952380953,"[0.9285714285714286, 0.8722943722943723, 0.8463203463203464, 0.8744588744588746, 0.8295454545454546]",0.03759245519440486,0.016811857051160867,0.0031168831168830735,0.003568861681826018,True,absolute_regret_within_best_run_se_scaled_threshold,False,"{""1"": 0.47619047619047616, ""3"": 0.47619047619047616, ""5"": 0.47619047619047616}",0.4761904761904761,False,mean_jaccard > higher_locking_score > smaller_feature_count > lower_run_id,regret_constrained_medoid,best_run_se_scaled,0.0,0.01997099009235686,1,roc_auc,"{""candidate_run_seed_rule"": ""42 + run_id"", ""locking_cv_seed"": 42, ""run_seed"": 46}",0.1.0,23bc1fa711668db6643587d66fb26492a2a5697658efe332d00adc4a793dd99b
CGGA,svm_l1,CGGA fixed development/held-out split,not_applicable,penalty,best_run_se_scaled,best_run_score_se,5,15,0.8694588744588746,"[0.8766233766233766, 0.9025974025974027, 0.8982683982683983, 0.8311688311688312, 0.8386363636363636]",0.03314979407606438,0.014825038598839957,0.003896103896103731,0.004461077102282395,True,absolute_regret_within_best_run_se_scaled_threshold,False,"{""1"": 0.42857142857142855, ""3"": 0.5789473684210527, ""4"": 0.47619047619047616}",0.49456975772765244,True,mean_jaccard > higher_locking_score > smaller_feature_count > lower_run_id,regret_constrained_medoid,best_run_se_scaled,0.0,0.01997099009235686,1,roc_auc,"{""candidate_run_seed_rule"": ""42 + run_id"", ""locking_cv_seed"": 42, ""run_seed"": 47}",0.1.0,23bc1fa711668db6643587d66fb26492a2a5697658efe332d00adc4a793dd99b
CGGA,xgboost,CGGA fixed development/held-out split,not_applicable,no_penalty,absolute,0.0,1,33,0.8571428571428573,"[0.9004329004329005, 0.9437229437229437, 0.8766233766233766, 0.8376623376623378, 0.7272727272727273]",0.08215134075475473,0.03673919647407609,0.010714285714285565,0.012345679012345507,False,absolute_regret_exceeds_tolerance,False,{},,False,mean_jaccard > higher_locking_score > smaller_feature_count > lower_run_id,regret_constrained_medoid,absolute,0.0,0.0,1,roc_auc,"{""candidate_run_seed_rule"": ""42 + run_id"", ""locking_cv_seed"": 42, ""run_seed"": 43}",0.1.0,714df5e308bd6b15a73f564440f993753709414b384e0a760ee011e3b1cd4306
CGGA,xgboost,CGGA fixed development/held-out split,not_applicable,no_penalty,absolute,0.0,2,37,0.8638311688311688,"[0.9047619047619048, 0.9307359307359307, 0.8722943722943723, 0.8181818181818182, 0.7931818181818182]",0.05765932726824508,0.02578603506174065,0.004025974025974044,0.004638982416760215,False,absolute_regret_exceeds_tolerance,False,{},,False,mean_jaccard > higher_locking_score > smaller_feature_count > lower_run_id,regret_constrained_medoid,absolute,0.0,0.0,1,roc_auc,"{""candidate_run_seed_rule"": ""42 + run_id"", ""locking_cv_seed"": 42, ""run_seed"": 44}",0.1.0,714df5e308bd6b15a73f564440f993753709414b384e0a760ee011e3b1cd4306
CGGA,xgboost,CGGA fixed development/held-out split,not_applicable,no_penalty,absolute,0.0,3,35,0.8678571428571429,"[0.9393939393939394, 0.948051948051948, 0.922077922077922, 0.8138528138528138, 0.7159090909090909]",0.10061472429558206,0.04499627261246422,0.0,0.0,True,absolute_regret_within_tolerance,False,{},1.0,True,mean_jaccard > higher_locking_score > smaller_feature_count > lower_run_id,regret_constrained_medoid,absolute,0.0,0.0,1,roc_auc,"{""candidate_run_seed_rule"": ""42 + run_id"", ""locking_cv_seed"": 42, ""run_seed"": 45}",0.1.0,714df5e308bd6b15a73f564440f993753709414b384e0a760ee011e3b1cd4306
CGGA,xgboost,CGGA fixed development/held-out split,not_applicable,no_penalty,absolute,0.0,4,34,0.8481385281385281,"[0.8874458874458875, 0.935064935064935, 0.8441558441558442, 0.8376623376623377, 0.7363636363636363]",0.07368939456723277,0.03295489909462723,0.019718614718614802,0.022721037535852445,False,absolute_regret_exceeds_tolerance,False,{},,False,mean_jaccard > higher_locking_score > smaller_feature_count > lower_run_id,regret_constrained_medoid,absolute,0.0,0.0,1,roc_auc,"{""candidate_run_seed_rule"": ""42 + run_id"", ""locking_cv_seed"": 42, ""run_seed"": 46}",0.1.0,714df5e308bd6b15a73f564440f993753709414b384e0a760ee011e3b1cd4306
CGGA,xgboost,CGGA fixed development/held-out split,not_applicable,no_penalty,absolute,0.0,5,39,0.8431385281385282,"[0.8766233766233766, 0.9264069264069265, 0.9069264069264069, 0.8398268398268398, 0.6659090909090909]",0.10433718825115974,0.04666100910215711,0.024718614718614695,0.028482354408280307,False,absolute_regret_exceeds_tolerance,False,{},,False,mean_jaccard > higher_locking_score > smaller_feature_count > lower_run_id,regret_constrained_medoid,absolute,0.0,0.0,1,roc_auc,"{""candidate_run_seed_rule"": ""42 + run_id"", ""locking_cv_seed"": 42, ""run_seed"": 47}",0.1.0,714df5e308bd6b15a73f564440f993753709414b384e0a760ee011e3b1cd4306
CGGA,xgboost,CGGA fixed development/held-out split,not_applicable,no_penalty,absolute,0.005,1,33,0.8571428571428573,"[0.9004329004329005, 0.9437229437229437, 0.8766233766233766, 0.8376623376623378, 0.7272727272727273]",0.08215134075475473,0.03673919647407609,0.010714285714285565,0.012345679012345507,False,absolute_regret_exceeds_tolerance,False,{},,False,mean_jaccard > higher_locking_score > smaller_feature_count > lower_run_id,regret_constrained_medoid,absolute,0.005,0.005,1,roc_auc,"{""candidate_run_seed_rule"": ""42 + run_id"", ""locking_cv_seed"": 42, ""run_seed"": 43}",0.1.0,4e908b219c8f9a4bac0d46493dc949d9d1a4d2fe54ad85cc2c6b0689981bb112
CGGA,xgboost,CGGA fixed development/held-out split,not_applicable,no_penalty,absolute,0.005,2,37,0.8638311688311688,"[0.9047619047619048, 0.9307359307359307, 0.8722943722943723, 0.8181818181818182, 0.7931818181818182]",0.05765932726824508,0.02578603506174065,0.004025974025974044,0.004638982416760215,True,absolute_regret_within_tolerance,False,"{""3"": 0.38461538461538464}",0.38461538461538464,False,mean_jaccard > higher_locking_score > smaller_feature_count > lower_run_id,regret_constrained_medoid,absolute,0.005,0.005,1,roc_auc,"{""candidate_run_seed_rule"": ""42 + run_id"", ""locking_cv_seed"": 42, ""run_seed"": 44}",0.1.0,4e908b219c8f9a4bac0d46493dc949d9d1a4d2fe54ad85cc2c6b0689981bb112
CGGA,xgboost,CGGA fixed development/held-out split,not_applicable,no_penalty,absolute,0.005,3,35,0.8678571428571429,"[0.9393939393939394, 0.948051948051948, 0.922077922077922, 0.8138528138528138, 0.7159090909090909]",0.10061472429558206,0.04499627261246422,0.0,0.0,True,absolute_regret_within_tolerance,False,"{""2"": 0.38461538461538464}",0.38461538461538464,True,mean_jaccard > higher_locking_score > smaller_feature_count > lower_run_id,regret_constrained_medoid,absolute,0.005,0.005,1,roc_auc,"{""candidate_run_seed_rule"": ""42 + run_id"", ""locking_cv_seed"": 42, ""run_seed"": 45}",0.1.0,4e908b219c8f9a4bac0d46493dc949d9d1a4d2fe54ad85cc2c6b0689981bb112
CGGA,xgboost,CGGA fixed development/held-out split,not_applicable,no_penalty,absolute,0.005,4,34,0.8481385281385281,"[0.8874458874458875, 0.935064935064935, 0.8441558441558442, 0.8376623376623377, 0.7363636363636363]",0.07368939456723277,0.03295489909462723,0.019718614718614802,0.022721037535852445,False,absolute_regret_exceeds_tolerance,False,{},,False,mean_jaccard > higher_locking_score > smaller_feature_count > lower_run_id,regret_constrained_medoid,absolute,0.005,0.005,1,roc_auc,"{""candidate_run_seed_rule"": ""42 + run_id"", ""locking_cv_seed"": 42, ""run_seed"": 46}",0.1.0,4e908b219c8f9a4bac0d46493dc949d9d1a4d2fe54ad85cc2c6b0689981bb112
CGGA,xgboost,CGGA fixed development/held-out split,not_applicable,no_penalty,absolute,0.005,5,39,0.8431385281385282,"[0.8766233766233766, 0.9264069264069265, 0.9069264069264069, 0.8398268398268398, 0.6659090909090909]",0.10433718825115974,0.04666100910215711,0.024718614718614695,0.028482354408280307,False,absolute_regret_exceeds_tolerance,False,{},,False,mean_jaccard > higher_locking_score > smaller_feature_count > lower_run_id,regret_constrained_medoid,absolute,0.005,0.005,1,roc_auc,"{""candidate_run_seed_rule"": ""42 + run_id"", ""locking_cv_seed"": 42, ""run_seed"": 47}",0.1.0,4e908b219c8f9a4bac0d46493dc949d9d1a4d2fe54ad85cc2c6b0689981bb112
CGGA,xgboost,CGGA fixed development/held-out split,not_applicable,no_penalty,absolute,0.01,1,33,0.8571428571428573,"[0.9004329004329005, 0.9437229437229437, 0.8766233766233766, 0.8376623376623378, 0.7272727272727273]",0.08215134075475473,0.03673919647407609,0.010714285714285565,0.012345679012345507,False,absolute_regret_exceeds_tolerance,False,{},,False,mean_jaccard > higher_locking_score > smaller_feature_count > lower_run_id,regret_constrained_medoid,absolute,0.01,0.01,1,roc_auc,"{""candidate_run_seed_rule"": ""42 + run_id"", ""locking_cv_seed"": 42, ""run_seed"": 43}",0.1.0,fc7ecf42f2f6bc78103fc40ba8ca18b6eb47c749c186b0d1cd0b7c39fdb7ba77
CGGA,xgboost,CGGA fixed development/held-out split,not_applicable,no_penalty,absolute,0.01,2,37,0.8638311688311688,"[0.9047619047619048, 0.9307359307359307, 0.8722943722943723, 0.8181818181818182, 0.7931818181818182]",0.05765932726824508,0.02578603506174065,0.004025974025974044,0.004638982416760215,True,absolute_regret_within_tolerance,False,"{""3"": 0.38461538461538464}",0.38461538461538464,False,mean_jaccard > higher_locking_score > smaller_feature_count > lower_run_id,regret_constrained_medoid,absolute,0.01,0.01,1,roc_auc,"{""candidate_run_seed_rule"": ""42 + run_id"", ""locking_cv_seed"": 42, ""run_seed"": 44}",0.1.0,fc7ecf42f2f6bc78103fc40ba8ca18b6eb47c749c186b0d1cd0b7c39fdb7ba77
CGGA,xgboost,CGGA fixed development/held-out split,not_applicable,no_penalty,absolute,0.01,3,35,0.8678571428571429,"[0.9393939393939394, 0.948051948051948, 0.922077922077922, 0.8138528138528138, 0.7159090909090909]",0.10061472429558206,0.04499627261246422,0.0,0.0,True,absolute_regret_within_tolerance,False,"{""2"": 0.38461538461538464}",0.38461538461538464,True,mean_jaccard > higher_locking_score > smaller_feature_count > lower_run_id,regret_constrained_medoid,absolute,0.01,0.01,1,roc_auc,"{""candidate_run_seed_rule"": ""42 + run_id"", ""locking_cv_seed"": 42, ""run_seed"": 45}",0.1.0,fc7ecf42f2f6bc78103fc40ba8ca18b6eb47c749c186b0d1cd0b7c39fdb7ba77
CGGA,xgboost,CGGA fixed development/held-out split,not_applicable,no_penalty,absolute,0.01,4,34,0.8481385281385281,"[0.8874458874458875, 0.935064935064935, 0.8441558441558442, 0.8376623376623377, 0.7363636363636363]",0.07368939456723277,0.03295489909462723,0.019718614718614802,0.022721037535852445,False,absolute_regret_exceeds_tolerance,False,{},,False,mean_jaccard > higher_locking_score > smaller_feature_count > lower_run_id,regret_constrained_medoid,absolute,0.01,0.01,1,roc_auc,"{""candidate_run_seed_rule"": ""42 + run_id"", ""locking_cv_seed"": 42, ""run_seed"": 46}",0.1.0,fc7ecf42f2f6bc78103fc40ba8ca18b6eb47c749c186b0d1cd0b7c39fdb7ba77
CGGA,xgboost,CGGA fixed development/held-out split,not_applicable,no_penalty,absolute,0.01,5,39,0.8431385281385282,"[0.8766233766233766, 0.9264069264069265, 0.9069264069264069, 0.8398268398268398, 0.6659090909090909]",0.10433718825115974,0.04666100910215711,0.024718614718614695,0.028482354408280307,False,absolute_regret_exceeds_tolerance,False,{},,False,mean_jaccard > higher_locking_score > smaller_feature_count > lower_run_id,regret_constrained_medoid,absolute,0.01,0.01,1,roc_auc,"{""candidate_run_seed_rule"": ""42 + run_id"", ""locking_cv_seed"": 42, ""run_seed"": 47}",0.1.0,fc7ecf42f2f6bc78103fc40ba8ca18b6eb47c749c186b0d1cd0b7c39fdb7ba77
CGGA,xgboost,CGGA fixed development/held-out split,not_applicable,no_penalty,absolute,0.02,1,33,0.8571428571428573,"[0.9004329004329005, 0.9437229437229437, 0.8766233766233766, 0.8376623376623378, 0.7272727272727273]",0.08215134075475473,0.03673919647407609,0.010714285714285565,0.012345679012345507,True,absolute_regret_within_tolerance,False,"{""2"": 0.32075471698113206, ""3"": 0.36, ""4"": 0.34}",0.34025157232704406,False,mean_jaccard > higher_locking_score > smaller_feature_count > lower_run_id,regret_constrained_medoid,absolute,0.02,0.02,1,roc_auc,"{""candidate_run_seed_rule"": ""42 + run_id"", ""locking_cv_seed"": 42, ""run_seed"": 43}",0.1.0,3a890f73a627a7affe8778a206d1f8fe197a457b514add9d790e12bba5360609
CGGA,xgboost,CGGA fixed development/held-out split,not_applicable,no_penalty,absolute,0.02,2,37,0.8638311688311688,"[0.9047619047619048, 0.9307359307359307, 0.8722943722943723, 0.8181818181818182, 0.7931818181818182]",0.05765932726824508,0.02578603506174065,0.004025974025974044,0.004638982416760215,True,absolute_regret_within_tolerance,False,"{""1"": 0.32075471698113206, ""3"": 0.38461538461538464, ""4"": 0.33962264150943394}",0.3483309143686502,False,mean_jaccard > higher_locking_score > smaller_feature_count > lower_run_id,regret_constrained_medoid,absolute,0.02,0.02,1,roc_auc,"{""candidate_run_seed_rule"": ""42 + run_id"", ""locking_cv_seed"": 42, ""run_seed"": 44}",0.1.0,3a890f73a627a7affe8778a206d1f8fe197a457b514add9d790e12bba5360609
CGGA,xgboost,CGGA fixed development/held-out split,not_applicable,no_penalty,absolute,0.02,3,35,0.8678571428571429,"[0.9393939393939394, 0.948051948051948, 0.922077922077922, 0.8138528138528138, 0.7159090909090909]",0.10061472429558206,0.04499627261246422,0.0,0.0,True,absolute_regret_within_tolerance,False,"{""1"": 0.36, ""2"": 0.38461538461538464, ""4"": 0.3018867924528302}",0.3488340590227383,True,mean_jaccard > higher_locking_score > smaller_feature_count > lower_run_id,regret_constrained_medoid,absolute,0.02,0.02,1,roc_auc,"{""candidate_run_seed_rule"": ""42 + run_id"", ""locking_cv_seed"": 42, ""run_seed"": 45}",0.1.0,3a890f73a627a7affe8778a206d1f8fe197a457b514add9d790e12bba5360609
CGGA,xgboost,CGGA fixed development/held-out split,not_applicable,no_penalty,absolute,0.02,4,34,0.8481385281385281,"[0.8874458874458875, 0.935064935064935, 0.8441558441558442, 0.8376623376623377, 0.7363636363636363]",0.07368939456723277,0.03295489909462723,0.019718614718614802,0.022721037535852445,True,absolute_regret_within_tolerance,False,"{""1"": 0.34, ""2"": 0.33962264150943394, ""3"": 0.3018867924528302}",0.3271698113207547,False,mean_jaccard > higher_locking_score > smaller_feature_count > lower_run_id,regret_constrained_medoid,absolute,0.02,0.02,1,roc_auc,"{""candidate_run_seed_rule"": ""42 + run_id"", ""locking_cv_seed"": 42, ""run_seed"": 46}",0.1.0,3a890f73a627a7affe8778a206d1f8fe197a457b514add9d790e12bba5360609
CGGA,xgboost,CGGA fixed development/held-out split,not_applicable,no_penalty,absolute,0.02,5,39,0.8431385281385282,"[0.8766233766233766, 0.9264069264069265, 0.9069264069264069, 0.8398268398268398, 0.6659090909090909]",0.10433718825115974,0.04666100910215711,0.024718614718614695,0.028482354408280307,False,absolute_regret_exceeds_tolerance,False,{},,False,mean_jaccard > higher_locking_score > smaller_feature_count > lower_run_id,regret_constrained_medoid,absolute,0.02,0.02,1,roc_auc,"{""candidate_run_seed_rule"": ""42 + run_id"", ""locking_cv_seed"": 42, ""run_seed"": 47}",0.1.0,3a890f73a627a7affe8778a206d1f8fe197a457b514add9d790e12bba5360609
CGGA,xgboost,CGGA fixed development/held-out split,not_applicable,no_penalty,best_run_se_scaled,best_run_score_se,1,33,0.8571428571428573,"[0.9004329004329005, 0.9437229437229437, 0.8766233766233766, 0.8376623376623378, 0.7272727272727273]",0.08215134075475473,0.03673919647407609,0.010714285714285565,0.012345679012345507,True,absolute_regret_within_best_run_se_scaled_threshold,False,"{""2"": 0.32075471698113206, ""3"": 0.36, ""4"": 0.34, ""5"": 0.38461538461538464}",0.3513425253991292,False,mean_jaccard > higher_locking_score > smaller_feature_count > lower_run_id,regret_constrained_medoid,best_run_se_scaled,0.0,0.04499627261246422,1,roc_auc,"{""candidate_run_seed_rule"": ""42 + run_id"", ""locking_cv_seed"": 42, ""run_seed"": 43}",0.1.0,23bc1fa711668db6643587d66fb26492a2a5697658efe332d00adc4a793dd99b
CGGA,xgboost,CGGA fixed development/held-out split,not_applicable,no_penalty,best_run_se_scaled,best_run_score_se,2,37,0.8638311688311688,"[0.9047619047619048, 0.9307359307359307, 0.8722943722943723, 0.8181818181818182, 0.7931818181818182]",0.05765932726824508,0.02578603506174065,0.004025974025974044,0.004638982416760215,True,absolute_regret_within_best_run_se_scaled_threshold,False,"{""1"": 0.32075471698113206, ""3"": 0.38461538461538464, ""4"": 0.33962264150943394, ""5"": 0.46153846153846156}",0.3766328011611031,False,mean_jaccard > higher_locking_score > smaller_feature_count > lower_run_id,regret_constrained_medoid,best_run_se_scaled,0.0,0.04499627261246422,1,roc_auc,"{""candidate_run_seed_rule"": ""42 + run_id"", ""locking_cv_seed"": 42, ""run_seed"": 44}",0.1.0,23bc1fa711668db6643587d66fb26492a2a5697658efe332d00adc4a793dd99b
CGGA,xgboost,CGGA fixed development/held-out split,not_applicable,no_penalty,best_run_se_scaled,best_run_score_se,3,35,0.8678571428571429,"[0.9393939393939394, 0.948051948051948, 0.922077922077922, 0.8138528138528138, 0.7159090909090909]",0.10061472429558206,0.04499627261246422,0.0,0.0,True,absolute_regret_within_best_run_se_scaled_threshold,False,"{""1"": 0.36, ""2"": 0.38461538461538464, ""4"": 0.3018867924528302, ""5"": 0.39622641509433965}",0.3606821480406386,False,mean_jaccard > higher_locking_score > smaller_feature_count > lower_run_id,regret_constrained_medoid,best_run_se_scaled,0.0,0.04499627261246422,1,roc_auc,"{""candidate_run_seed_rule"": ""42 + run_id"", ""locking_cv_seed"": 42, ""run_seed"": 45}",0.1.0,23bc1fa711668db6643587d66fb26492a2a5697658efe332d00adc4a793dd99b
CGGA,xgboost,CGGA fixed development/held-out split,not_applicable,no_penalty,best_run_se_scaled,best_run_score_se,4,34,0.8481385281385281,"[0.8874458874458875, 0.935064935064935, 0.8441558441558442, 0.8376623376623377, 0.7363636363636363]",0.07368939456723277,0.03295489909462723,0.019718614718614802,0.022721037535852445,True,absolute_regret_within_best_run_se_scaled_threshold,False,"{""1"": 0.34, ""2"": 0.33962264150943394, ""3"": 0.3018867924528302, ""5"": 0.40384615384615385}",0.3463388969521045,False,mean_jaccard > higher_locking_score > smaller_feature_count > lower_run_id,regret_constrained_medoid,best_run_se_scaled,0.0,0.04499627261246422,1,roc_auc,"{""candidate_run_seed_rule"": ""42 + run_id"", ""locking_cv_seed"": 42, ""run_seed"": 46}",0.1.0,23bc1fa711668db6643587d66fb26492a2a5697658efe332d00adc4a793dd99b
CGGA,xgboost,CGGA fixed development/held-out split,not_applicable,no_penalty,best_run_se_scaled,best_run_score_se,5,39,0.8431385281385282,"[0.8766233766233766, 0.9264069264069265, 0.9069264069264069, 0.8398268398268398, 0.6659090909090909]",0.10433718825115974,0.04666100910215711,0.024718614718614695,0.028482354408280307,True,absolute_regret_within_best_run_se_scaled_threshold,False,"{""1"": 0.38461538461538464, ""2"": 0.46153846153846156, ""3"": 0.39622641509433965, ""4"": 0.40384615384615385}",0.41155660377358494,True,mean_jaccard > higher_locking_score > smaller_feature_count > lower_run_id,regret_constrained_medoid,best_run_se_scaled,0.0,0.04499627261246422,1,roc_auc,"{""candidate_run_seed_rule"": ""42 + run_id"", ""locking_cv_seed"": 42, ""run_seed"": 47}",0.1.0,23bc1fa711668db6643587d66fb26492a2a5697658efe332d00adc4a793dd99b
CGGA,xgboost,CGGA fixed development/held-out split,not_applicable,penalty,absolute,0.0,1,19,0.8455627705627705,"[0.867965367965368, 0.9264069264069265, 0.8744588744588745, 0.7748917748917749, 0.7840909090909091]",0.06450933674061664,0.028849452427088702,0.0031818181818181746,0.0037488523921248513,False,absolute_regret_exceeds_tolerance,False,{},,False,mean_jaccard > higher_locking_score > smaller_feature_count > lower_run_id,regret_constrained_medoid,absolute,0.0,0.0,1,roc_auc,"{""candidate_run_seed_rule"": ""42 + run_id"", ""locking_cv_seed"": 42, ""run_seed"": 43}",0.1.0,714df5e308bd6b15a73f564440f993753709414b384e0a760ee011e3b1cd4306
CGGA,xgboost,CGGA fixed development/held-out split,not_applicable,penalty,absolute,0.0,2,20,0.8487445887445887,"[0.8571428571428572, 0.8679653679653679, 0.8896103896103896, 0.829004329004329, 0.8]",0.034913091143719245,0.015613609020400421,0.0,0.0,True,absolute_regret_within_tolerance,False,{},1.0,True,mean_jaccard > higher_locking_score > smaller_feature_count > lower_run_id,regret_constrained_medoid,absolute,0.0,0.0,1,roc_auc,"{""candidate_run_seed_rule"": ""42 + run_id"", ""locking_cv_seed"": 42, ""run_seed"": 44}",0.1.0,714df5e308bd6b15a73f564440f993753709414b384e0a760ee011e3b1cd4306
CGGA,xgboost,CGGA fixed development/held-out split,not_applicable,penalty,absolute,0.0,3,20,0.8401948051948052,"[0.8376623376623377, 0.8917748917748918, 0.9112554112554113, 0.8852813852813852, 0.675]",0.09622714251234693,0.04303408638763352,0.00854978354978353,0.010073446904008954,False,absolute_regret_exceeds_tolerance,False,{},,False,mean_jaccard > higher_locking_score > smaller_feature_count > lower_run_id,regret_constrained_medoid,absolute,0.0,0.0,1,roc_auc,"{""candidate_run_seed_rule"": ""42 + run_id"", ""locking_cv_seed"": 42, ""run_seed"": 45}",0.1.0,714df5e308bd6b15a73f564440f993753709414b384e0a760ee011e3b1cd4306
CGGA,xgboost,CGGA fixed development/held-out split,not_applicable,penalty,absolute,0.0,4,20,0.8160173160173161,"[0.8679653679653679, 0.8549783549783551, 0.8593073593073592, 0.7705627705627706, 0.7272727272727272]",0.06330937576714143,0.028312813565681227,0.032727272727272605,0.038559624604712704,False,absolute_regret_exceeds_tolerance,False,{},,False,mean_jaccard > higher_locking_score > smaller_feature_count > lower_run_id,regret_constrained_medoid,absolute,0.0,0.0,1,roc_auc,"{""candidate_run_seed_rule"": ""42 + run_id"", ""locking_cv_seed"": 42, ""run_seed"": 46}",0.1.0,714df5e308bd6b15a73f564440f993753709414b384e0a760ee011e3b1cd4306
CGGA,xgboost,CGGA fixed development/held-out split,not_applicable,penalty,absolute,0.0,5,21,0.8474458874458876,"[0.8982683982683982, 0.9588744588744589, 0.8831168831168832, 0.7878787878787878, 0.7090909090909091]",0.09869398848906648,0.044137293446426876,0.0012987012987011326,0.0015301438335201553,False,absolute_regret_exceeds_tolerance,False,{},,False,mean_jaccard > higher_locking_score > smaller_feature_count > lower_run_id,regret_constrained_medoid,absolute,0.0,0.0,1,roc_auc,"{""candidate_run_seed_rule"": ""42 + run_id"", ""locking_cv_seed"": 42, ""run_seed"": 47}",0.1.0,714df5e308bd6b15a73f564440f993753709414b384e0a760ee011e3b1cd4306
CGGA,xgboost,CGGA fixed development/held-out split,not_applicable,penalty,absolute,0.005,1,19,0.8455627705627705,"[0.867965367965368, 0.9264069264069265, 0.8744588744588745, 0.7748917748917749, 0.7840909090909091]",0.06450933674061664,0.028849452427088702,0.0031818181818181746,0.0037488523921248513,True,absolute_regret_within_tolerance,False,"{""2"": 0.3, ""5"": 0.2903225806451613}",0.29516129032258065,True,mean_jaccard > higher_locking_score > smaller_feature_count > lower_run_id,regret_constrained_medoid,absolute,0.005,0.005,1,roc_auc,"{""candidate_run_seed_rule"": ""42 + run_id"", ""locking_cv_seed"": 42, ""run_seed"": 43}",0.1.0,4e908b219c8f9a4bac0d46493dc949d9d1a4d2fe54ad85cc2c6b0689981bb112
CGGA,xgboost,CGGA fixed development/held-out split,not_applicable,penalty,absolute,0.005,2,20,0.8487445887445887,"[0.8571428571428572, 0.8679653679653679, 0.8896103896103896, 0.829004329004329, 0.8]",0.034913091143719245,0.015613609020400421,0.0,0.0,True,absolute_regret_within_tolerance,False,"{""1"": 0.3, ""5"": 0.24242424242424243}",0.27121212121212124,False,mean_jaccard > higher_locking_score > smaller_feature_count > lower_run_id,regret_constrained_medoid,absolute,0.005,0.005,1,roc_auc,"{""candidate_run_seed_rule"": ""42 + run_id"", ""locking_cv_seed"": 42, ""run_seed"": 44}",0.1.0,4e908b219c8f9a4bac0d46493dc949d9d1a4d2fe54ad85cc2c6b0689981bb112
CGGA,xgboost,CGGA fixed development/held-out split,not_applicable,penalty,absolute,0.005,3,20,0.8401948051948052,"[0.8376623376623377, 0.8917748917748918, 0.9112554112554113, 0.8852813852813852, 0.675]",0.09622714251234693,0.04303408638763352,0.00854978354978353,0.010073446904008954,False,absolute_regret_exceeds_tolerance,False,{},,False,mean_jaccard > higher_locking_score > smaller_feature_count > lower_run_id,regret_constrained_medoid,absolute,0.005,0.005,1,roc_auc,"{""candidate_run_seed_rule"": ""42 + run_id"", ""locking_cv_seed"": 42, ""run_seed"": 45}",0.1.0,4e908b219c8f9a4bac0d46493dc949d9d1a4d2fe54ad85cc2c6b0689981bb112
CGGA,xgboost,CGGA fixed development/held-out split,not_applicable,penalty,absolute,0.005,4,20,0.8160173160173161,"[0.8679653679653679, 0.8549783549783551, 0.8593073593073592, 0.7705627705627706, 0.7272727272727272]",0.06330937576714143,0.028312813565681227,0.032727272727272605,0.038559624604712704,False,absolute_regret_exceeds_tolerance,False,{},,False,mean_jaccard > higher_locking_score > smaller_feature_count > lower_run_id,regret_constrained_medoid,absolute,0.005,0.005,1,roc_auc,"{""candidate_run_seed_rule"": ""42 + run_id"", ""locking_cv_seed"": 42, ""run_seed"": 46}",0.1.0,4e908b219c8f9a4bac0d46493dc949d9d1a4d2fe54ad85cc2c6b0689981bb112
CGGA,xgboost,CGGA fixed development/held-out split,not_applicable,penalty,absolute,0.005,5,21,0.8474458874458876,"[0.8982683982683982, 0.9588744588744589, 0.8831168831168832, 0.7878787878787878, 0.7090909090909091]",0.09869398848906648,0.044137293446426876,0.0012987012987011326,0.0015301438335201553,True,absolute_regret_within_tolerance,False,"{""1"": 0.2903225806451613, ""2"": 0.24242424242424243}",0.26637341153470184,False,mean_jaccard > higher_locking_score > smaller_feature_count > lower_run_id,regret_constrained_medoid,absolute,0.005,0.005,1,roc_auc,"{""candidate_run_seed_rule"": ""42 + run_id"", ""locking_cv_seed"": 42, ""run_seed"": 47}",0.1.0,4e908b219c8f9a4bac0d46493dc949d9d1a4d2fe54ad85cc2c6b0689981bb112
CGGA,xgboost,CGGA fixed development/held-out split,not_applicable,penalty,absolute,0.01,1,19,0.8455627705627705,"[0.867965367965368, 0.9264069264069265, 0.8744588744588745, 0.7748917748917749, 0.7840909090909091]",0.06450933674061664,0.028849452427088702,0.0031818181818181746,0.0037488523921248513,True,absolute_regret_within_tolerance,False,"{""2"": 0.3, ""3"": 0.14705882352941177, ""5"": 0.2903225806451613}",0.24579380139152432,False,mean_jaccard > higher_locking_score > smaller_feature_count > lower_run_id,regret_constrained_medoid,absolute,0.01,0.01,1,roc_auc,"{""candidate_run_seed_rule"": ""42 + run_id"", ""locking_cv_seed"": 42, ""run_seed"": 43}",0.1.0,fc7ecf42f2f6bc78103fc40ba8ca18b6eb47c749c186b0d1cd0b7c39fdb7ba77
CGGA,xgboost,CGGA fixed development/held-out split,not_applicable,penalty,absolute,0.01,2,20,0.8487445887445887,"[0.8571428571428572, 0.8679653679653679, 0.8896103896103896, 0.829004329004329, 0.8]",0.034913091143719245,0.015613609020400421,0.0,0.0,True,absolute_regret_within_tolerance,False,"{""1"": 0.3, ""3"": 0.17647058823529413, ""5"": 0.24242424242424243}",0.2396316102198455,False,mean_jaccard > higher_locking_score > smaller_feature_count > lower_run_id,regret_constrained_medoid,absolute,0.01,0.01,1,roc_auc,"{""candidate_run_seed_rule"": ""42 + run_id"", ""locking_cv_seed"": 42, ""run_seed"": 44}",0.1.0,fc7ecf42f2f6bc78103fc40ba8ca18b6eb47c749c186b0d1cd0b7c39fdb7ba77
CGGA,xgboost,CGGA fixed development/held-out split,not_applicable,penalty,absolute,0.01,3,20,0.8401948051948052,"[0.8376623376623377, 0.8917748917748918, 0.9112554112554113, 0.8852813852813852, 0.675]",0.09622714251234693,0.04303408638763352,0.00854978354978353,0.010073446904008954,True,absolute_regret_within_tolerance,False,"{""1"": 0.14705882352941177, ""2"": 0.17647058823529413, ""5"": 0.20588235294117646}",0.17647058823529413,False,mean_jaccard > higher_locking_score > smaller_feature_count > lower_run_id,regret_constrained_medoid,absolute,0.01,0.01,1,roc_auc,"{""candidate_run_seed_rule"": ""42 + run_id"", ""locking_cv_seed"": 42, ""run_seed"": 45}",0.1.0,fc7ecf42f2f6bc78103fc40ba8ca18b6eb47c749c186b0d1cd0b7c39fdb7ba77
CGGA,xgboost,CGGA fixed development/held-out split,not_applicable,penalty,absolute,0.01,4,20,0.8160173160173161,"[0.8679653679653679, 0.8549783549783551, 0.8593073593073592, 0.7705627705627706, 0.7272727272727272]",0.06330937576714143,0.028312813565681227,0.032727272727272605,0.038559624604712704,False,absolute_regret_exceeds_tolerance,False,{},,False,mean_jaccard > higher_locking_score > smaller_feature_count > lower_run_id,regret_constrained_medoid,absolute,0.01,0.01,1,roc_auc,"{""candidate_run_seed_rule"": ""42 + run_id"", ""locking_cv_seed"": 42, ""run_seed"": 46}",0.1.0,fc7ecf42f2f6bc78103fc40ba8ca18b6eb47c749c186b0d1cd0b7c39fdb7ba77
CGGA,xgboost,CGGA fixed development/held-out split,not_applicable,penalty,absolute,0.01,5,21,0.8474458874458876,"[0.8982683982683982, 0.9588744588744589, 0.8831168831168832, 0.7878787878787878, 0.7090909090909091]",0.09869398848906648,0.044137293446426876,0.0012987012987011326,0.0015301438335201553,True,absolute_regret_within_tolerance,False,"{""1"": 0.2903225806451613, ""2"": 0.24242424242424243, ""3"": 0.20588235294117646}",0.24620972533686003,True,mean_jaccard > higher_locking_score > smaller_feature_count > lower_run_id,regret_constrained_medoid,absolute,0.01,0.01,1,roc_auc,"{""candidate_run_seed_rule"": ""42 + run_id"", ""locking_cv_seed"": 42, ""run_seed"": 47}",0.1.0,fc7ecf42f2f6bc78103fc40ba8ca18b6eb47c749c186b0d1cd0b7c39fdb7ba77
CGGA,xgboost,CGGA fixed development/held-out split,not_applicable,penalty,absolute,0.02,1,19,0.8455627705627705,"[0.867965367965368, 0.9264069264069265, 0.8744588744588745, 0.7748917748917749, 0.7840909090909091]",0.06450933674061664,0.028849452427088702,0.0031818181818181746,0.0037488523921248513,True,absolute_regret_within_tolerance,False,"{""2"": 0.3, ""3"": 0.14705882352941177, ""5"": 0.2903225806451613}",0.24579380139152432,False,mean_jaccard > higher_locking_score > smaller_feature_count > lower_run_id,regret_constrained_medoid,absolute,0.02,0.02,1,roc_auc,"{""candidate_run_seed_rule"": ""42 + run_id"", ""locking_cv_seed"": 42, ""run_seed"": 43}",0.1.0,3a890f73a627a7affe8778a206d1f8fe197a457b514add9d790e12bba5360609
CGGA,xgboost,CGGA fixed development/held-out split,not_applicable,penalty,absolute,0.02,2,20,0.8487445887445887,"[0.8571428571428572, 0.8679653679653679, 0.8896103896103896, 0.829004329004329, 0.8]",0.034913091143719245,0.015613609020400421,0.0,0.0,True,absolute_regret_within_tolerance,False,"{""1"": 0.3, ""3"": 0.17647058823529413, ""5"": 0.24242424242424243}",0.2396316102198455,False,mean_jaccard > higher_locking_score > smaller_feature_count > lower_run_id,regret_constrained_medoid,absolute,0.02,0.02,1,roc_auc,"{""candidate_run_seed_rule"": ""42 + run_id"", ""locking_cv_seed"": 42, ""run_seed"": 44}",0.1.0,3a890f73a627a7affe8778a206d1f8fe197a457b514add9d790e12bba5360609
CGGA,xgboost,CGGA fixed development/held-out split,not_applicable,penalty,absolute,0.02,3,20,0.8401948051948052,"[0.8376623376623377, 0.8917748917748918, 0.9112554112554113, 0.8852813852813852, 0.675]",0.09622714251234693,0.04303408638763352,0.00854978354978353,0.010073446904008954,True,absolute_regret_within_tolerance,False,"{""1"": 0.14705882352941177, ""2"": 0.17647058823529413, ""5"": 0.20588235294117646}",0.17647058823529413,False,mean_jaccard > higher_locking_score > smaller_feature_count > lower_run_id,regret_constrained_medoid,absolute,0.02,0.02,1,roc_auc,"{""candidate_run_seed_rule"": ""42 + run_id"", ""locking_cv_seed"": 42, ""run_seed"": 45}",0.1.0,3a890f73a627a7affe8778a206d1f8fe197a457b514add9d790e12bba5360609
CGGA,xgboost,CGGA fixed development/held-out split,not_applicable,penalty,absolute,0.02,4,20,0.8160173160173161,"[0.8679653679653679, 0.8549783549783551, 0.8593073593073592, 0.7705627705627706, 0.7272727272727272]",0.06330937576714143,0.028312813565681227,0.032727272727272605,0.038559624604712704,False,absolute_regret_exceeds_tolerance,False,{},,False,mean_jaccard > higher_locking_score > smaller_feature_count > lower_run_id,regret_constrained_medoid,absolute,0.02,0.02,1,roc_auc,"{""candidate_run_seed_rule"": ""42 + run_id"", ""locking_cv_seed"": 42, ""run_seed"": 46}",0.1.0,3a890f73a627a7affe8778a206d1f8fe197a457b514add9d790e12bba5360609
CGGA,xgboost,CGGA fixed development/held-out split,not_applicable,penalty,absolute,0.02,5,21,0.8474458874458876,"[0.8982683982683982, 0.9588744588744589, 0.8831168831168832, 0.7878787878787878, 0.7090909090909091]",0.09869398848906648,0.044137293446426876,0.0012987012987011326,0.0015301438335201553,True,absolute_regret_within_tolerance,False,"{""1"": 0.2903225806451613, ""2"": 0.24242424242424243, ""3"": 0.20588235294117646}",0.24620972533686003,True,mean_jaccard > higher_locking_score > smaller_feature_count > lower_run_id,regret_constrained_medoid,absolute,0.02,0.02,1,roc_auc,"{""candidate_run_seed_rule"": ""42 + run_id"", ""locking_cv_seed"": 42, ""run_seed"": 47}",0.1.0,3a890f73a627a7affe8778a206d1f8fe197a457b514add9d790e12bba5360609
CGGA,xgboost,CGGA fixed development/held-out split,not_applicable,penalty,best_run_se_scaled,best_run_score_se,1,19,0.8455627705627705,"[0.867965367965368, 0.9264069264069265, 0.8744588744588745, 0.7748917748917749, 0.7840909090909091]",0.06450933674061664,0.028849452427088702,0.0031818181818181746,0.0037488523921248513,True,absolute_regret_within_best_run_se_scaled_threshold,False,"{""2"": 0.3, ""3"": 0.14705882352941177, ""5"": 0.2903225806451613}",0.24579380139152432,False,mean_jaccard > higher_locking_score > smaller_feature_count > lower_run_id,regret_constrained_medoid,best_run_se_scaled,0.0,0.015613609020400421,1,roc_auc,"{""candidate_run_seed_rule"": ""42 + run_id"", ""locking_cv_seed"": 42, ""run_seed"": 43}",0.1.0,23bc1fa711668db6643587d66fb26492a2a5697658efe332d00adc4a793dd99b
CGGA,xgboost,CGGA fixed development/held-out split,not_applicable,penalty,best_run_se_scaled,best_run_score_se,2,20,0.8487445887445887,"[0.8571428571428572, 0.8679653679653679, 0.8896103896103896, 0.829004329004329, 0.8]",0.034913091143719245,0.015613609020400421,0.0,0.0,True,absolute_regret_within_best_run_se_scaled_threshold,False,"{""1"": 0.3, ""3"": 0.17647058823529413, ""5"": 0.24242424242424243}",0.2396316102198455,False,mean_jaccard > higher_locking_score > smaller_feature_count > lower_run_id,regret_constrained_medoid,best_run_se_scaled,0.0,0.015613609020400421,1,roc_auc,"{""candidate_run_seed_rule"": ""42 + run_id"", ""locking_cv_seed"": 42, ""run_seed"": 44}",0.1.0,23bc1fa711668db6643587d66fb26492a2a5697658efe332d00adc4a793dd99b
CGGA,xgboost,CGGA fixed development/held-out split,not_applicable,penalty,best_run_se_scaled,best_run_score_se,3,20,0.8401948051948052,"[0.8376623376623377, 0.8917748917748918, 0.9112554112554113, 0.8852813852813852, 0.675]",0.09622714251234693,0.04303408638763352,0.00854978354978353,0.010073446904008954,True,absolute_regret_within_best_run_se_scaled_threshold,False,"{""1"": 0.14705882352941177, ""2"": 0.17647058823529413, ""5"": 0.20588235294117646}",0.17647058823529413,False,mean_jaccard > higher_locking_score > smaller_feature_count > lower_run_id,regret_constrained_medoid,best_run_se_scaled,0.0,0.015613609020400421,1,roc_auc,"{""candidate_run_seed_rule"": ""42 + run_id"", ""locking_cv_seed"": 42, ""run_seed"": 45}",0.1.0,23bc1fa711668db6643587d66fb26492a2a5697658efe332d00adc4a793dd99b
CGGA,xgboost,CGGA fixed development/held-out split,not_applicable,penalty,best_run_se_scaled,best_run_score_se,4,20,0.8160173160173161,"[0.8679653679653679, 0.8549783549783551, 0.8593073593073592, 0.7705627705627706, 0.7272727272727272]",0.06330937576714143,0.028312813565681227,0.032727272727272605,0.038559624604712704,False,absolute_regret_exceeds_best_run_se_scaled_threshold,False,{},,False,mean_jaccard > higher_locking_score > smaller_feature_count > lower_run_id,regret_constrained_medoid,best_run_se_scaled,0.0,0.015613609020400421,1,roc_auc,"{""candidate_run_seed_rule"": ""42 + run_id"", ""locking_cv_seed"": 42, ""run_seed"": 46}",0.1.0,23bc1fa711668db6643587d66fb26492a2a5697658efe332d00adc4a793dd99b
CGGA,xgboost,CGGA fixed development/held-out split,not_applicable,penalty,best_run_se_scaled,best_run_score_se,5,21,0.8474458874458876,"[0.8982683982683982, 0.9588744588744589, 0.8831168831168832, 0.7878787878787878, 0.7090909090909091]",0.09869398848906648,0.044137293446426876,0.0012987012987011326,0.0015301438335201553,True,absolute_regret_within_best_run_se_scaled_threshold,False,"{""1"": 0.2903225806451613, ""2"": 0.24242424242424243, ""3"": 0.20588235294117646}",0.24620972533686003,True,mean_jaccard > higher_locking_score > smaller_feature_count > lower_run_id,regret_constrained_medoid,best_run_se_scaled,0.0,0.015613609020400421,1,roc_auc,"{""candidate_run_seed_rule"": ""42 + run_id"", ""locking_cv_seed"": 42, ""run_seed"": 47}",0.1.0,23bc1fa711668db6643587d66fb26492a2a5697658efe332d00adc4a793dd99b
AMP-AD,boruta_rf,emory,high,legacy_zero_truncated,absolute,0.0,1,49,0.8534488777651636,,,,0.01405313944605191,0.016199546706794934,False,absolute_regret_exceeds_tolerance,False,{},,False,mean_jaccard > higher_locking_score > smaller_feature_count > lower_run_id,regret_constrained_medoid,absolute,0.0,0.0,1,macro_ovr_auroc,"{""candidate_run_seed_rule"": ""42 + run_id"", ""locking_cv_seed"": 42, ""run_seed"": 43}",0.1.0,256fb84b77af8bf76e381cfa088194f3c4ac9d86f47245c4c5948b27368d84e4
AMP-AD,boruta_rf,emory,high,legacy_zero_truncated,absolute,0.0,2,49,0.8587365502885479,,,,0.008765466922667664,0.010104261141485608,False,absolute_regret_exceeds_tolerance,False,{},,False,mean_jaccard > higher_locking_score > smaller_feature_count > lower_run_id,regret_constrained_medoid,absolute,0.0,0.0,1,macro_ovr_auroc,"{""candidate_run_seed_rule"": ""42 + run_id"", ""locking_cv_seed"": 42, ""run_seed"": 44}",0.1.0,256fb84b77af8bf76e381cfa088194f3c4ac9d86f47245c4c5948b27368d84e4
AMP-AD,boruta_rf,emory,high,legacy_zero_truncated,absolute,0.0,3,49,0.8514183270183736,,,,0.01608369019284195,0.018540233767463346,False,absolute_regret_exceeds_tolerance,False,{},,False,mean_jaccard > higher_locking_score > smaller_feature_count > lower_run_id,regret_constrained_medoid,absolute,0.0,0.0,1,macro_ovr_auroc,"{""candidate_run_seed_rule"": ""42 + run_id"", ""locking_cv_seed"": 42, ""run_seed"": 45}",0.1.0,256fb84b77af8bf76e381cfa088194f3c4ac9d86f47245c4c5948b27368d84e4
AMP-AD,boruta_rf,emory,high,legacy_zero_truncated,absolute,0.0,4,49,0.8675020172112156,,,,0.0,0.0,True,absolute_regret_within_tolerance,False,{},1.0,True,mean_jaccard > higher_locking_score > smaller_feature_count > lower_run_id,regret_constrained_medoid,absolute,0.0,0.0,1,macro_ovr_auroc,"{""candidate_run_seed_rule"": ""42 + run_id"", ""locking_cv_seed"": 42, ""run_seed"": 46}",0.1.0,256fb84b77af8bf76e381cfa088194f3c4ac9d86f47245c4c5948b27368d84e4
AMP-AD,boruta_rf,emory,high,legacy_zero_truncated,absolute,0.0,5,48,0.8584349758935712,,,,0.009067041317644353,0.010451896523298516,False,absolute_regret_exceeds_tolerance,False,{},,False,mean_jaccard > higher_locking_score > smaller_feature_count > lower_run_id,regret_constrained_medoid,absolute,0.0,0.0,1,macro_ovr_auroc,"{""candidate_run_seed_rule"": ""42 + run_id"", ""locking_cv_seed"": 42, ""run_seed"": 47}",0.1.0,256fb84b77af8bf76e381cfa088194f3c4ac9d86f47245c4c5948b27368d84e4
AMP-AD,boruta_rf,emory,high,legacy_zero_truncated,absolute,0.005,1,49,0.8534488777651636,,,,0.01405313944605191,0.016199546706794934,False,absolute_regret_exceeds_tolerance,False,{},,False,mean_jaccard > higher_locking_score > smaller_feature_count > lower_run_id,regret_constrained_medoid,absolute,0.005,0.005,1,macro_ovr_auroc,"{""candidate_run_seed_rule"": ""42 + run_id"", ""locking_cv_seed"": 42, ""run_seed"": 43}",0.1.0,8f3bfa007c55f1fda622aca6e0b4d821cb1c8a24c3ac132911b739bcba48cf65
AMP-AD,boruta_rf,emory,high,legacy_zero_truncated,absolute,0.005,2,49,0.8587365502885479,,,,0.008765466922667664,0.010104261141485608,False,absolute_regret_exceeds_tolerance,False,{},,False,mean_jaccard > higher_locking_score > smaller_feature_count > lower_run_id,regret_constrained_medoid,absolute,0.005,0.005,1,macro_ovr_auroc,"{""candidate_run_seed_rule"": ""42 + run_id"", ""locking_cv_seed"": 42, ""run_seed"": 44}",0.1.0,8f3bfa007c55f1fda622aca6e0b4d821cb1c8a24c3ac132911b739bcba48cf65
AMP-AD,boruta_rf,emory,high,legacy_zero_truncated,absolute,0.005,3,49,0.8514183270183736,,,,0.01608369019284195,0.018540233767463346,False,absolute_regret_exceeds_tolerance,False,{},,False,mean_jaccard > higher_locking_score > smaller_feature_count > lower_run_id,regret_constrained_medoid,absolute,0.005,0.005,1,macro_ovr_auroc,"{""candidate_run_seed_rule"": ""42 + run_id"", ""locking_cv_seed"": 42, ""run_seed"": 45}",0.1.0,8f3bfa007c55f1fda622aca6e0b4d821cb1c8a24c3ac132911b739bcba48cf65
AMP-AD,boruta_rf,emory,high,legacy_zero_truncated,absolute,0.005,4,49,0.8675020172112156,,,,0.0,0.0,True,absolute_regret_within_tolerance,False,{},1.0,True,mean_jaccard > higher_locking_score > smaller_feature_count > lower_run_id,regret_constrained_medoid,absolute,0.005,0.005,1,macro_ovr_auroc,"{""candidate_run_seed_rule"": ""42 + run_id"", ""locking_cv_seed"": 42, ""run_seed"": 46}",0.1.0,8f3bfa007c55f1fda622aca6e0b4d821cb1c8a24c3ac132911b739bcba48cf65
AMP-AD,boruta_rf,emory,high,legacy_zero_truncated,absolute,0.005,5,48,0.8584349758935712,,,,0.009067041317644353,0.010451896523298516,False,absolute_regret_exceeds_tolerance,False,{},,False,mean_jaccard > higher_locking_score > smaller_feature_count > lower_run_id,regret_constrained_medoid,absolute,0.005,0.005,1,macro_ovr_auroc,"{""candidate_run_seed_rule"": ""42 + run_id"", ""locking_cv_seed"": 42, ""run_seed"": 47}",0.1.0,8f3bfa007c55f1fda622aca6e0b4d821cb1c8a24c3ac132911b739bcba48cf65
AMP-AD,boruta_rf,emory,high,legacy_zero_truncated,absolute,0.01,1,49,0.8534488777651636,,,,0.01405313944605191,0.016199546706794934,False,absolute_regret_exceeds_tolerance,False,{},,False,mean_jaccard > higher_locking_score > smaller_feature_count > lower_run_id,regret_constrained_medoid,absolute,0.01,0.01,1,macro_ovr_auroc,"{""candidate_run_seed_rule"": ""42 + run_id"", ""locking_cv_seed"": 42, ""run_seed"": 43}",0.1.0,80675b3d4d3e2199c6d5b1ce523d5b3832110776e2fad928fa1555eeb80be603
AMP-AD,boruta_rf,emory,high,legacy_zero_truncated,absolute,0.01,2,49,0.8587365502885479,,,,0.008765466922667664,0.010104261141485608,True,absolute_regret_within_tolerance,False,"{""4"": 0.53125, ""5"": 0.5901639344262295}",0.5607069672131147,False,mean_jaccard > higher_locking_score > smaller_feature_count > lower_run_id,regret_constrained_medoid,absolute,0.01,0.01,1,macro_ovr_auroc,"{""candidate_run_seed_rule"": ""42 + run_id"", ""locking_cv_seed"": 42, ""run_seed"": 44}",0.1.0,80675b3d4d3e2199c6d5b1ce523d5b3832110776e2fad928fa1555eeb80be603
AMP-AD,boruta_rf,emory,high,legacy_zero_truncated,absolute,0.01,3,49,0.8514183270183736,,,,0.01608369019284195,0.018540233767463346,False,absolute_regret_exceeds_tolerance,False,{},,False,mean_jaccard > higher_locking_score > smaller_feature_count > lower_run_id,regret_constrained_medoid,absolute,0.01,0.01,1,macro_ovr_auroc,"{""candidate_run_seed_rule"": ""42 + run_id"", ""locking_cv_seed"": 42, ""run_seed"": 45}",0.1.0,80675b3d4d3e2199c6d5b1ce523d5b3832110776e2fad928fa1555eeb80be603
AMP-AD,boruta_rf,emory,high,legacy_zero_truncated,absolute,0.01,4,49,0.8675020172112156,,,,0.0,0.0,True,absolute_regret_within_tolerance,False,"{""2"": 0.53125, ""5"": 0.5901639344262295}",0.5607069672131147,False,mean_jaccard > higher_locking_score > smaller_feature_count > lower_run_id,regret_constrained_medoid,absolute,0.01,0.01,1,macro_ovr_auroc,"{""candidate_run_seed_rule"": ""42 + run_id"", ""locking_cv_seed"": 42, ""run_seed"": 46}",0.1.0,80675b3d4d3e2199c6d5b1ce523d5b3832110776e2fad928fa1555eeb80be603
AMP-AD,boruta_rf,emory,high,legacy_zero_truncated,absolute,0.01,5,48,0.8584349758935712,,,,0.009067041317644353,0.010451896523298516,True,absolute_regret_within_tolerance,False,"{""2"": 0.5901639344262295, ""4"": 0.5901639344262295}",0.5901639344262295,True,mean_jaccard > higher_locking_score > smaller_feature_count > lower_run_id,regret_constrained_medoid,absolute,0.01,0.01,1,macro_ovr_auroc,"{""candidate_run_seed_rule"": ""42 + run_id"", ""locking_cv_seed"": 42, ""run_seed"": 47}",0.1.0,80675b3d4d3e2199c6d5b1ce523d5b3832110776e2fad928fa1555eeb80be603
AMP-AD,boruta_rf,emory,high,legacy_zero_truncated,absolute,0.02,1,49,0.8534488777651636,,,,0.01405313944605191,0.016199546706794934,True,absolute_regret_within_tolerance,False,"{""2"": 0.5806451612903226, ""3"": 0.5555555555555556, ""4"": 0.5555555555555556, ""5"": 0.6166666666666667}",0.5771057347670252,False,mean_jaccard > higher_locking_score > smaller_feature_count > lower_run_id,regret_constrained_medoid,absolute,0.02,0.02,1,macro_ovr_auroc,"{""candidate_run_seed_rule"": ""42 + run_id"", ""locking_cv_seed"": 42, ""run_seed"": 43}",0.1.0,734e36a1e2a161f131d4990233d0d344c554195dfbfaa24b833950485ca54df8
AMP-AD,boruta_rf,emory,high,legacy_zero_truncated,absolute,0.02,2,49,0.8587365502885479,,,,0.008765466922667664,0.010104261141485608,True,absolute_regret_within_tolerance,False,"{""1"": 0.5806451612903226, ""3"": 0.6065573770491803, ""4"": 0.53125, ""5"": 0.5901639344262295}",0.577154118191433,False,mean_jaccard > higher_locking_score > smaller_feature_count > lower_run_id,regret_constrained_medoid,absolute,0.02,0.02,1,macro_ovr_auroc,"{""candidate_run_seed_rule"": ""42 + run_id"", ""locking_cv_seed"": 42, ""run_seed"": 44}",0.1.0,734e36a1e2a161f131d4990233d0d344c554195dfbfaa24b833950485ca54df8
AMP-AD,boruta_rf,emory,high,legacy_zero_truncated,absolute,0.02,3,49,0.8514183270183736,,,,0.01608369019284195,0.018540233767463346,True,absolute_regret_within_tolerance,False,"{""1"": 0.5555555555555556, ""2"": 0.6065573770491803, ""4"": 0.6065573770491803, ""5"": 0.6440677966101694}",0.6031845265660214,False,mean_jaccard > higher_locking_score > smaller_feature_count > lower_run_id,regret_constrained_medoid,absolute,0.02,0.02,1,macro_ovr_auroc,"{""candidate_run_seed_rule"": ""42 + run_id"", ""locking_cv_seed"": 42, ""run_seed"": 45}",0.1.0,734e36a1e2a161f131d4990233d0d344c554195dfbfaa24b833950485ca54df8
AMP-AD,boruta_rf,emory,high,legacy_zero_truncated,absolute,0.02,4,49,0.8675020172112156,,,,0.0,0.0,True,absolute_regret_within_tolerance,False,"{""1"": 0.5555555555555556, ""2"": 0.53125, ""3"": 0.6065573770491803, ""5"": 0.5901639344262295}",0.5708817167577414,False,mean_jaccard > higher_locking_score > smaller_feature_count > lower_run_id,regret_constrained_medoid,absolute,0.02,0.02,1,macro_ovr_auroc,"{""candidate_run_seed_rule"": ""42 + run_id"", ""locking_cv_seed"": 42, ""run_seed"": 46}",0.1.0,734e36a1e2a161f131d4990233d0d344c554195dfbfaa24b833950485ca54df8
AMP-AD,boruta_rf,emory,high,legacy_zero_truncated,absolute,0.02,5,48,0.8584349758935712,,,,0.009067041317644353,0.010451896523298516,True,absolute_regret_within_tolerance,False,"{""1"": 0.6166666666666667, ""2"": 0.5901639344262295, ""3"": 0.6440677966101694, ""4"": 0.5901639344262295}",0.6102655830323238,True,mean_jaccard > higher_locking_score > smaller_feature_count > lower_run_id,regret_constrained_medoid,absolute,0.02,0.02,1,macro_ovr_auroc,"{""candidate_run_seed_rule"": ""42 + run_id"", ""locking_cv_seed"": 42, ""run_seed"": 47}",0.1.0,734e36a1e2a161f131d4990233d0d344c554195dfbfaa24b833950485ca54df8
AMP-AD,boruta_rf,emory,low,legacy_zero_truncated,absolute,0.0,1,14,0.8475955399378805,,,,0.0,0.0,True,absolute_regret_within_tolerance,False,{},1.0,True,mean_jaccard > higher_locking_score > smaller_feature_count > lower_run_id,regret_constrained_medoid,absolute,0.0,0.0,1,macro_ovr_auroc,"{""candidate_run_seed_rule"": ""42 + run_id"", ""locking_cv_seed"": 42, ""run_seed"": 43}",0.1.0,256fb84b77af8bf76e381cfa088194f3c4ac9d86f47245c4c5948b27368d84e4
AMP-AD,boruta_rf,emory,low,legacy_zero_truncated,absolute,0.0,2,13,0.8254089940158806,,,,0.022186545921999867,0.026175864402998038,False,absolute_regret_exceeds_tolerance,False,{},,False,mean_jaccard > higher_locking_score > smaller_feature_count > lower_run_id,regret_constrained_medoid,absolute,0.0,0.0,1,macro_ovr_auroc,"{""candidate_run_seed_rule"": ""42 + run_id"", ""locking_cv_seed"": 42, ""run_seed"": 44}",0.1.0,256fb84b77af8bf76e381cfa088194f3c4ac9d86f47245c4c5948b27368d84e4
AMP-AD,boruta_rf,emory,low,legacy_zero_truncated,absolute,0.0,3,16,0.8447479419565547,,,,0.0028475979813258334,0.0033596188832406212,False,absolute_regret_exceeds_tolerance,False,{},,False,mean_jaccard > higher_locking_score > smaller_feature_count > lower_run_id,regret_constrained_medoid,absolute,0.0,0.0,1,macro_ovr_auroc,"{""candidate_run_seed_rule"": ""42 + run_id"", ""locking_cv_seed"": 42, ""run_seed"": 45}",0.1.0,256fb84b77af8bf76e381cfa088194f3c4ac9d86f47245c4c5948b27368d84e4
AMP-AD,boruta_rf,emory,low,legacy_zero_truncated,absolute,0.0,4,16,0.8291535824822797,,,,0.018441957455600844,0.021757968968256297,False,absolute_regret_exceeds_tolerance,False,{},,False,mean_jaccard > higher_locking_score > smaller_feature_count > lower_run_id,regret_constrained_medoid,absolute,0.0,0.0,1,macro_ovr_auroc,"{""candidate_run_seed_rule"": ""42 + run_id"", ""locking_cv_seed"": 42, ""run_seed"": 46}",0.1.0,256fb84b77af8bf76e381cfa088194f3c4ac9d86f47245c4c5948b27368d84e4
AMP-AD,boruta_rf,emory,low,legacy_zero_truncated,absolute,0.0,5,13,0.8318255874958023,,,,0.01576995244207824,0.018605516073425782,False,absolute_regret_exceeds_tolerance,False,{},,False,mean_jaccard > higher_locking_score > smaller_feature_count > lower_run_id,regret_constrained_medoid,absolute,0.0,0.0,1,macro_ovr_auroc,"{""candidate_run_seed_rule"": ""42 + run_id"", ""locking_cv_seed"": 42, ""run_seed"": 47}",0.1.0,256fb84b77af8bf76e381cfa088194f3c4ac9d86f47245c4c5948b27368d84e4
AMP-AD,boruta_rf,emory,low,legacy_zero_truncated,absolute,0.005,1,14,0.8475955399378805,,,,0.0,0.0,True,absolute_regret_within_tolerance,False,"{""3"": 0.25}",0.25,True,mean_jaccard > higher_locking_score > smaller_feature_count > lower_run_id,regret_constrained_medoid,absolute,0.005,0.005,1,macro_ovr_auroc,"{""candidate_run_seed_rule"": ""42 + run_id"", ""locking_cv_seed"": 42, ""run_seed"": 43}",0.1.0,8f3bfa007c55f1fda622aca6e0b4d821cb1c8a24c3ac132911b739bcba48cf65
AMP-AD,boruta_rf,emory,low,legacy_zero_truncated,absolute,0.005,2,13,0.8254089940158806,,,,0.022186545921999867,0.026175864402998038,False,absolute_regret_exceeds_tolerance,False,{},,False,mean_jaccard > higher_locking_score > smaller_feature_count > lower_run_id,regret_constrained_medoid,absolute,0.005,0.005,1,macro_ovr_auroc,"{""candidate_run_seed_rule"": ""42 + run_id"", ""locking_cv_seed"": 42, ""run_seed"": 44}",0.1.0,8f3bfa007c55f1fda622aca6e0b4d821cb1c8a24c3ac132911b739bcba48cf65
AMP-AD,boruta_rf,emory,low,legacy_zero_truncated,absolute,0.005,3,16,0.8447479419565547,,,,0.0028475979813258334,0.0033596188832406212,True,absolute_regret_within_tolerance,False,"{""1"": 0.25}",0.25,False,mean_jaccard > higher_locking_score > smaller_feature_count > lower_run_id,regret_constrained_medoid,absolute,0.005,0.005,1,macro_ovr_auroc,"{""candidate_run_seed_rule"": ""42 + run_id"", ""locking_cv_seed"": 42, ""run_seed"": 45}",0.1.0,8f3bfa007c55f1fda622aca6e0b4d821cb1c8a24c3ac132911b739bcba48cf65
AMP-AD,boruta_rf,emory,low,legacy_zero_truncated,absolute,0.005,4,16,0.8291535824822797,,,,0.018441957455600844,0.021757968968256297,False,absolute_regret_exceeds_tolerance,False,{},,False,mean_jaccard > higher_locking_score > smaller_feature_count > lower_run_id,regret_constrained_medoid,absolute,0.005,0.005,1,macro_ovr_auroc,"{""candidate_run_seed_rule"": ""42 + run_id"", ""locking_cv_seed"": 42, ""run_seed"": 46}",0.1.0,8f3bfa007c55f1fda622aca6e0b4d821cb1c8a24c3ac132911b739bcba48cf65
AMP-AD,boruta_rf,emory,low,legacy_zero_truncated,absolute,0.005,5,13,0.8318255874958023,,,,0.01576995244207824,0.018605516073425782,False,absolute_regret_exceeds_tolerance,False,{},,False,mean_jaccard > higher_locking_score > smaller_feature_count > lower_run_id,regret_constrained_medoid,absolute,0.005,0.005,1,macro_ovr_auroc,"{""candidate_run_seed_rule"": ""42 + run_id"", ""locking_cv_seed"": 42, ""run_seed"": 47}",0.1.0,8f3bfa007c55f1fda622aca6e0b4d821cb1c8a24c3ac132911b739bcba48cf65
AMP-AD,boruta_rf,emory,low,legacy_zero_truncated,absolute,0.01,1,14,0.8475955399378805,,,,0.0,0.0,True,absolute_regret_within_tolerance,False,"{""3"": 0.25}",0.25,True,mean_jaccard > higher_locking_score > smaller_feature_count > lower_run_id,regret_constrained_medoid,absolute,0.01,0.01,1,macro_ovr_auroc,"{""candidate_run_seed_rule"": ""42 + run_id"", ""locking_cv_seed"": 42, ""run_seed"": 43}",0.1.0,80675b3d4d3e2199c6d5b1ce523d5b3832110776e2fad928fa1555eeb80be603
AMP-AD,boruta_rf,emory,low,legacy_zero_truncated,absolute,0.01,2,13,0.8254089940158806,,,,0.022186545921999867,0.026175864402998038,False,absolute_regret_exceeds_tolerance,False,{},,False,mean_jaccard > higher_locking_score > smaller_feature_count > lower_run_id,regret_constrained_medoid,absolute,0.01,0.01,1,macro_ovr_auroc,"{""candidate_run_seed_rule"": ""42 + run_id"", ""locking_cv_seed"": 42, ""run_seed"": 44}",0.1.0,80675b3d4d3e2199c6d5b1ce523d5b3832110776e2fad928fa1555eeb80be603
AMP-AD,boruta_rf,emory,low,legacy_zero_truncated,absolute,0.01,3,16,0.8447479419565547,,,,0.0028475979813258334,0.0033596188832406212,True,absolute_regret_within_tolerance,False,"{""1"": 0.25}",0.25,False,mean_jaccard > higher_locking_score > smaller_feature_count > lower_run_id,regret_constrained_medoid,absolute,0.01,0.01,1,macro_ovr_auroc,"{""candidate_run_seed_rule"": ""42 + run_id"", ""locking_cv_seed"": 42, ""run_seed"": 45}",0.1.0,80675b3d4d3e2199c6d5b1ce523d5b3832110776e2fad928fa1555eeb80be603
AMP-AD,boruta_rf,emory,low,legacy_zero_truncated,absolute,0.01,4,16,0.8291535824822797,,,,0.018441957455600844,0.021757968968256297,False,absolute_regret_exceeds_tolerance,False,{},,False,mean_jaccard > higher_locking_score > smaller_feature_count > lower_run_id,regret_constrained_medoid,absolute,0.01,0.01,1,macro_ovr_auroc,"{""candidate_run_seed_rule"": ""42 + run_id"", ""locking_cv_seed"": 42, ""run_seed"": 46}",0.1.0,80675b3d4d3e2199c6d5b1ce523d5b3832110776e2fad928fa1555eeb80be603
AMP-AD,boruta_rf,emory,low,legacy_zero_truncated,absolute,0.01,5,13,0.8318255874958023,,,,0.01576995244207824,0.018605516073425782,False,absolute_regret_exceeds_tolerance,False,{},,False,mean_jaccard > higher_locking_score > smaller_feature_count > lower_run_id,regret_constrained_medoid,absolute,0.01,0.01,1,macro_ovr_auroc,"{""candidate_run_seed_rule"": ""42 + run_id"", ""locking_cv_seed"": 42, ""run_seed"": 47}",0.1.0,80675b3d4d3e2199c6d5b1ce523d5b3832110776e2fad928fa1555eeb80be603
AMP-AD,boruta_rf,emory,low,legacy_zero_truncated,absolute,0.02,1,14,0.8475955399378805,,,,0.0,0.0,True,absolute_regret_within_tolerance,False,"{""3"": 0.25, ""4"": 0.2, ""5"": 0.125}",0.19166666666666665,False,mean_jaccard > higher_locking_score > smaller_feature_count > lower_run_id,regret_constrained_medoid,absolute,0.02,0.02,1,macro_ovr_auroc,"{""candidate_run_seed_rule"": ""42 + run_id"", ""locking_cv_seed"": 42, ""run_seed"": 43}",0.1.0,734e36a1e2a161f131d4990233d0d344c554195dfbfaa24b833950485ca54df8
AMP-AD,boruta_rf,emory,low,legacy_zero_truncated,absolute,0.02,2,13,0.8254089940158806,,,,0.022186545921999867,0.026175864402998038,False,absolute_regret_exceeds_tolerance,False,{},,False,mean_jaccard > higher_locking_score > smaller_feature_count > lower_run_id,regret_constrained_medoid,absolute,0.02,0.02,1,macro_ovr_auroc,"{""candidate_run_seed_rule"": ""42 + run_id"", ""locking_cv_seed"": 42, ""run_seed"": 44}",0.1.0,734e36a1e2a161f131d4990233d0d344c554195dfbfaa24b833950485ca54df8
AMP-AD,boruta_rf,emory,low,legacy_zero_truncated,absolute,0.02,3,16,0.8447479419565547,,,,0.0028475979813258334,0.0033596188832406212,True,absolute_regret_within_tolerance,False,"{""1"": 0.25, ""4"": 0.3333333333333333, ""5"": 0.20833333333333334}",0.2638888888888889,True,mean_jaccard > higher_locking_score > smaller_feature_count > lower_run_id,regret_constrained_medoid,absolute,0.02,0.02,1,macro_ovr_auroc,"{""candidate_run_seed_rule"": ""42 + run_id"", ""locking_cv_seed"": 42, ""run_seed"": 45}",0.1.0,734e36a1e2a161f131d4990233d0d344c554195dfbfaa24b833950485ca54df8
AMP-AD,boruta_rf,emory,low,legacy_zero_truncated,absolute,0.02,4,16,0.8291535824822797,,,,0.018441957455600844,0.021757968968256297,True,absolute_regret_within_tolerance,False,"{""1"": 0.2, ""3"": 0.3333333333333333, ""5"": 0.16}",0.23111111111111113,False,mean_jaccard > higher_locking_score > smaller_feature_count > lower_run_id,regret_constrained_medoid,absolute,0.02,0.02,1,macro_ovr_auroc,"{""candidate_run_seed_rule"": ""42 + run_id"", ""locking_cv_seed"": 42, ""run_seed"": 46}",0.1.0,734e36a1e2a161f131d4990233d0d344c554195dfbfaa24b833950485ca54df8
AMP-AD,boruta_rf,emory,low,legacy_zero_truncated,absolute,0.02,5,13,0.8318255874958023,,,,0.01576995244207824,0.018605516073425782,True,absolute_regret_within_tolerance,False,"{""1"": 0.125, ""3"": 0.20833333333333334, ""4"": 0.16}",0.16444444444444448,False,mean_jaccard > higher_locking_score > smaller_feature_count > lower_run_id,regret_constrained_medoid,absolute,0.02,0.02,1,macro_ovr_auroc,"{""candidate_run_seed_rule"": ""42 + run_id"", ""locking_cv_seed"": 42, ""run_seed"": 47}",0.1.0,734e36a1e2a161f131d4990233d0d344c554195dfbfaa24b833950485ca54df8
AMP-AD,boruta_rf,emory,reference,legacy_zero_truncated,absolute,0.0,1,25,0.8584641872733197,,,,0.0,0.0,True,absolute_regret_within_tolerance,False,{},1.0,True,mean_jaccard > higher_locking_score > smaller_feature_count > lower_run_id,regret_constrained_medoid,absolute,0.0,0.0,1,macro_ovr_auroc,"{""candidate_run_seed_rule"": ""42 + run_id"", ""locking_cv_seed"": 42, ""run_seed"": 43}",0.1.0,256fb84b77af8bf76e381cfa088194f3c4ac9d86f47245c4c5948b27368d84e4
AMP-AD,boruta_rf,emory,reference,legacy_zero_truncated,absolute,0.0,2,25,0.8583473564377094,,,,0.00011683083561031538,0.00013609284736897068,False,absolute_regret_exceeds_tolerance,False,{},,False,mean_jaccard > higher_locking_score > smaller_feature_count > lower_run_id,regret_constrained_medoid,absolute,0.0,0.0,1,macro_ovr_auroc,"{""candidate_run_seed_rule"": ""42 + run_id"", ""locking_cv_seed"": 42, ""run_seed"": 44}",0.1.0,256fb84b77af8bf76e381cfa088194f3c4ac9d86f47245c4c5948b27368d84e4
AMP-AD,boruta_rf,emory,reference,legacy_zero_truncated,absolute,0.0,3,25,0.8560735572015545,,,,0.0023906300717652096,0.002784775541258631,False,absolute_regret_exceeds_tolerance,False,{},,False,mean_jaccard > higher_locking_score > smaller_feature_count > lower_run_id,regret_constrained_medoid,absolute,0.0,0.0,1,macro_ovr_auroc,"{""candidate_run_seed_rule"": ""42 + run_id"", ""locking_cv_seed"": 42, ""run_seed"": 45}",0.1.0,256fb84b77af8bf76e381cfa088194f3c4ac9d86f47245c4c5948b27368d84e4
AMP-AD,boruta_rf,emory,reference,legacy_zero_truncated,absolute,0.0,4,25,0.8544498946966383,,,,0.0040142925766814,0.004676132838379338,False,absolute_regret_exceeds_tolerance,False,{},,False,mean_jaccard > higher_locking_score > smaller_feature_count > lower_run_id,regret_constrained_medoid,absolute,0.0,0.0,1,macro_ovr_auroc,"{""candidate_run_seed_rule"": ""42 + run_id"", ""locking_cv_seed"": 42, ""run_seed"": 46}",0.1.0,256fb84b77af8bf76e381cfa088194f3c4ac9d86f47245c4c5948b27368d84e4
AMP-AD,boruta_rf,emory,reference,legacy_zero_truncated,absolute,0.0,5,25,0.8516546614581927,,,,0.00680952581512706,0.007932218857906797,False,absolute_regret_exceeds_tolerance,False,{},,False,mean_jaccard > higher_locking_score > smaller_feature_count > lower_run_id,regret_constrained_medoid,absolute,0.0,0.0,1,macro_ovr_auroc,"{""candidate_run_seed_rule"": ""42 + run_id"", ""locking_cv_seed"": 42, ""run_seed"": 47}",0.1.0,256fb84b77af8bf76e381cfa088194f3c4ac9d86f47245c4c5948b27368d84e4
AMP-AD,boruta_rf,emory,reference,legacy_zero_truncated,absolute,0.005,1,25,0.8584641872733197,,,,0.0,0.0,True,absolute_regret_within_tolerance,False,"{""2"": 0.3157894736842105, ""3"": 0.3888888888888889, ""4"": 0.35135135135135137}",0.3520099046414836,True,mean_jaccard > higher_locking_score > smaller_feature_count > lower_run_id,regret_constrained_medoid,absolute,0.005,0.005,1,macro_ovr_auroc,"{""candidate_run_seed_rule"": ""42 + run_id"", ""locking_cv_seed"": 42, ""run_seed"": 43}",0.1.0,8f3bfa007c55f1fda622aca6e0b4d821cb1c8a24c3ac132911b739bcba48cf65
AMP-AD,boruta_rf,emory,reference,legacy_zero_truncated,absolute,0.005,2,25,0.8583473564377094,,,,0.00011683083561031538,0.00013609284736897068,True,absolute_regret_within_tolerance,False,"{""1"": 0.3157894736842105, ""3"": 0.25, ""4"": 0.25}",0.2719298245614035,False,mean_jaccard > higher_locking_score > smaller_feature_count > lower_run_id,regret_constrained_medoid,absolute,0.005,0.005,1,macro_ovr_auroc,"{""candidate_run_seed_rule"": ""42 + run_id"", ""locking_cv_seed"": 42, ""run_seed"": 44}",0.1.0,8f3bfa007c55f1fda622aca6e0b4d821cb1c8a24c3ac132911b739bcba48cf65
AMP-AD,boruta_rf,emory,reference,legacy_zero_truncated,absolute,0.005,3,25,0.8560735572015545,,,,0.0023906300717652096,0.002784775541258631,True,absolute_regret_within_tolerance,False,"{""1"": 0.3888888888888889, ""2"": 0.25, ""4"": 0.3157894736842105}",0.3182261208576998,False,mean_jaccard > higher_locking_score > smaller_feature_count > lower_run_id,regret_constrained_medoid,absolute,0.005,0.005,1,macro_ovr_auroc,"{""candidate_run_seed_rule"": ""42 + run_id"", ""locking_cv_seed"": 42, ""run_seed"": 45}",0.1.0,8f3bfa007c55f1fda622aca6e0b4d821cb1c8a24c3ac132911b739bcba48cf65
AMP-AD,boruta_rf,emory,reference,legacy_zero_truncated,absolute,0.005,4,25,0.8544498946966383,,,,0.0040142925766814,0.004676132838379338,True,absolute_regret_within_tolerance,False,"{""1"": 0.35135135135135137, ""2"": 0.25, ""3"": 0.3157894736842105}",0.3057136083451873,False,mean_jaccard > higher_locking_score > smaller_feature_count > lower_run_id,regret_constrained_medoid,absolute,0.005,0.005,1,macro_ovr_auroc,"{""candidate_run_seed_rule"": ""42 + run_id"", ""locking_cv_seed"": 42, ""run_seed"": 46}",0.1.0,8f3bfa007c55f1fda622aca6e0b4d821cb1c8a24c3ac132911b739bcba48cf65
AMP-AD,boruta_rf,emory,reference,legacy_zero_truncated,absolute,0.005,5,25,0.8516546614581927,,,,0.00680952581512706,0.007932218857906797,False,absolute_regret_exceeds_tolerance,False,{},,False,mean_jaccard > higher_locking_score > smaller_feature_count > lower_run_id,regret_constrained_medoid,absolute,0.005,0.005,1,macro_ovr_auroc,"{""candidate_run_seed_rule"": ""42 + run_id"", ""locking_cv_seed"": 42, ""run_seed"": 47}",0.1.0,8f3bfa007c55f1fda622aca6e0b4d821cb1c8a24c3ac132911b739bcba48cf65
AMP-AD,boruta_rf,emory,reference,legacy_zero_truncated,absolute,0.01,1,25,0.8584641872733197,,,,0.0,0.0,True,absolute_regret_within_tolerance,False,"{""2"": 0.3157894736842105, ""3"": 0.3888888888888889, ""4"": 0.35135135135135137, ""5"": 0.3888888888888889}",0.3612296507033349,False,mean_jaccard > higher_locking_score > smaller_feature_count > lower_run_id,regret_constrained_medoid,absolute,0.01,0.01,1,macro_ovr_auroc,"{""candidate_run_seed_rule"": ""42 + run_id"", ""locking_cv_seed"": 42, ""run_seed"": 43}",0.1.0,80675b3d4d3e2199c6d5b1ce523d5b3832110776e2fad928fa1555eeb80be603
AMP-AD,boruta_rf,emory,reference,legacy_zero_truncated,absolute,0.01,2,25,0.8583473564377094,,,,0.00011683083561031538,0.00013609284736897068,True,absolute_regret_within_tolerance,False,"{""1"": 0.3157894736842105, ""3"": 0.25, ""4"": 0.25, ""5"": 0.42857142857142855}",0.31109022556390975,False,mean_jaccard > higher_locking_score > smaller_feature_count > lower_run_id,regret_constrained_medoid,absolute,0.01,0.01,1,macro_ovr_auroc,"{""candidate_run_seed_rule"": ""42 + run_id"", ""locking_cv_seed"": 42, ""run_seed"": 44}",0.1.0,80675b3d4d3e2199c6d5b1ce523d5b3832110776e2fad928fa1555eeb80be603
AMP-AD,boruta_rf,emory,reference,legacy_zero_truncated,absolute,0.01,3,25,0.8560735572015545,,,,0.0023906300717652096,0.002784775541258631,True,absolute_regret_within_tolerance,False,"{""1"": 0.3888888888888889, ""2"": 0.25, ""4"": 0.3157894736842105, ""5"": 0.3888888888888889}",0.3358918128654971,False,mean_jaccard > higher_locking_score > smaller_feature_count > lower_run_id,regret_constrained_medoid,absolute,0.01,0.01,1,macro_ovr_auroc,"{""candidate_run_seed_rule"": ""42 + run_id"", ""locking_cv_seed"": 42, ""run_seed"": 45}",0.1.0,80675b3d4d3e2199c6d5b1ce523d5b3832110776e2fad928fa1555eeb80be603
AMP-AD,boruta_rf,emory,reference,legacy_zero_truncated,absolute,0.01,4,25,0.8544498946966383,,,,0.0040142925766814,0.004676132838379338,True,absolute_regret_within_tolerance,False,"{""1"": 0.35135135135135137, ""2"": 0.25, ""3"": 0.3157894736842105, ""5"": 0.25}",0.2917852062588905,False,mean_jaccard > higher_locking_score > smaller_feature_count > lower_run_id,regret_constrained_medoid,absolute,0.01,0.01,1,macro_ovr_auroc,"{""candidate_run_seed_rule"": ""42 + run_id"", ""locking_cv_seed"": 42, ""run_seed"": 46}",0.1.0,80675b3d4d3e2199c6d5b1ce523d5b3832110776e2fad928fa1555eeb80be603
AMP-AD,boruta_rf,emory,reference,legacy_zero_truncated,absolute,0.01,5,25,0.8516546614581927,,,,0.00680952581512706,0.007932218857906797,True,absolute_regret_within_tolerance,False,"{""1"": 0.3888888888888889, ""2"": 0.42857142857142855, ""3"": 0.3888888888888889, ""4"": 0.25}",0.36408730158730157,True,mean_jaccard > higher_locking_score > smaller_feature_count > lower_run_id,regret_constrained_medoid,absolute,0.01,0.01,1,macro_ovr_auroc,"{""candidate_run_seed_rule"": ""42 + run_id"", ""locking_cv_seed"": 42, ""run_seed"": 47}",0.1.0,80675b3d4d3e2199c6d5b1ce523d5b3832110776e2fad928fa1555eeb80be603
AMP-AD,boruta_rf,emory,reference,legacy_zero_truncated,absolute,0.02,1,25,0.8584641872733197,,,,0.0,0.0,True,absolute_regret_within_tolerance,False,"{""2"": 0.3157894736842105, ""3"": 0.3888888888888889, ""4"": 0.35135135135135137, ""5"": 0.3888888888888889}",0.3612296507033349,False,mean_jaccard > higher_locking_score > smaller_feature_count > lower_run_id,regret_constrained_medoid,absolute,0.02,0.02,1,macro_ovr_auroc,"{""candidate_run_seed_rule"": ""42 + run_id"", ""locking_cv_seed"": 42, ""run_seed"": 43}",0.1.0,734e36a1e2a161f131d4990233d0d344c554195dfbfaa24b833950485ca54df8
AMP-AD,boruta_rf,emory,reference,legacy_zero_truncated,absolute,0.02,2,25,0.8583473564377094,,,,0.00011683083561031538,0.00013609284736897068,True,absolute_regret_within_tolerance,False,"{""1"": 0.3157894736842105, ""3"": 0.25, ""4"": 0.25, ""5"": 0.42857142857142855}",0.31109022556390975,False,mean_jaccard > higher_locking_score > smaller_feature_count > lower_run_id,regret_constrained_medoid,absolute,0.02,0.02,1,macro_ovr_auroc,"{""candidate_run_seed_rule"": ""42 + run_id"", ""locking_cv_seed"": 42, ""run_seed"": 44}",0.1.0,734e36a1e2a161f131d4990233d0d344c554195dfbfaa24b833950485ca54df8
AMP-AD,boruta_rf,emory,reference,legacy_zero_truncated,absolute,0.02,3,25,0.8560735572015545,,,,0.0023906300717652096,0.002784775541258631,True,absolute_regret_within_tolerance,False,"{""1"": 0.3888888888888889, ""2"": 0.25, ""4"": 0.3157894736842105, ""5"": 0.3888888888888889}",0.3358918128654971,False,mean_jaccard > higher_locking_score > smaller_feature_count > lower_run_id,regret_constrained_medoid,absolute,0.02,0.02,1,macro_ovr_auroc,"{""candidate_run_seed_rule"": ""42 + run_id"", ""locking_cv_seed"": 42, ""run_seed"": 45}",0.1.0,734e36a1e2a161f131d4990233d0d344c554195dfbfaa24b833950485ca54df8
AMP-AD,boruta_rf,emory,reference,legacy_zero_truncated,absolute,0.02,4,25,0.8544498946966383,,,,0.0040142925766814,0.004676132838379338,True,absolute_regret_within_tolerance,False,"{""1"": 0.35135135135135137, ""2"": 0.25, ""3"": 0.3157894736842105, ""5"": 0.25}",0.2917852062588905,False,mean_jaccard > higher_locking_score > smaller_feature_count > lower_run_id,regret_constrained_medoid,absolute,0.02,0.02,1,macro_ovr_auroc,"{""candidate_run_seed_rule"": ""42 + run_id"", ""locking_cv_seed"": 42, ""run_seed"": 46}",0.1.0,734e36a1e2a161f131d4990233d0d344c554195dfbfaa24b833950485ca54df8
AMP-AD,boruta_rf,emory,reference,legacy_zero_truncated,absolute,0.02,5,25,0.8516546614581927,,,,0.00680952581512706,0.007932218857906797,True,absolute_regret_within_tolerance,False,"{""1"": 0.3888888888888889, ""2"": 0.42857142857142855, ""3"": 0.3888888888888889, ""4"": 0.25}",0.36408730158730157,True,mean_jaccard > higher_locking_score > smaller_feature_count > lower_run_id,regret_constrained_medoid,absolute,0.02,0.02,1,macro_ovr_auroc,"{""candidate_run_seed_rule"": ""42 + run_id"", ""locking_cv_seed"": 42, ""run_seed"": 47}",0.1.0,734e36a1e2a161f131d4990233d0d344c554195dfbfaa24b833950485ca54df8
AMP-AD,boruta_rf,mayo,high,legacy_zero_truncated,absolute,0.0,1,45,0.8705907582978651,,,,0.012460990415994466,0.014111279926848628,False,absolute_regret_exceeds_tolerance,False,{},,False,mean_jaccard > higher_locking_score > smaller_feature_count > lower_run_id,regret_constrained_medoid,absolute,0.0,0.0,1,macro_ovr_auroc,"{""candidate_run_seed_rule"": ""42 + run_id"", ""locking_cv_seed"": 42, ""run_seed"": 43}",0.1.0,256fb84b77af8bf76e381cfa088194f3c4ac9d86f47245c4c5948b27368d84e4
AMP-AD,boruta_rf,mayo,high,legacy_zero_truncated,absolute,0.0,2,45,0.8771844949859038,,,,0.0058672537279558235,0.0066442920661233225,False,absolute_regret_exceeds_tolerance,False,{},,False,mean_jaccard > higher_locking_score > smaller_feature_count > lower_run_id,regret_constrained_medoid,absolute,0.0,0.0,1,macro_ovr_auroc,"{""candidate_run_seed_rule"": ""42 + run_id"", ""locking_cv_seed"": 42, ""run_seed"": 44}",0.1.0,256fb84b77af8bf76e381cfa088194f3c4ac9d86f47245c4c5948b27368d84e4
AMP-AD,boruta_rf,mayo,high,legacy_zero_truncated,absolute,0.0,3,45,0.8763368141647156,,,,0.006714934549143958,0.007604236738021384,False,absolute_regret_exceeds_tolerance,False,{},,False,mean_jaccard > higher_locking_score > smaller_feature_count > lower_run_id,regret_constrained_medoid,absolute,0.0,0.0,1,macro_ovr_auroc,"{""candidate_run_seed_rule"": ""42 + run_id"", ""locking_cv_seed"": 42, ""run_seed"": 45}",0.1.0,256fb84b77af8bf76e381cfa088194f3c4ac9d86f47245c4c5948b27368d84e4
AMP-AD,boruta_rf,mayo,high,legacy_zero_truncated,absolute,0.0,4,45,0.8719632401753932,,,,0.011088508538466435,0.012557031402311972,False,absolute_regret_exceeds_tolerance,False,{},,False,mean_jaccard > higher_locking_score > smaller_feature_count > lower_run_id,regret_constrained_medoid,absolute,0.0,0.0,1,macro_ovr_auroc,"{""candidate_run_seed_rule"": ""42 + run_id"", ""locking_cv_seed"": 42, ""run_seed"": 46}",0.1.0,256fb84b77af8bf76e381cfa088194f3c4ac9d86f47245c4c5948b27368d84e4
AMP-AD,boruta_rf,mayo,high,legacy_zero_truncated,absolute,0.0,5,45,0.8830517487138596,,,,0.0,0.0,True,absolute_regret_within_tolerance,False,{},1.0,True,mean_jaccard > higher_locking_score > smaller_feature_count > lower_run_id,regret_constrained_medoid,absolute,0.0,0.0,1,macro_ovr_auroc,"{""candidate_run_seed_rule"": ""42 + run_id"", ""locking_cv_seed"": 42, ""run_seed"": 47}",0.1.0,256fb84b77af8bf76e381cfa088194f3c4ac9d86f47245c4c5948b27368d84e4
AMP-AD,boruta_rf,mayo,high,legacy_zero_truncated,absolute,0.005,1,45,0.8705907582978651,,,,0.012460990415994466,0.014111279926848628,False,absolute_regret_exceeds_tolerance,False,{},,False,mean_jaccard > higher_locking_score > smaller_feature_count > lower_run_id,regret_constrained_medoid,absolute,0.005,0.005,1,macro_ovr_auroc,"{""candidate_run_seed_rule"": ""42 + run_id"", ""locking_cv_seed"": 42, ""run_seed"": 43}",0.1.0,8f3bfa007c55f1fda622aca6e0b4d821cb1c8a24c3ac132911b739bcba48cf65
AMP-AD,boruta_rf,mayo,high,legacy_zero_truncated,absolute,0.005,2,45,0.8771844949859038,,,,0.0058672537279558235,0.0066442920661233225,False,absolute_regret_exceeds_tolerance,False,{},,False,mean_jaccard > higher_locking_score > smaller_feature_count > lower_run_id,regret_constrained_medoid,absolute,0.005,0.005,1,macro_ovr_auroc,"{""candidate_run_seed_rule"": ""42 + run_id"", ""locking_cv_seed"": 42, ""run_seed"": 44}",0.1.0,8f3bfa007c55f1fda622aca6e0b4d821cb1c8a24c3ac132911b739bcba48cf65
AMP-AD,boruta_rf,mayo,high,legacy_zero_truncated,absolute,0.005,3,45,0.8763368141647156,,,,0.006714934549143958,0.007604236738021384,False,absolute_regret_exceeds_tolerance,False,{},,False,mean_jaccard > higher_locking_score > smaller_feature_count > lower_run_id,regret_constrained_medoid,absolute,0.005,0.005,1,macro_ovr_auroc,"{""candidate_run_seed_rule"": ""42 + run_id"", ""locking_cv_seed"": 42, ""run_seed"": 45}",0.1.0,8f3bfa007c55f1fda622aca6e0b4d821cb1c8a24c3ac132911b739bcba48cf65
AMP-AD,boruta_rf,mayo,high,legacy_zero_truncated,absolute,0.005,4,45,0.8719632401753932,,,,0.011088508538466435,0.012557031402311972,False,absolute_regret_exceeds_tolerance,False,{},,False,mean_jaccard > higher_locking_score > smaller_feature_count > lower_run_id,regret_constrained_medoid,absolute,0.005,0.005,1,macro_ovr_auroc,"{""candidate_run_seed_rule"": ""42 + run_id"", ""locking_cv_seed"": 42, ""run_seed"": 46}",0.1.0,8f3bfa007c55f1fda622aca6e0b4d821cb1c8a24c3ac132911b739bcba48cf65
AMP-AD,boruta_rf,mayo,high,legacy_zero_truncated,absolute,0.005,5,45,0.8830517487138596,,,,0.0,0.0,True,absolute_regret_within_tolerance,False,{},1.0,True,mean_jaccard > higher_locking_score > smaller_feature_count > lower_run_id,regret_constrained_medoid,absolute,0.005,0.005,1,macro_ovr_auroc,"{""candidate_run_seed_rule"": ""42 + run_id"", ""locking_cv_seed"": 42, ""run_seed"": 47}",0.1.0,8f3bfa007c55f1fda622aca6e0b4d821cb1c8a24c3ac132911b739bcba48cf65
AMP-AD,boruta_rf,mayo,high,legacy_zero_truncated,absolute,0.01,1,45,0.8705907582978651,,,,0.012460990415994466,0.014111279926848628,False,absolute_regret_exceeds_tolerance,False,{},,False,mean_jaccard > higher_locking_score > smaller_feature_count > lower_run_id,regret_constrained_medoid,absolute,0.01,0.01,1,macro_ovr_auroc,"{""candidate_run_seed_rule"": ""42 + run_id"", ""locking_cv_seed"": 42, ""run_seed"": 43}",0.1.0,80675b3d4d3e2199c6d5b1ce523d5b3832110776e2fad928fa1555eeb80be603
AMP-AD,boruta_rf,mayo,high,legacy_zero_truncated,absolute,0.01,2,45,0.8771844949859038,,,,0.0058672537279558235,0.0066442920661233225,True,absolute_regret_within_tolerance,False,"{""3"": 0.40625, ""5"": 0.5}",0.453125,False,mean_jaccard > higher_locking_score > smaller_feature_count > lower_run_id,regret_constrained_medoid,absolute,0.01,0.01,1,macro_ovr_auroc,"{""candidate_run_seed_rule"": ""42 + run_id"", ""locking_cv_seed"": 42, ""run_seed"": 44}",0.1.0,80675b3d4d3e2199c6d5b1ce523d5b3832110776e2fad928fa1555eeb80be603
AMP-AD,boruta_rf,mayo,high,legacy_zero_truncated,absolute,0.01,3,45,0.8763368141647156,,,,0.006714934549143958,0.007604236738021384,True,absolute_regret_within_tolerance,False,"{""2"": 0.40625, ""5"": 0.42857142857142855}",0.4174107142857143,False,mean_jaccard > higher_locking_score > smaller_feature_count > lower_run_id,regret_constrained_medoid,absolute,0.01,0.01,1,macro_ovr_auroc,"{""candidate_run_seed_rule"": ""42 + run_id"", ""locking_cv_seed"": 42, ""run_seed"": 45}",0.1.0,80675b3d4d3e2199c6d5b1ce523d5b3832110776e2fad928fa1555eeb80be603
AMP-AD,boruta_rf,mayo,high,legacy_zero_truncated,absolute,0.01,4,45,0.8719632401753932,,,,0.011088508538466435,0.012557031402311972,False,absolute_regret_exceeds_tolerance,False,{},,False,mean_jaccard > higher_locking_score > smaller_feature_count > lower_run_id,regret_constrained_medoid,absolute,0.01,0.01,1,macro_ovr_auroc,"{""candidate_run_seed_rule"": ""42 + run_id"", ""locking_cv_seed"": 42, ""run_seed"": 46}",0.1.0,80675b3d4d3e2199c6d5b1ce523d5b3832110776e2fad928fa1555eeb80be603
AMP-AD,boruta_rf,mayo,high,legacy_zero_truncated,absolute,0.01,5,45,0.8830517487138596,,,,0.0,0.0,True,absolute_regret_within_tolerance,False,"{""2"": 0.5, ""3"": 0.42857142857142855}",0.4642857142857143,True,mean_jaccard > higher_locking_score > smaller_feature_count > lower_run_id,regret_constrained_medoid,absolute,0.01,0.01,1,macro_ovr_auroc,"{""candidate_run_seed_rule"": ""42 + run_id"", ""locking_cv_seed"": 42, ""run_seed"": 47}",0.1.0,80675b3d4d3e2199c6d5b1ce523d5b3832110776e2fad928fa1555eeb80be603
AMP-AD,boruta_rf,mayo,high,legacy_zero_truncated,absolute,0.02,1,45,0.8705907582978651,,,,0.012460990415994466,0.014111279926848628,True,absolute_regret_within_tolerance,False,"{""2"": 0.42857142857142855, ""3"": 0.3235294117647059, ""4"": 0.40625, ""5"": 0.38461538461538464}",0.38574155623787976,False,mean_jaccard > higher_locking_score > smaller_feature_count > lower_run_id,regret_constrained_medoid,absolute,0.02,0.02,1,macro_ovr_auroc,"{""candidate_run_seed_rule"": ""42 + run_id"", ""locking_cv_seed"": 42, ""run_seed"": 43}",0.1.0,734e36a1e2a161f131d4990233d0d344c554195dfbfaa24b833950485ca54df8
AMP-AD,boruta_rf,mayo,high,legacy_zero_truncated,absolute,0.02,2,45,0.8771844949859038,,,,0.0058672537279558235,0.0066442920661233225,True,absolute_regret_within_tolerance,False,"{""1"": 0.42857142857142855, ""3"": 0.40625, ""4"": 0.34328358208955223, ""5"": 0.5}",0.41952625266524524,False,mean_jaccard > higher_locking_score > smaller_feature_count > lower_run_id,regret_constrained_medoid,absolute,0.02,0.02,1,macro_ovr_auroc,"{""candidate_run_seed_rule"": ""42 + run_id"", ""locking_cv_seed"": 42, ""run_seed"": 44}",0.1.0,734e36a1e2a161f131d4990233d0d344c554195dfbfaa24b833950485ca54df8
AMP-AD,boruta_rf,mayo,high,legacy_zero_truncated,absolute,0.02,3,45,0.8763368141647156,,,,0.006714934549143958,0.007604236738021384,True,absolute_regret_within_tolerance,False,"{""1"": 0.3235294117647059, ""2"": 0.40625, ""4"": 0.3235294117647059, ""5"": 0.42857142857142855}",0.3704700630252101,False,mean_jaccard > higher_locking_score > smaller_feature_count > lower_run_id,regret_constrained_medoid,absolute,0.02,0.02,1,macro_ovr_auroc,"{""candidate_run_seed_rule"": ""42 + run_id"", ""locking_cv_seed"": 42, ""run_seed"": 45}",0.1.0,734e36a1e2a161f131d4990233d0d344c554195dfbfaa24b833950485ca54df8
AMP-AD,boruta_rf,mayo,high,legacy_zero_truncated,absolute,0.02,4,45,0.8719632401753932,,,,0.011088508538466435,0.012557031402311972,True,absolute_regret_within_tolerance,False,"{""1"": 0.40625, ""2"": 0.34328358208955223, ""3"": 0.3235294117647059, ""5"": 0.38461538461538464}",0.3644195946174107,False,mean_jaccard > higher_locking_score > smaller_feature_count > lower_run_id,regret_constrained_medoid,absolute,0.02,0.02,1,macro_ovr_auroc,"{""candidate_run_seed_rule"": ""42 + run_id"", ""locking_cv_seed"": 42, ""run_seed"": 46}",0.1.0,734e36a1e2a161f131d4990233d0d344c554195dfbfaa24b833950485ca54df8
AMP-AD,boruta_rf,mayo,high,legacy_zero_truncated,absolute,0.02,5,45,0.8830517487138596,,,,0.0,0.0,True,absolute_regret_within_tolerance,False,"{""1"": 0.38461538461538464, ""2"": 0.5, ""3"": 0.42857142857142855, ""4"": 0.38461538461538464}",0.42445054945054944,True,mean_jaccard > higher_locking_score > smaller_feature_count > lower_run_id,regret_constrained_medoid,absolute,0.02,0.02,1,macro_ovr_auroc,"{""candidate_run_seed_rule"": ""42 + run_id"", ""locking_cv_seed"": 42, ""run_seed"": 47}",0.1.0,734e36a1e2a161f131d4990233d0d344c554195dfbfaa24b833950485ca54df8
AMP-AD,boruta_rf,mayo,low,legacy_zero_truncated,absolute,0.0,1,13,0.8580699254954931,,,,0.012469342590873289,0.014323699169003142,False,absolute_regret_exceeds_tolerance,False,{},,False,mean_jaccard > higher_locking_score > smaller_feature_count > lower_run_id,regret_constrained_medoid,absolute,0.0,0.0,1,macro_ovr_auroc,"{""candidate_run_seed_rule"": ""42 + run_id"", ""locking_cv_seed"": 42, ""run_seed"": 43}",0.1.0,256fb84b77af8bf76e381cfa088194f3c4ac9d86f47245c4c5948b27368d84e4
AMP-AD,boruta_rf,mayo,low,legacy_zero_truncated,absolute,0.0,2,20,0.8487363054429917,,,,0.021802962643374668,0.025045352280664256,False,absolute_regret_exceeds_tolerance,False,{},,False,mean_jaccard > higher_locking_score > smaller_feature_count > lower_run_id,regret_constrained_medoid,absolute,0.0,0.0,1,macro_ovr_auroc,"{""candidate_run_seed_rule"": ""42 + run_id"", ""locking_cv_seed"": 42, ""run_seed"": 44}",0.1.0,256fb84b77af8bf76e381cfa088194f3c4ac9d86f47245c4c5948b27368d84e4
AMP-AD,boruta_rf,mayo,low,legacy_zero_truncated,absolute,0.0,3,22,0.8705392680863664,,,,0.0,0.0,True,absolute_regret_within_tolerance,False,{},1.0,True,mean_jaccard > higher_locking_score > smaller_feature_count > lower_run_id,regret_constrained_medoid,absolute,0.0,0.0,1,macro_ovr_auroc,"{""candidate_run_seed_rule"": ""42 + run_id"", ""locking_cv_seed"": 42, ""run_seed"": 45}",0.1.0,256fb84b77af8bf76e381cfa088194f3c4ac9d86f47245c4c5948b27368d84e4
AMP-AD,boruta_rf,mayo,low,legacy_zero_truncated,absolute,0.0,4,21,0.8553264375097849,,,,0.015212830576581515,0.017475180194941244,False,absolute_regret_exceeds_tolerance,False,{},,False,mean_jaccard > higher_locking_score > smaller_feature_count > lower_run_id,regret_constrained_medoid,absolute,0.0,0.0,1,macro_ovr_auroc,"{""candidate_run_seed_rule"": ""42 + run_id"", ""locking_cv_seed"": 42, ""run_seed"": 46}",0.1.0,256fb84b77af8bf76e381cfa088194f3c4ac9d86f47245c4c5948b27368d84e4
AMP-AD,boruta_rf,mayo,low,legacy_zero_truncated,absolute,0.0,5,15,0.7961248223554784,,,,0.07441444573088796,0.08548086049520431,False,absolute_regret_exceeds_tolerance,False,{},,False,mean_jaccard > higher_locking_score > smaller_feature_count > lower_run_id,regret_constrained_medoid,absolute,0.0,0.0,1,macro_ovr_auroc,"{""candidate_run_seed_rule"": ""42 + run_id"", ""locking_cv_seed"": 42, ""run_seed"": 47}",0.1.0,256fb84b77af8bf76e381cfa088194f3c4ac9d86f47245c4c5948b27368d84e4
AMP-AD,boruta_rf,mayo,low,legacy_zero_truncated,absolute,0.005,1,13,0.8580699254954931,,,,0.012469342590873289,0.014323699169003142,False,absolute_regret_exceeds_tolerance,False,{},,False,mean_jaccard > higher_locking_score > smaller_feature_count > lower_run_id,regret_constrained_medoid,absolute,0.005,0.005,1,macro_ovr_auroc,"{""candidate_run_seed_rule"": ""42 + run_id"", ""locking_cv_seed"": 42, ""run_seed"": 43}",0.1.0,8f3bfa007c55f1fda622aca6e0b4d821cb1c8a24c3ac132911b739bcba48cf65
AMP-AD,boruta_rf,mayo,low,legacy_zero_truncated,absolute,0.005,2,20,0.8487363054429917,,,,0.021802962643374668,0.025045352280664256,False,absolute_regret_exceeds_tolerance,False,{},,False,mean_jaccard > higher_locking_score > smaller_feature_count > lower_run_id,regret_constrained_medoid,absolute,0.005,0.005,1,macro_ovr_auroc,"{""candidate_run_seed_rule"": ""42 + run_id"", ""locking_cv_seed"": 42, ""run_seed"": 44}",0.1.0,8f3bfa007c55f1fda622aca6e0b4d821cb1c8a24c3ac132911b739bcba48cf65
AMP-AD,boruta_rf,mayo,low,legacy_zero_truncated,absolute,0.005,3,22,0.8705392680863664,,,,0.0,0.0,True,absolute_regret_within_tolerance,False,{},1.0,True,mean_jaccard > higher_locking_score > smaller_feature_count > lower_run_id,regret_constrained_medoid,absolute,0.005,0.005,1,macro_ovr_auroc,"{""candidate_run_seed_rule"": ""42 + run_id"", ""locking_cv_seed"": 42, ""run_seed"": 45}",0.1.0,8f3bfa007c55f1fda622aca6e0b4d821cb1c8a24c3ac132911b739bcba48cf65
AMP-AD,boruta_rf,mayo,low,legacy_zero_truncated,absolute,0.005,4,21,0.8553264375097849,,,,0.015212830576581515,0.017475180194941244,False,absolute_regret_exceeds_tolerance,False,{},,False,mean_jaccard > higher_locking_score > smaller_feature_count > lower_run_id,regret_constrained_medoid,absolute,0.005,0.005,1,macro_ovr_auroc,"{""candidate_run_seed_rule"": ""42 + run_id"", ""locking_cv_seed"": 42, ""run_seed"": 46}",0.1.0,8f3bfa007c55f1fda622aca6e0b4d821cb1c8a24c3ac132911b739bcba48cf65
AMP-AD,boruta_rf,mayo,low,legacy_zero_truncated,absolute,0.005,5,15,0.7961248223554784,,,,0.07441444573088796,0.08548086049520431,False,absolute_regret_exceeds_tolerance,False,{},,False,mean_jaccard > higher_locking_score > smaller_feature_count > lower_run_id,regret_constrained_medoid,absolute,0.005,0.005,1,macro_ovr_auroc,"{""candidate_run_seed_rule"": ""42 + run_id"", ""locking_cv_seed"": 42, ""run_seed"": 47}",0.1.0,8f3bfa007c55f1fda622aca6e0b4d821cb1c8a24c3ac132911b739bcba48cf65
AMP-AD,boruta_rf,mayo,low,legacy_zero_truncated,absolute,0.01,1,13,0.8580699254954931,,,,0.012469342590873289,0.014323699169003142,False,absolute_regret_exceeds_tolerance,False,{},,False,mean_jaccard > higher_locking_score > smaller_feature_count > lower_run_id,regret_constrained_medoid,absolute,0.01,0.01,1,macro_ovr_auroc,"{""candidate_run_seed_rule"": ""42 + run_id"", ""locking_cv_seed"": 42, ""run_seed"": 43}",0.1.0,80675b3d4d3e2199c6d5b1ce523d5b3832110776e2fad928fa1555eeb80be603
AMP-AD,boruta_rf,mayo,low,legacy_zero_truncated,absolute,0.01,2,20,0.8487363054429917,,,,0.021802962643374668,0.025045352280664256,False,absolute_regret_exceeds_tolerance,False,{},,False,mean_jaccard > higher_locking_score > smaller_feature_count > lower_run_id,regret_constrained_medoid,absolute,0.01,0.01,1,macro_ovr_auroc,"{""candidate_run_seed_rule"": ""42 + run_id"", ""locking_cv_seed"": 42, ""run_seed"": 44}",0.1.0,80675b3d4d3e2199c6d5b1ce523d5b3832110776e2fad928fa1555eeb80be603
AMP-AD,boruta_rf,mayo,low,legacy_zero_truncated,absolute,0.01,3,22,0.8705392680863664,,,,0.0,0.0,True,absolute_regret_within_tolerance,False,{},1.0,True,mean_jaccard > higher_locking_score > smaller_feature_count > lower_run_id,regret_constrained_medoid,absolute,0.01,0.01,1,macro_ovr_auroc,"{""candidate_run_seed_rule"": ""42 + run_id"", ""locking_cv_seed"": 42, ""run_seed"": 45}",0.1.0,80675b3d4d3e2199c6d5b1ce523d5b3832110776e2fad928fa1555eeb80be603
AMP-AD,boruta_rf,mayo,low,legacy_zero_truncated,absolute,0.01,4,21,0.8553264375097849,,,,0.015212830576581515,0.017475180194941244,False,absolute_regret_exceeds_tolerance,False,{},,False,mean_jaccard > higher_locking_score > smaller_feature_count > lower_run_id,regret_constrained_medoid,absolute,0.01,0.01,1,macro_ovr_auroc,"{""candidate_run_seed_rule"": ""42 + run_id"", ""locking_cv_seed"": 42, ""run_seed"": 46}",0.1.0,80675b3d4d3e2199c6d5b1ce523d5b3832110776e2fad928fa1555eeb80be603
AMP-AD,boruta_rf,mayo,low,legacy_zero_truncated,absolute,0.01,5,15,0.7961248223554784,,,,0.07441444573088796,0.08548086049520431,False,absolute_regret_exceeds_tolerance,False,{},,False,mean_jaccard > higher_locking_score > smaller_feature_count > lower_run_id,regret_constrained_medoid,absolute,0.01,0.01,1,macro_ovr_auroc,"{""candidate_run_seed_rule"": ""42 + run_id"", ""locking_cv_seed"": 42, ""run_seed"": 47}",0.1.0,80675b3d4d3e2199c6d5b1ce523d5b3832110776e2fad928fa1555eeb80be603
AMP-AD,boruta_rf,mayo,low,legacy_zero_truncated,absolute,0.02,1,13,0.8580699254954931,,,,0.012469342590873289,0.014323699169003142,True,absolute_regret_within_tolerance,False,"{""3"": 0.20689655172413793, ""4"": 0.030303030303030304}",0.11859979101358412,False,mean_jaccard > higher_locking_score > smaller_feature_count > lower_run_id,regret_constrained_medoid,absolute,0.02,0.02,1,macro_ovr_auroc,"{""candidate_run_seed_rule"": ""42 + run_id"", ""locking_cv_seed"": 42, ""run_seed"": 43}",0.1.0,734e36a1e2a161f131d4990233d0d344c554195dfbfaa24b833950485ca54df8
AMP-AD,boruta_rf,mayo,low,legacy_zero_truncated,absolute,0.02,2,20,0.8487363054429917,,,,0.021802962643374668,0.025045352280664256,False,absolute_regret_exceeds_tolerance,False,{},,False,mean_jaccard > higher_locking_score > smaller_feature_count > lower_run_id,regret_constrained_medoid,absolute,0.02,0.02,1,macro_ovr_auroc,"{""candidate_run_seed_rule"": ""42 + run_id"", ""locking_cv_seed"": 42, ""run_seed"": 44}",0.1.0,734e36a1e2a161f131d4990233d0d344c554195dfbfaa24b833950485ca54df8
AMP-AD,boruta_rf,mayo,low,legacy_zero_truncated,absolute,0.02,3,22,0.8705392680863664,,,,0.0,0.0,True,absolute_regret_within_tolerance,False,"{""1"": 0.20689655172413793, ""4"": 0.075}",0.14094827586206896,True,mean_jaccard > higher_locking_score > smaller_feature_count > lower_run_id,regret_constrained_medoid,absolute,0.02,0.02,1,macro_ovr_auroc,"{""candidate_run_seed_rule"": ""42 + run_id"", ""locking_cv_seed"": 42, ""run_seed"": 45}",0.1.0,734e36a1e2a161f131d4990233d0d344c554195dfbfaa24b833950485ca54df8
AMP-AD,boruta_rf,mayo,low,legacy_zero_truncated,absolute,0.02,4,21,0.8553264375097849,,,,0.015212830576581515,0.017475180194941244,True,absolute_regret_within_tolerance,False,"{""1"": 0.030303030303030304, ""3"": 0.075}",0.05265151515151515,False,mean_jaccard > higher_locking_score > smaller_feature_count > lower_run_id,regret_constrained_medoid,absolute,0.02,0.02,1,macro_ovr_auroc,"{""candidate_run_seed_rule"": ""42 + run_id"", ""locking_cv_seed"": 42, ""run_seed"": 46}",0.1.0,734e36a1e2a161f131d4990233d0d344c554195dfbfaa24b833950485ca54df8
AMP-AD,boruta_rf,mayo,low,legacy_zero_truncated,absolute,0.02,5,15,0.7961248223554784,,,,0.07441444573088796,0.08548086049520431,False,absolute_regret_exceeds_tolerance,False,{},,False,mean_jaccard > higher_locking_score > smaller_feature_count > lower_run_id,regret_constrained_medoid,absolute,0.02,0.02,1,macro_ovr_auroc,"{""candidate_run_seed_rule"": ""42 + run_id"", ""locking_cv_seed"": 42, ""run_seed"": 47}",0.1.0,734e36a1e2a161f131d4990233d0d344c554195dfbfaa24b833950485ca54df8
AMP-AD,boruta_rf,mayo,reference,legacy_zero_truncated,absolute,0.0,1,24,0.8802709515860274,,,,0.0021666149358536835,0.002455261446306479,False,absolute_regret_exceeds_tolerance,False,{},,False,mean_jaccard > higher_locking_score > smaller_feature_count > lower_run_id,regret_constrained_medoid,absolute,0.0,0.0,1,macro_ovr_auroc,"{""candidate_run_seed_rule"": ""42 + run_id"", ""locking_cv_seed"": 42, ""run_seed"": 43}",0.1.0,256fb84b77af8bf76e381cfa088194f3c4ac9d86f47245c4c5948b27368d84e4
AMP-AD,boruta_rf,mayo,reference,legacy_zero_truncated,absolute,0.0,2,24,0.8824375665218811,,,,0.0,0.0,True,absolute_regret_within_tolerance,False,{},1.0,True,mean_jaccard > higher_locking_score > smaller_feature_count > lower_run_id,regret_constrained_medoid,absolute,0.0,0.0,1,macro_ovr_auroc,"{""candidate_run_seed_rule"": ""42 + run_id"", ""locking_cv_seed"": 42, ""run_seed"": 44}",0.1.0,256fb84b77af8bf76e381cfa088194f3c4ac9d86f47245c4c5948b27368d84e4
AMP-AD,boruta_rf,mayo,reference,legacy_zero_truncated,absolute,0.0,3,24,0.8697590938521342,,,,0.012678472669746865,0.014367557718240553,False,absolute_regret_exceeds_tolerance,False,{},,False,mean_jaccard > higher_locking_score > smaller_feature_count > lower_run_id,regret_constrained_medoid,absolute,0.0,0.0,1,macro_ovr_auroc,"{""candidate_run_seed_rule"": ""42 + run_id"", ""locking_cv_seed"": 42, ""run_seed"": 45}",0.1.0,256fb84b77af8bf76e381cfa088194f3c4ac9d86f47245c4c5948b27368d84e4
AMP-AD,boruta_rf,mayo,reference,legacy_zero_truncated,absolute,0.0,4,24,0.8587064927176365,,,,0.02373107380424455,0.026892637739551754,False,absolute_regret_exceeds_tolerance,False,{},,False,mean_jaccard > higher_locking_score > smaller_feature_count > lower_run_id,regret_constrained_medoid,absolute,0.0,0.0,1,macro_ovr_auroc,"{""candidate_run_seed_rule"": ""42 + run_id"", ""locking_cv_seed"": 42, ""run_seed"": 46}",0.1.0,256fb84b77af8bf76e381cfa088194f3c4ac9d86f47245c4c5948b27368d84e4
AMP-AD,boruta_rf,mayo,reference,legacy_zero_truncated,absolute,0.0,5,24,0.8596915123237663,,,,0.022746054198114818,0.02577638924390783,False,absolute_regret_exceeds_tolerance,False,{},,False,mean_jaccard > higher_locking_score > smaller_feature_count > lower_run_id,regret_constrained_medoid,absolute,0.0,0.0,1,macro_ovr_auroc,"{""candidate_run_seed_rule"": ""42 + run_id"", ""locking_cv_seed"": 42, ""run_seed"": 47}",0.1.0,256fb84b77af8bf76e381cfa088194f3c4ac9d86f47245c4c5948b27368d84e4
AMP-AD,boruta_rf,mayo,reference,legacy_zero_truncated,absolute,0.005,1,24,0.8802709515860274,,,,0.0021666149358536835,0.002455261446306479,True,absolute_regret_within_tolerance,False,"{""2"": 0.17073170731707318}",0.17073170731707318,False,mean_jaccard > higher_locking_score > smaller_feature_count > lower_run_id,regret_constrained_medoid,absolute,0.005,0.005,1,macro_ovr_auroc,"{""candidate_run_seed_rule"": ""42 + run_id"", ""locking_cv_seed"": 42, ""run_seed"": 43}",0.1.0,8f3bfa007c55f1fda622aca6e0b4d821cb1c8a24c3ac132911b739bcba48cf65
AMP-AD,boruta_rf,mayo,reference,legacy_zero_truncated,absolute,0.005,2,24,0.8824375665218811,,,,0.0,0.0,True,absolute_regret_within_tolerance,False,"{""1"": 0.17073170731707318}",0.17073170731707318,True,mean_jaccard > higher_locking_score > smaller_feature_count > lower_run_id,regret_constrained_medoid,absolute,0.005,0.005,1,macro_ovr_auroc,"{""candidate_run_seed_rule"": ""42 + run_id"", ""locking_cv_seed"": 42, ""run_seed"": 44}",0.1.0,8f3bfa007c55f1fda622aca6e0b4d821cb1c8a24c3ac132911b739bcba48cf65
AMP-AD,boruta_rf,mayo,reference,legacy_zero_truncated,absolute,0.005,3,24,0.8697590938521342,,,,0.012678472669746865,0.014367557718240553,False,absolute_regret_exceeds_tolerance,False,{},,False,mean_jaccard > higher_locking_score > smaller_feature_count > lower_run_id,regret_constrained_medoid,absolute,0.005,0.005,1,macro_ovr_auroc,"{""candidate_run_seed_rule"": ""42 + run_id"", ""locking_cv_seed"": 42, ""run_seed"": 45}",0.1.0,8f3bfa007c55f1fda622aca6e0b4d821cb1c8a24c3ac132911b739bcba48cf65
AMP-AD,boruta_rf,mayo,reference,legacy_zero_truncated,absolute,0.005,4,24,0.8587064927176365,,,,0.02373107380424455,0.026892637739551754,False,absolute_regret_exceeds_tolerance,False,{},,False,mean_jaccard > higher_locking_score > smaller_feature_count > lower_run_id,regret_constrained_medoid,absolute,0.005,0.005,1,macro_ovr_auroc,"{""candidate_run_seed_rule"": ""42 + run_id"", ""locking_cv_seed"": 42, ""run_seed"": 46}",0.1.0,8f3bfa007c55f1fda622aca6e0b4d821cb1c8a24c3ac132911b739bcba48cf65
AMP-AD,boruta_rf,mayo,reference,legacy_zero_truncated,absolute,0.005,5,24,0.8596915123237663,,,,0.022746054198114818,0.02577638924390783,False,absolute_regret_exceeds_tolerance,False,{},,False,mean_jaccard > higher_locking_score > smaller_feature_count > lower_run_id,regret_constrained_medoid,absolute,0.005,0.005,1,macro_ovr_auroc,"{""candidate_run_seed_rule"": ""42 + run_id"", ""locking_cv_seed"": 42, ""run_seed"": 47}",0.1.0,8f3bfa007c55f1fda622aca6e0b4d821cb1c8a24c3ac132911b739bcba48cf65
AMP-AD,boruta_rf,mayo,reference,legacy_zero_truncated,absolute,0.01,1,24,0.8802709515860274,,,,0.0021666149358536835,0.002455261446306479,True,absolute_regret_within_tolerance,False,"{""2"": 0.17073170731707318}",0.17073170731707318,False,mean_jaccard > higher_locking_score > smaller_feature_count > lower_run_id,regret_constrained_medoid,absolute,0.01,0.01,1,macro_ovr_auroc,"{""candidate_run_seed_rule"": ""42 + run_id"", ""locking_cv_seed"": 42, ""run_seed"": 43}",0.1.0,80675b3d4d3e2199c6d5b1ce523d5b3832110776e2fad928fa1555eeb80be603
AMP-AD,boruta_rf,mayo,reference,legacy_zero_truncated,absolute,0.01,2,24,0.8824375665218811,,,,0.0,0.0,True,absolute_regret_within_tolerance,False,"{""1"": 0.17073170731707318}",0.17073170731707318,True,mean_jaccard > higher_locking_score > smaller_feature_count > lower_run_id,regret_constrained_medoid,absolute,0.01,0.01,1,macro_ovr_auroc,"{""candidate_run_seed_rule"": ""42 + run_id"", ""locking_cv_seed"": 42, ""run_seed"": 44}",0.1.0,80675b3d4d3e2199c6d5b1ce523d5b3832110776e2fad928fa1555eeb80be603
AMP-AD,boruta_rf,mayo,reference,legacy_zero_truncated,absolute,0.01,3,24,0.8697590938521342,,,,0.012678472669746865,0.014367557718240553,False,absolute_regret_exceeds_tolerance,False,{},,False,mean_jaccard > higher_locking_score > smaller_feature_count > lower_run_id,regret_constrained_medoid,absolute,0.01,0.01,1,macro_ovr_auroc,"{""candidate_run_seed_rule"": ""42 + run_id"", ""locking_cv_seed"": 42, ""run_seed"": 45}",0.1.0,80675b3d4d3e2199c6d5b1ce523d5b3832110776e2fad928fa1555eeb80be603
AMP-AD,boruta_rf,mayo,reference,legacy_zero_truncated,absolute,0.01,4,24,0.8587064927176365,,,,0.02373107380424455,0.026892637739551754,False,absolute_regret_exceeds_tolerance,False,{},,False,mean_jaccard > higher_locking_score > smaller_feature_count > lower_run_id,regret_constrained_medoid,absolute,0.01,0.01,1,macro_ovr_auroc,"{""candidate_run_seed_rule"": ""42 + run_id"", ""locking_cv_seed"": 42, ""run_seed"": 46}",0.1.0,80675b3d4d3e2199c6d5b1ce523d5b3832110776e2fad928fa1555eeb80be603
AMP-AD,boruta_rf,mayo,reference,legacy_zero_truncated,absolute,0.01,5,24,0.8596915123237663,,,,0.022746054198114818,0.02577638924390783,False,absolute_regret_exceeds_tolerance,False,{},,False,mean_jaccard > higher_locking_score > smaller_feature_count > lower_run_id,regret_constrained_medoid,absolute,0.01,0.01,1,macro_ovr_auroc,"{""candidate_run_seed_rule"": ""42 + run_id"", ""locking_cv_seed"": 42, ""run_seed"": 47}",0.1.0,80675b3d4d3e2199c6d5b1ce523d5b3832110776e2fad928fa1555eeb80be603
AMP-AD,boruta_rf,mayo,reference,legacy_zero_truncated,absolute,0.02,1,24,0.8802709515860274,,,,0.0021666149358536835,0.002455261446306479,True,absolute_regret_within_tolerance,False,"{""2"": 0.17073170731707318, ""3"": 0.14285714285714285}",0.156794425087108,False,mean_jaccard > higher_locking_score > smaller_feature_count > lower_run_id,regret_constrained_medoid,absolute,0.02,0.02,1,macro_ovr_auroc,"{""candidate_run_seed_rule"": ""42 + run_id"", ""locking_cv_seed"": 42, ""run_seed"": 43}",0.1.0,734e36a1e2a161f131d4990233d0d344c554195dfbfaa24b833950485ca54df8
AMP-AD,boruta_rf,mayo,reference,legacy_zero_truncated,absolute,0.02,2,24,0.8824375665218811,,,,0.0,0.0,True,absolute_regret_within_tolerance,False,"{""1"": 0.17073170731707318, ""3"": 0.2972972972972973}",0.23401450230718523,True,mean_jaccard > higher_locking_score > smaller_feature_count > lower_run_id,regret_constrained_medoid,absolute,0.02,0.02,1,macro_ovr_auroc,"{""candidate_run_seed_rule"": ""42 + run_id"", ""locking_cv_seed"": 42, ""run_seed"": 44}",0.1.0,734e36a1e2a161f131d4990233d0d344c554195dfbfaa24b833950485ca54df8
AMP-AD,boruta_rf,mayo,reference,legacy_zero_truncated,absolute,0.02,3,24,0.8697590938521342,,,,0.012678472669746865,0.014367557718240553,True,absolute_regret_within_tolerance,False,"{""1"": 0.14285714285714285, ""2"": 0.2972972972972973}",0.22007722007722008,False,mean_jaccard > higher_locking_score > smaller_feature_count > lower_run_id,regret_constrained_medoid,absolute,0.02,0.02,1,macro_ovr_auroc,"{""candidate_run_seed_rule"": ""42 + run_id"", ""locking_cv_seed"": 42, ""run_seed"": 45}",0.1.0,734e36a1e2a161f131d4990233d0d344c554195dfbfaa24b833950485ca54df8
AMP-AD,boruta_rf,mayo,reference,legacy_zero_truncated,absolute,0.02,4,24,0.8587064927176365,,,,0.02373107380424455,0.026892637739551754,False,absolute_regret_exceeds_tolerance,False,{},,False,mean_jaccard > higher_locking_score > smaller_feature_count > lower_run_id,regret_constrained_medoid,absolute,0.02,0.02,1,macro_ovr_auroc,"{""candidate_run_seed_rule"": ""42 + run_id"", ""locking_cv_seed"": 42, ""run_seed"": 46}",0.1.0,734e36a1e2a161f131d4990233d0d344c554195dfbfaa24b833950485ca54df8
AMP-AD,boruta_rf,mayo,reference,legacy_zero_truncated,absolute,0.02,5,24,0.8596915123237663,,,,0.022746054198114818,0.02577638924390783,False,absolute_regret_exceeds_tolerance,False,{},,False,mean_jaccard > higher_locking_score > smaller_feature_count > lower_run_id,regret_constrained_medoid,absolute,0.02,0.02,1,macro_ovr_auroc,"{""candidate_run_seed_rule"": ""42 + run_id"", ""locking_cv_seed"": 42, ""run_seed"": 47}",0.1.0,734e36a1e2a161f131d4990233d0d344c554195dfbfaa24b833950485ca54df8
AMP-AD,boruta_rf,mount_sinai,high,legacy_zero_truncated,absolute,0.0,1,47,0.8830315821748315,,,,0.010071578918649626,0.011277061102681995,False,absolute_regret_exceeds_tolerance,False,{},,False,mean_jaccard > higher_locking_score > smaller_feature_count > lower_run_id,regret_constrained_medoid,absolute,0.0,0.0,1,macro_ovr_auroc,"{""candidate_run_seed_rule"": ""42 + run_id"", ""locking_cv_seed"": 42, ""run_seed"": 43}",0.1.0,256fb84b77af8bf76e381cfa088194f3c4ac9d86f47245c4c5948b27368d84e4
AMP-AD,boruta_rf,mount_sinai,high,legacy_zero_truncated,absolute,0.0,2,47,0.8931031610934811,,,,0.0,0.0,True,absolute_regret_within_tolerance,False,{},1.0,True,mean_jaccard > higher_locking_score > smaller_feature_count > lower_run_id,regret_constrained_medoid,absolute,0.0,0.0,1,macro_ovr_auroc,"{""candidate_run_seed_rule"": ""42 + run_id"", ""locking_cv_seed"": 42, ""run_seed"": 44}",0.1.0,256fb84b77af8bf76e381cfa088194f3c4ac9d86f47245c4c5948b27368d84e4
AMP-AD,boruta_rf,mount_sinai,high,legacy_zero_truncated,absolute,0.0,3,47,0.8913131099016475,,,,0.0017900511918336193,0.0020043050677840506,False,absolute_regret_exceeds_tolerance,False,{},,False,mean_jaccard > higher_locking_score > smaller_feature_count > lower_run_id,regret_constrained_medoid,absolute,0.0,0.0,1,macro_ovr_auroc,"{""candidate_run_seed_rule"": ""42 + run_id"", ""locking_cv_seed"": 42, ""run_seed"": 45}",0.1.0,256fb84b77af8bf76e381cfa088194f3c4ac9d86f47245c4c5948b27368d84e4
AMP-AD,boruta_rf,mount_sinai,high,legacy_zero_truncated,absolute,0.0,4,47,0.8866590745001999,,,,0.0064440865932812175,0.007215388853165995,False,absolute_regret_exceeds_tolerance,False,{},,False,mean_jaccard > higher_locking_score > smaller_feature_count > lower_run_id,regret_constrained_medoid,absolute,0.0,0.0,1,macro_ovr_auroc,"{""candidate_run_seed_rule"": ""42 + run_id"", ""locking_cv_seed"": 42, ""run_seed"": 46}",0.1.0,256fb84b77af8bf76e381cfa088194f3c4ac9d86f47245c4c5948b27368d84e4
AMP-AD,boruta_rf,mount_sinai,high,legacy_zero_truncated,absolute,0.0,5,47,0.880176876578836,,,,0.012926284514645059,0.014473450635667457,False,absolute_regret_exceeds_tolerance,False,{},,False,mean_jaccard > higher_locking_score > smaller_feature_count > lower_run_id,regret_constrained_medoid,absolute,0.0,0.0,1,macro_ovr_auroc,"{""candidate_run_seed_rule"": ""42 + run_id"", ""locking_cv_seed"": 42, ""run_seed"": 47}",0.1.0,256fb84b77af8bf76e381cfa088194f3c4ac9d86f47245c4c5948b27368d84e4
AMP-AD,boruta_rf,mount_sinai,high,legacy_zero_truncated,absolute,0.005,1,47,0.8830315821748315,,,,0.010071578918649626,0.011277061102681995,False,absolute_regret_exceeds_tolerance,False,{},,False,mean_jaccard > higher_locking_score > smaller_feature_count > lower_run_id,regret_constrained_medoid,absolute,0.005,0.005,1,macro_ovr_auroc,"{""candidate_run_seed_rule"": ""42 + run_id"", ""locking_cv_seed"": 42, ""run_seed"": 43}",0.1.0,8f3bfa007c55f1fda622aca6e0b4d821cb1c8a24c3ac132911b739bcba48cf65
AMP-AD,boruta_rf,mount_sinai,high,legacy_zero_truncated,absolute,0.005,2,47,0.8931031610934811,,,,0.0,0.0,True,absolute_regret_within_tolerance,False,"{""3"": 0.3055555555555556}",0.3055555555555556,True,mean_jaccard > higher_locking_score > smaller_feature_count > lower_run_id,regret_constrained_medoid,absolute,0.005,0.005,1,macro_ovr_auroc,"{""candidate_run_seed_rule"": ""42 + run_id"", ""locking_cv_seed"": 42, ""run_seed"": 44}",0.1.0,8f3bfa007c55f1fda622aca6e0b4d821cb1c8a24c3ac132911b739bcba48cf65
AMP-AD,boruta_rf,mount_sinai,high,legacy_zero_truncated,absolute,0.005,3,47,0.8913131099016475,,,,0.0017900511918336193,0.0020043050677840506,True,absolute_regret_within_tolerance,False,"{""2"": 0.3055555555555556}",0.3055555555555556,False,mean_jaccard > higher_locking_score > smaller_feature_count > lower_run_id,regret_constrained_medoid,absolute,0.005,0.005,1,macro_ovr_auroc,"{""candidate_run_seed_rule"": ""42 + run_id"", ""locking_cv_seed"": 42, ""run_seed"": 45}",0.1.0,8f3bfa007c55f1fda622aca6e0b4d821cb1c8a24c3ac132911b739bcba48cf65
AMP-AD,boruta_rf,mount_sinai,high,legacy_zero_truncated,absolute,0.005,4,47,0.8866590745001999,,,,0.0064440865932812175,0.007215388853165995,False,absolute_regret_exceeds_tolerance,False,{},,False,mean_jaccard > higher_locking_score > smaller_feature_count > lower_run_id,regret_constrained_medoid,absolute,0.005,0.005,1,macro_ovr_auroc,"{""candidate_run_seed_rule"": ""42 + run_id"", ""locking_cv_seed"": 42, ""run_seed"": 46}",0.1.0,8f3bfa007c55f1fda622aca6e0b4d821cb1c8a24c3ac132911b739bcba48cf65
AMP-AD,boruta_rf,mount_sinai,high,legacy_zero_truncated,absolute,0.005,5,47,0.880176876578836,,,,0.012926284514645059,0.014473450635667457,False,absolute_regret_exceeds_tolerance,False,{},,False,mean_jaccard > higher_locking_score > smaller_feature_count > lower_run_id,regret_constrained_medoid,absolute,0.005,0.005,1,macro_ovr_auroc,"{""candidate_run_seed_rule"": ""42 + run_id"", ""locking_cv_seed"": 42, ""run_seed"": 47}",0.1.0,8f3bfa007c55f1fda622aca6e0b4d821cb1c8a24c3ac132911b739bcba48cf65
AMP-AD,boruta_rf,mount_sinai,high,legacy_zero_truncated,absolute,0.01,1,47,0.8830315821748315,,,,0.010071578918649626,0.011277061102681995,False,absolute_regret_exceeds_tolerance,False,{},,False,mean_jaccard > higher_locking_score > smaller_feature_count > lower_run_id,regret_constrained_medoid,absolute,0.01,0.01,1,macro_ovr_auroc,"{""candidate_run_seed_rule"": ""42 + run_id"", ""locking_cv_seed"": 42, ""run_seed"": 43}",0.1.0,80675b3d4d3e2199c6d5b1ce523d5b3832110776e2fad928fa1555eeb80be603
AMP-AD,boruta_rf,mount_sinai,high,legacy_zero_truncated,absolute,0.01,2,47,0.8931031610934811,,,,0.0,0.0,True,absolute_regret_within_tolerance,False,"{""3"": 0.3055555555555556, ""4"": 0.20512820512820512}",0.2553418803418803,False,mean_jaccard > higher_locking_score > smaller_feature_count > lower_run_id,regret_constrained_medoid,absolute,0.01,0.01,1,macro_ovr_auroc,"{""candidate_run_seed_rule"": ""42 + run_id"", ""locking_cv_seed"": 42, ""run_seed"": 44}",0.1.0,80675b3d4d3e2199c6d5b1ce523d5b3832110776e2fad928fa1555eeb80be603
AMP-AD,boruta_rf,mount_sinai,high,legacy_zero_truncated,absolute,0.01,3,47,0.8913131099016475,,,,0.0017900511918336193,0.0020043050677840506,True,absolute_regret_within_tolerance,False,"{""2"": 0.3055555555555556, ""4"": 0.323943661971831}",0.3147496087636933,True,mean_jaccard > higher_locking_score > smaller_feature_count > lower_run_id,regret_constrained_medoid,absolute,0.01,0.01,1,macro_ovr_auroc,"{""candidate_run_seed_rule"": ""42 + run_id"", ""locking_cv_seed"": 42, ""run_seed"": 45}",0.1.0,80675b3d4d3e2199c6d5b1ce523d5b3832110776e2fad928fa1555eeb80be603
AMP-AD,boruta_rf,mount_sinai,high,legacy_zero_truncated,absolute,0.01,4,47,0.8866590745001999,,,,0.0064440865932812175,0.007215388853165995,True,absolute_regret_within_tolerance,False,"{""2"": 0.20512820512820512, ""3"": 0.323943661971831}",0.26453593355001803,False,mean_jaccard > higher_locking_score > smaller_feature_count > lower_run_id,regret_constrained_medoid,absolute,0.01,0.01,1,macro_ovr_auroc,"{""candidate_run_seed_rule"": ""42 + run_id"", ""locking_cv_seed"": 42, ""run_seed"": 46}",0.1.0,80675b3d4d3e2199c6d5b1ce523d5b3832110776e2fad928fa1555eeb80be603
AMP-AD,boruta_rf,mount_sinai,high,legacy_zero_truncated,absolute,0.01,5,47,0.880176876578836,,,,0.012926284514645059,0.014473450635667457,False,absolute_regret_exceeds_tolerance,False,{},,False,mean_jaccard > higher_locking_score > smaller_feature_count > lower_run_id,regret_constrained_medoid,absolute,0.01,0.01,1,macro_ovr_auroc,"{""candidate_run_seed_rule"": ""42 + run_id"", ""locking_cv_seed"": 42, ""run_seed"": 47}",0.1.0,80675b3d4d3e2199c6d5b1ce523d5b3832110776e2fad928fa1555eeb80be603
AMP-AD,boruta_rf,mount_sinai,high,legacy_zero_truncated,absolute,0.02,1,47,0.8830315821748315,,,,0.010071578918649626,0.011277061102681995,True,absolute_regret_within_tolerance,False,"{""2"": 0.23684210526315788, ""3"": 0.20512820512820512, ""4"": 0.34285714285714286, ""5"": 0.22077922077922077}",0.2514016685069317,False,mean_jaccard > higher_locking_score > smaller_feature_count > lower_run_id,regret_constrained_medoid,absolute,0.02,0.02,1,macro_ovr_auroc,"{""candidate_run_seed_rule"": ""42 + run_id"", ""locking_cv_seed"": 42, ""run_seed"": 43}",0.1.0,734e36a1e2a161f131d4990233d0d344c554195dfbfaa24b833950485ca54df8
AMP-AD,boruta_rf,mount_sinai,high,legacy_zero_truncated,absolute,0.02,2,47,0.8931031610934811,,,,0.0,0.0,True,absolute_regret_within_tolerance,False,"{""1"": 0.23684210526315788, ""3"": 0.3055555555555556, ""4"": 0.20512820512820512, ""5"": 0.23684210526315788}",0.24609199280251912,False,mean_jaccard > higher_locking_score > smaller_feature_count > lower_run_id,regret_constrained_medoid,absolute,0.02,0.02,1,macro_ovr_auroc,"{""candidate_run_seed_rule"": ""42 + run_id"", ""locking_cv_seed"": 42, ""run_seed"": 44}",0.1.0,734e36a1e2a161f131d4990233d0d344c554195dfbfaa24b833950485ca54df8
AMP-AD,boruta_rf,mount_sinai,high,legacy_zero_truncated,absolute,0.02,3,47,0.8913131099016475,,,,0.0017900511918336193,0.0020043050677840506,True,absolute_regret_within_tolerance,False,"{""1"": 0.20512820512820512, ""2"": 0.3055555555555556, ""4"": 0.323943661971831, ""5"": 0.189873417721519}",0.2561252100942777,False,mean_jaccard > higher_locking_score > smaller_feature_count > lower_run_id,regret_constrained_medoid,absolute,0.02,0.02,1,macro_ovr_auroc,"{""candidate_run_seed_rule"": ""42 + run_id"", ""locking_cv_seed"": 42, ""run_seed"": 45}",0.1.0,734e36a1e2a161f131d4990233d0d344c554195dfbfaa24b833950485ca54df8
AMP-AD,boruta_rf,mount_sinai,high,legacy_zero_truncated,absolute,0.02,4,47,0.8866590745001999,,,,0.0064440865932812175,0.007215388853165995,True,absolute_regret_within_tolerance,False,"{""1"": 0.34285714285714286, ""2"": 0.20512820512820512, ""3"": 0.323943661971831, ""5"": 0.3055555555555556}",0.29437114137818365,True,mean_jaccard > higher_locking_score > smaller_feature_count > lower_run_id,regret_constrained_medoid,absolute,0.02,0.02,1,macro_ovr_auroc,"{""candidate_run_seed_rule"": ""42 + run_id"", ""locking_cv_seed"": 42, ""run_seed"": 46}",0.1.0,734e36a1e2a161f131d4990233d0d344c554195dfbfaa24b833950485ca54df8
AMP-AD,boruta_rf,mount_sinai,high,legacy_zero_truncated,absolute,0.02,5,47,0.880176876578836,,,,0.012926284514645059,0.014473450635667457,True,absolute_regret_within_tolerance,False,"{""1"": 0.22077922077922077, ""2"": 0.23684210526315788, ""3"": 0.189873417721519, ""4"": 0.3055555555555556}",0.2382625748298633,False,mean_jaccard > higher_locking_score > smaller_feature_count > lower_run_id,regret_constrained_medoid,absolute,0.02,0.02,1,macro_ovr_auroc,"{""candidate_run_seed_rule"": ""42 + run_id"", ""locking_cv_seed"": 42, ""run_seed"": 47}",0.1.0,734e36a1e2a161f131d4990233d0d344c554195dfbfaa24b833950485ca54df8
AMP-AD,boruta_rf,mount_sinai,low,legacy_zero_truncated,absolute,0.0,1,27,0.8810099666767611,,,,0.004547941084014573,0.005135678925294123,False,absolute_regret_exceeds_tolerance,False,{},,False,mean_jaccard > higher_locking_score > smaller_feature_count > lower_run_id,regret_constrained_medoid,absolute,0.0,0.0,1,macro_ovr_auroc,"{""candidate_run_seed_rule"": ""42 + run_id"", ""locking_cv_seed"": 42, ""run_seed"": 43}",0.1.0,256fb84b77af8bf76e381cfa088194f3c4ac9d86f47245c4c5948b27368d84e4
AMP-AD,boruta_rf,mount_sinai,low,legacy_zero_truncated,absolute,0.0,2,28,0.8837527981578152,,,,0.0018051096029605418,0.0020383868600134204,False,absolute_regret_exceeds_tolerance,False,{},,False,mean_jaccard > higher_locking_score > smaller_feature_count > lower_run_id,regret_constrained_medoid,absolute,0.0,0.0,1,macro_ovr_auroc,"{""candidate_run_seed_rule"": ""42 + run_id"", ""locking_cv_seed"": 42, ""run_seed"": 44}",0.1.0,256fb84b77af8bf76e381cfa088194f3c4ac9d86f47245c4c5948b27368d84e4
AMP-AD,boruta_rf,mount_sinai,low,legacy_zero_truncated,absolute,0.0,3,26,0.8772349199589445,,,,0.008322987801831161,0.009398581085314559,False,absolute_regret_exceeds_tolerance,False,{},,False,mean_jaccard > higher_locking_score > smaller_feature_count > lower_run_id,regret_constrained_medoid,absolute,0.0,0.0,1,macro_ovr_auroc,"{""candidate_run_seed_rule"": ""42 + run_id"", ""locking_cv_seed"": 42, ""run_seed"": 45}",0.1.0,256fb84b77af8bf76e381cfa088194f3c4ac9d86f47245c4c5948b27368d84e4
AMP-AD,boruta_rf,mount_sinai,low,legacy_zero_truncated,absolute,0.0,4,28,0.8760808306312008,,,,0.009477077129574907,0.010701815258517279,False,absolute_regret_exceeds_tolerance,False,{},,False,mean_jaccard > higher_locking_score > smaller_feature_count > lower_run_id,regret_constrained_medoid,absolute,0.0,0.0,1,macro_ovr_auroc,"{""candidate_run_seed_rule"": ""42 + run_id"", ""locking_cv_seed"": 42, ""run_seed"": 46}",0.1.0,256fb84b77af8bf76e381cfa088194f3c4ac9d86f47245c4c5948b27368d84e4
AMP-AD,boruta_rf,mount_sinai,low,legacy_zero_truncated,absolute,0.0,5,32,0.8855579077607757,,,,0.0,0.0,True,absolute_regret_within_tolerance,False,{},1.0,True,mean_jaccard > higher_locking_score > smaller_feature_count > lower_run_id,regret_constrained_medoid,absolute,0.0,0.0,1,macro_ovr_auroc,"{""candidate_run_seed_rule"": ""42 + run_id"", ""locking_cv_seed"": 42, ""run_seed"": 47}",0.1.0,256fb84b77af8bf76e381cfa088194f3c4ac9d86f47245c4c5948b27368d84e4
AMP-AD,boruta_rf,mount_sinai,low,legacy_zero_truncated,absolute,0.005,1,27,0.8810099666767611,,,,0.004547941084014573,0.005135678925294123,True,absolute_regret_within_tolerance,False,"{""2"": 0.1, ""5"": 0.18}",0.14,False,mean_jaccard > higher_locking_score > smaller_feature_count > lower_run_id,regret_constrained_medoid,absolute,0.005,0.005,1,macro_ovr_auroc,"{""candidate_run_seed_rule"": ""42 + run_id"", ""locking_cv_seed"": 42, ""run_seed"": 43}",0.1.0,8f3bfa007c55f1fda622aca6e0b4d821cb1c8a24c3ac132911b739bcba48cf65
AMP-AD,boruta_rf,mount_sinai,low,legacy_zero_truncated,absolute,0.005,2,28,0.8837527981578152,,,,0.0018051096029605418,0.0020383868600134204,True,absolute_regret_within_tolerance,False,"{""1"": 0.1, ""5"": 0.30434782608695654}",0.20217391304347826,False,mean_jaccard > higher_locking_score > smaller_feature_count > lower_run_id,regret_constrained_medoid,absolute,0.005,0.005,1,macro_ovr_auroc,"{""candidate_run_seed_rule"": ""42 + run_id"", ""locking_cv_seed"": 42, ""run_seed"": 44}",0.1.0,8f3bfa007c55f1fda622aca6e0b4d821cb1c8a24c3ac132911b739bcba48cf65
AMP-AD,boruta_rf,mount_sinai,low,legacy_zero_truncated,absolute,0.005,3,26,0.8772349199589445,,,,0.008322987801831161,0.009398581085314559,False,absolute_regret_exceeds_tolerance,False,{},,False,mean_jaccard > higher_locking_score > smaller_feature_count > lower_run_id,regret_constrained_medoid,absolute,0.005,0.005,1,macro_ovr_auroc,"{""candidate_run_seed_rule"": ""42 + run_id"", ""locking_cv_seed"": 42, ""run_seed"": 45}",0.1.0,8f3bfa007c55f1fda622aca6e0b4d821cb1c8a24c3ac132911b739bcba48cf65
AMP-AD,boruta_rf,mount_sinai,low,legacy_zero_truncated,absolute,0.005,4,28,0.8760808306312008,,,,0.009477077129574907,0.010701815258517279,False,absolute_regret_exceeds_tolerance,False,{},,False,mean_jaccard > higher_locking_score > smaller_feature_count > lower_run_id,regret_constrained_medoid,absolute,0.005,0.005,1,macro_ovr_auroc,"{""candidate_run_seed_rule"": ""42 + run_id"", ""locking_cv_seed"": 42, ""run_seed"": 46}",0.1.0,8f3bfa007c55f1fda622aca6e0b4d821cb1c8a24c3ac132911b739bcba48cf65
AMP-AD,boruta_rf,mount_sinai,low,legacy_zero_truncated,absolute,0.005,5,32,0.8855579077607757,,,,0.0,0.0,True,absolute_regret_within_tolerance,False,"{""1"": 0.18, ""2"": 0.30434782608695654}",0.24217391304347827,True,mean_jaccard > higher_locking_score > smaller_feature_count > lower_run_id,regret_constrained_medoid,absolute,0.005,0.005,1,macro_ovr_auroc,"{""candidate_run_seed_rule"": ""42 + run_id"", ""locking_cv_seed"": 42, ""run_seed"": 47}",0.1.0,8f3bfa007c55f1fda622aca6e0b4d821cb1c8a24c3ac132911b739bcba48cf65
AMP-AD,boruta_rf,mount_sinai,low,legacy_zero_truncated,absolute,0.01,1,27,0.8810099666767611,,,,0.004547941084014573,0.005135678925294123,True,absolute_regret_within_tolerance,False,"{""2"": 0.1, ""3"": 0.0392156862745098, ""4"": 0.0784313725490196, ""5"": 0.18}",0.09941176470588235,False,mean_jaccard > higher_locking_score > smaller_feature_count > lower_run_id,regret_constrained_medoid,absolute,0.01,0.01,1,macro_ovr_auroc,"{""candidate_run_seed_rule"": ""42 + run_id"", ""locking_cv_seed"": 42, ""run_seed"": 43}",0.1.0,80675b3d4d3e2199c6d5b1ce523d5b3832110776e2fad928fa1555eeb80be603
AMP-AD,boruta_rf,mount_sinai,low,legacy_zero_truncated,absolute,0.01,2,28,0.8837527981578152,,,,0.0018051096029605418,0.0020383868600134204,True,absolute_regret_within_tolerance,False,"{""1"": 0.1, ""3"": 0.10204081632653061, ""4"": 0.12, ""5"": 0.30434782608695654}",0.15659716060337178,False,mean_jaccard > higher_locking_score > smaller_feature_count > lower_run_id,regret_constrained_medoid,absolute,0.01,0.01,1,macro_ovr_auroc,"{""candidate_run_seed_rule"": ""42 + run_id"", ""locking_cv_seed"": 42, ""run_seed"": 44}",0.1.0,80675b3d4d3e2199c6d5b1ce523d5b3832110776e2fad928fa1555eeb80be603
AMP-AD,boruta_rf,mount_sinai,low,legacy_zero_truncated,absolute,0.01,3,26,0.8772349199589445,,,,0.008322987801831161,0.009398581085314559,True,absolute_regret_within_tolerance,False,"{""1"": 0.0392156862745098, ""2"": 0.10204081632653061, ""4"": 0.17391304347826086, ""5"": 0.11538461538461539}",0.10763854036597917,False,mean_jaccard > higher_locking_score > smaller_feature_count > lower_run_id,regret_constrained_medoid,absolute,0.01,0.01,1,macro_ovr_auroc,"{""candidate_run_seed_rule"": ""42 + run_id"", ""locking_cv_seed"": 42, ""run_seed"": 45}",0.1.0,80675b3d4d3e2199c6d5b1ce523d5b3832110776e2fad928fa1555eeb80be603
AMP-AD,boruta_rf,mount_sinai,low,legacy_zero_truncated,absolute,0.01,4,28,0.8760808306312008,,,,0.009477077129574907,0.010701815258517279,True,absolute_regret_within_tolerance,False,"{""1"": 0.0784313725490196, ""2"": 0.12, ""3"": 0.17391304347826086, ""5"": 0.1111111111111111}",0.12086388178459789,False,mean_jaccard > higher_locking_score > smaller_feature_count > lower_run_id,regret_constrained_medoid,absolute,0.01,0.01,1,macro_ovr_auroc,"{""candidate_run_seed_rule"": ""42 + run_id"", ""locking_cv_seed"": 42, ""run_seed"": 46}",0.1.0,80675b3d4d3e2199c6d5b1ce523d5b3832110776e2fad928fa1555eeb80be603
AMP-AD,boruta_rf,mount_sinai,low,legacy_zero_truncated,absolute,0.01,5,32,0.8855579077607757,,,,0.0,0.0,True,absolute_regret_within_tolerance,False,"{""1"": 0.18, ""2"": 0.30434782608695654, ""3"": 0.11538461538461539, ""4"": 0.1111111111111111}",0.17771088814567076,True,mean_jaccard > higher_locking_score > smaller_feature_count > lower_run_id,regret_constrained_medoid,absolute,0.01,0.01,1,macro_ovr_auroc,"{""candidate_run_seed_rule"": ""42 + run_id"", ""locking_cv_seed"": 42, ""run_seed"": 47}",0.1.0,80675b3d4d3e2199c6d5b1ce523d5b3832110776e2fad928fa1555eeb80be603
AMP-AD,boruta_rf,mount_sinai,low,legacy_zero_truncated,absolute,0.02,1,27,0.8810099666767611,,,,0.004547941084014573,0.005135678925294123,True,absolute_regret_within_tolerance,False,"{""2"": 0.1, ""3"": 0.0392156862745098, ""4"": 0.0784313725490196, ""5"": 0.18}",0.09941176470588235,False,mean_jaccard > higher_locking_score > smaller_feature_count > lower_run_id,regret_constrained_medoid,absolute,0.02,0.02,1,macro_ovr_auroc,"{""candidate_run_seed_rule"": ""42 + run_id"", ""locking_cv_seed"": 42, ""run_seed"": 43}",0.1.0,734e36a1e2a161f131d4990233d0d344c554195dfbfaa24b833950485ca54df8
AMP-AD,boruta_rf,mount_sinai,low,legacy_zero_truncated,absolute,0.02,2,28,0.8837527981578152,,,,0.0018051096029605418,0.0020383868600134204,True,absolute_regret_within_tolerance,False,"{""1"": 0.1, ""3"": 0.10204081632653061, ""4"": 0.12, ""5"": 0.30434782608695654}",0.15659716060337178,False,mean_jaccard > higher_locking_score > smaller_feature_count > lower_run_id,regret_constrained_medoid,absolute,0.02,0.02,1,macro_ovr_auroc,"{""candidate_run_seed_rule"": ""42 + run_id"", ""locking_cv_seed"": 42, ""run_seed"": 44}",0.1.0,734e36a1e2a161f131d4990233d0d344c554195dfbfaa24b833950485ca54df8
AMP-AD,boruta_rf,mount_sinai,low,legacy_zero_truncated,absolute,0.02,3,26,0.8772349199589445,,,,0.008322987801831161,0.009398581085314559,True,absolute_regret_within_tolerance,False,"{""1"": 0.0392156862745098, ""2"": 0.10204081632653061, ""4"": 0.17391304347826086, ""5"": 0.11538461538461539}",0.10763854036597917,False,mean_jaccard > higher_locking_score > smaller_feature_count > lower_run_id,regret_constrained_medoid,absolute,0.02,0.02,1,macro_ovr_auroc,"{""candidate_run_seed_rule"": ""42 + run_id"", ""locking_cv_seed"": 42, ""run_seed"": 45}",0.1.0,734e36a1e2a161f131d4990233d0d344c554195dfbfaa24b833950485ca54df8
AMP-AD,boruta_rf,mount_sinai,low,legacy_zero_truncated,absolute,0.02,4,28,0.8760808306312008,,,,0.009477077129574907,0.010701815258517279,True,absolute_regret_within_tolerance,False,"{""1"": 0.0784313725490196, ""2"": 0.12, ""3"": 0.17391304347826086, ""5"": 0.1111111111111111}",0.12086388178459789,False,mean_jaccard > higher_locking_score > smaller_feature_count > lower_run_id,regret_constrained_medoid,absolute,0.02,0.02,1,macro_ovr_auroc,"{""candidate_run_seed_rule"": ""42 + run_id"", ""locking_cv_seed"": 42, ""run_seed"": 46}",0.1.0,734e36a1e2a161f131d4990233d0d344c554195dfbfaa24b833950485ca54df8
AMP-AD,boruta_rf,mount_sinai,low,legacy_zero_truncated,absolute,0.02,5,32,0.8855579077607757,,,,0.0,0.0,True,absolute_regret_within_tolerance,False,"{""1"": 0.18, ""2"": 0.30434782608695654, ""3"": 0.11538461538461539, ""4"": 0.1111111111111111}",0.17771088814567076,True,mean_jaccard > higher_locking_score > smaller_feature_count > lower_run_id,regret_constrained_medoid,absolute,0.02,0.02,1,macro_ovr_auroc,"{""candidate_run_seed_rule"": ""42 + run_id"", ""locking_cv_seed"": 42, ""run_seed"": 47}",0.1.0,734e36a1e2a161f131d4990233d0d344c554195dfbfaa24b833950485ca54df8
AMP-AD,boruta_rf,mount_sinai,reference,legacy_zero_truncated,absolute,0.0,1,28,0.8677380014387474,,,,0.014380776819801322,0.016302540172868106,False,absolute_regret_exceeds_tolerance,False,{},,False,mean_jaccard > higher_locking_score > smaller_feature_count > lower_run_id,regret_constrained_medoid,absolute,0.0,0.0,1,macro_ovr_auroc,"{""candidate_run_seed_rule"": ""42 + run_id"", ""locking_cv_seed"": 42, ""run_seed"": 43}",0.1.0,256fb84b77af8bf76e381cfa088194f3c4ac9d86f47245c4c5948b27368d84e4
AMP-AD,boruta_rf,mount_sinai,reference,legacy_zero_truncated,absolute,0.0,2,23,0.831653484971493,,,,0.050465293287055624,0.05720918149671706,False,absolute_regret_exceeds_tolerance,False,{},,False,mean_jaccard > higher_locking_score > smaller_feature_count > lower_run_id,regret_constrained_medoid,absolute,0.0,0.0,1,macro_ovr_auroc,"{""candidate_run_seed_rule"": ""42 + run_id"", ""locking_cv_seed"": 42, ""run_seed"": 44}",0.1.0,256fb84b77af8bf76e381cfa088194f3c4ac9d86f47245c4c5948b27368d84e4
AMP-AD,boruta_rf,mount_sinai,reference,legacy_zero_truncated,absolute,0.0,3,29,0.8821187782585487,,,,0.0,0.0,True,absolute_regret_within_tolerance,False,{},1.0,True,mean_jaccard > higher_locking_score > smaller_feature_count > lower_run_id,regret_constrained_medoid,absolute,0.0,0.0,1,macro_ovr_auroc,"{""candidate_run_seed_rule"": ""42 + run_id"", ""locking_cv_seed"": 42, ""run_seed"": 45}",0.1.0,256fb84b77af8bf76e381cfa088194f3c4ac9d86f47245c4c5948b27368d84e4
AMP-AD,boruta_rf,mount_sinai,reference,legacy_zero_truncated,absolute,0.0,4,26,0.8714633076387439,,,,0.010655470619804763,0.01207940572452211,False,absolute_regret_exceeds_tolerance,False,{},,False,mean_jaccard > higher_locking_score > smaller_feature_count > lower_run_id,regret_constrained_medoid,absolute,0.0,0.0,1,macro_ovr_auroc,"{""candidate_run_seed_rule"": ""42 + run_id"", ""locking_cv_seed"": 42, ""run_seed"": 46}",0.1.0,256fb84b77af8bf76e381cfa088194f3c4ac9d86f47245c4c5948b27368d84e4
AMP-AD,boruta_rf,mount_sinai,reference,legacy_zero_truncated,absolute,0.0,5,29,0.8765876064232927,,,,0.005531171835255977,0.006270325461357306,False,absolute_regret_exceeds_tolerance,False,{},,False,mean_jaccard > higher_locking_score > smaller_feature_count > lower_run_id,regret_constrained_medoid,absolute,0.0,0.0,1,macro_ovr_auroc,"{""candidate_run_seed_rule"": ""42 + run_id"", ""locking_cv_seed"": 42, ""run_seed"": 47}",0.1.0,256fb84b77af8bf76e381cfa088194f3c4ac9d86f47245c4c5948b27368d84e4
AMP-AD,boruta_rf,mount_sinai,reference,legacy_zero_truncated,absolute,0.005,1,28,0.8677380014387474,,,,0.014380776819801322,0.016302540172868106,False,absolute_regret_exceeds_tolerance,False,{},,False,mean_jaccard > higher_locking_score > smaller_feature_count > lower_run_id,regret_constrained_medoid,absolute,0.005,0.005,1,macro_ovr_auroc,"{""candidate_run_seed_rule"": ""42 + run_id"", ""locking_cv_seed"": 42, ""run_seed"": 43}",0.1.0,8f3bfa007c55f1fda622aca6e0b4d821cb1c8a24c3ac132911b739bcba48cf65
AMP-AD,boruta_rf,mount_sinai,reference,legacy_zero_truncated,absolute,0.005,2,23,0.831653484971493,,,,0.050465293287055624,0.05720918149671706,False,absolute_regret_exceeds_tolerance,False,{},,False,mean_jaccard > higher_locking_score > smaller_feature_count > lower_run_id,regret_constrained_medoid,absolute,0.005,0.005,1,macro_ovr_auroc,"{""candidate_run_seed_rule"": ""42 + run_id"", ""locking_cv_seed"": 42, ""run_seed"": 44}",0.1.0,8f3bfa007c55f1fda622aca6e0b4d821cb1c8a24c3ac132911b739bcba48cf65
AMP-AD,boruta_rf,mount_sinai,reference,legacy_zero_truncated,absolute,0.005,3,29,0.8821187782585487,,,,0.0,0.0,True,absolute_regret_within_tolerance,False,{},1.0,True,mean_jaccard > higher_locking_score > smaller_feature_count > lower_run_id,regret_constrained_medoid,absolute,0.005,0.005,1,macro_ovr_auroc,"{""candidate_run_seed_rule"": ""42 + run_id"", ""locking_cv_seed"": 42, ""run_seed"": 45}",0.1.0,8f3bfa007c55f1fda622aca6e0b4d821cb1c8a24c3ac132911b739bcba48cf65
AMP-AD,boruta_rf,mount_sinai,reference,legacy_zero_truncated,absolute,0.005,4,26,0.8714633076387439,,,,0.010655470619804763,0.01207940572452211,False,absolute_regret_exceeds_tolerance,False,{},,False,mean_jaccard > higher_locking_score > smaller_feature_count > lower_run_id,regret_constrained_medoid,absolute,0.005,0.005,1,macro_ovr_auroc,"{""candidate_run_seed_rule"": ""42 + run_id"", ""locking_cv_seed"": 42, ""run_seed"": 46}",0.1.0,8f3bfa007c55f1fda622aca6e0b4d821cb1c8a24c3ac132911b739bcba48cf65
AMP-AD,boruta_rf,mount_sinai,reference,legacy_zero_truncated,absolute,0.005,5,29,0.8765876064232927,,,,0.005531171835255977,0.006270325461357306,False,absolute_regret_exceeds_tolerance,False,{},,False,mean_jaccard > higher_locking_score > smaller_feature_count > lower_run_id,regret_constrained_medoid,absolute,0.005,0.005,1,macro_ovr_auroc,"{""candidate_run_seed_rule"": ""42 + run_id"", ""locking_cv_seed"": 42, ""run_seed"": 47}",0.1.0,8f3bfa007c55f1fda622aca6e0b4d821cb1c8a24c3ac132911b739bcba48cf65
AMP-AD,boruta_rf,mount_sinai,reference,legacy_zero_truncated,absolute,0.01,1,28,0.8677380014387474,,,,0.014380776819801322,0.016302540172868106,False,absolute_regret_exceeds_tolerance,False,{},,False,mean_jaccard > higher_locking_score > smaller_feature_count > lower_run_id,regret_constrained_medoid,absolute,0.01,0.01,1,macro_ovr_auroc,"{""candidate_run_seed_rule"": ""42 + run_id"", ""locking_cv_seed"": 42, ""run_seed"": 43}",0.1.0,80675b3d4d3e2199c6d5b1ce523d5b3832110776e2fad928fa1555eeb80be603
AMP-AD,boruta_rf,mount_sinai,reference,legacy_zero_truncated,absolute,0.01,2,23,0.831653484971493,,,,0.050465293287055624,0.05720918149671706,False,absolute_regret_exceeds_tolerance,False,{},,False,mean_jaccard > higher_locking_score > smaller_feature_count > lower_run_id,regret_constrained_medoid,absolute,0.01,0.01,1,macro_ovr_auroc,"{""candidate_run_seed_rule"": ""42 + run_id"", ""locking_cv_seed"": 42, ""run_seed"": 44}",0.1.0,80675b3d4d3e2199c6d5b1ce523d5b3832110776e2fad928fa1555eeb80be603
AMP-AD,boruta_rf,mount_sinai,reference,legacy_zero_truncated,absolute,0.01,3,29,0.8821187782585487,,,,0.0,0.0,True,absolute_regret_within_tolerance,False,"{""5"": 0.23404255319148937}",0.23404255319148937,True,mean_jaccard > higher_locking_score > smaller_feature_count > lower_run_id,regret_constrained_medoid,absolute,0.01,0.01,1,macro_ovr_auroc,"{""candidate_run_seed_rule"": ""42 + run_id"", ""locking_cv_seed"": 42, ""run_seed"": 45}",0.1.0,80675b3d4d3e2199c6d5b1ce523d5b3832110776e2fad928fa1555eeb80be603
AMP-AD,boruta_rf,mount_sinai,reference,legacy_zero_truncated,absolute,0.01,4,26,0.8714633076387439,,,,0.010655470619804763,0.01207940572452211,False,absolute_regret_exceeds_tolerance,False,{},,False,mean_jaccard > higher_locking_score > smaller_feature_count > lower_run_id,regret_constrained_medoid,absolute,0.01,0.01,1,macro_ovr_auroc,"{""candidate_run_seed_rule"": ""42 + run_id"", ""locking_cv_seed"": 42, ""run_seed"": 46}",0.1.0,80675b3d4d3e2199c6d5b1ce523d5b3832110776e2fad928fa1555eeb80be603
AMP-AD,boruta_rf,mount_sinai,reference,legacy_zero_truncated,absolute,0.01,5,29,0.8765876064232927,,,,0.005531171835255977,0.006270325461357306,True,absolute_regret_within_tolerance,False,"{""3"": 0.23404255319148937}",0.23404255319148937,False,mean_jaccard > higher_locking_score > smaller_feature_count > lower_run_id,regret_constrained_medoid,absolute,0.01,0.01,1,macro_ovr_auroc,"{""candidate_run_seed_rule"": ""42 + run_id"", ""locking_cv_seed"": 42, ""run_seed"": 47}",0.1.0,80675b3d4d3e2199c6d5b1ce523d5b3832110776e2fad928fa1555eeb80be603
AMP-AD,boruta_rf,mount_sinai,reference,legacy_zero_truncated,absolute,0.02,1,28,0.8677380014387474,,,,0.014380776819801322,0.016302540172868106,True,absolute_regret_within_tolerance,False,"{""3"": 0.1875, ""4"": 0.14893617021276595, ""5"": 0.2391304347826087}",0.19185553499845823,False,mean_jaccard > higher_locking_score > smaller_feature_count > lower_run_id,regret_constrained_medoid,absolute,0.02,0.02,1,macro_ovr_auroc,"{""candidate_run_seed_rule"": ""42 + run_id"", ""locking_cv_seed"": 42, ""run_seed"": 43}",0.1.0,734e36a1e2a161f131d4990233d0d344c554195dfbfaa24b833950485ca54df8
AMP-AD,boruta_rf,mount_sinai,reference,legacy_zero_truncated,absolute,0.02,2,23,0.831653484971493,,,,0.050465293287055624,0.05720918149671706,False,absolute_regret_exceeds_tolerance,False,{},,False,mean_jaccard > higher_locking_score > smaller_feature_count > lower_run_id,regret_constrained_medoid,absolute,0.02,0.02,1,macro_ovr_auroc,"{""candidate_run_seed_rule"": ""42 + run_id"", ""locking_cv_seed"": 42, ""run_seed"": 44}",0.1.0,734e36a1e2a161f131d4990233d0d344c554195dfbfaa24b833950485ca54df8
AMP-AD,boruta_rf,mount_sinai,reference,legacy_zero_truncated,absolute,0.02,3,29,0.8821187782585487,,,,0.0,0.0,True,absolute_regret_within_tolerance,False,"{""1"": 0.1875, ""4"": 0.2222222222222222, ""5"": 0.23404255319148937}",0.2145882584712372,False,mean_jaccard > higher_locking_score > smaller_feature_count > lower_run_id,regret_constrained_medoid,absolute,0.02,0.02,1,macro_ovr_auroc,"{""candidate_run_seed_rule"": ""42 + run_id"", ""locking_cv_seed"": 42, ""run_seed"": 45}",0.1.0,734e36a1e2a161f131d4990233d0d344c554195dfbfaa24b833950485ca54df8
AMP-AD,boruta_rf,mount_sinai,reference,legacy_zero_truncated,absolute,0.02,4,26,0.8714633076387439,,,,0.010655470619804763,0.01207940572452211,True,absolute_regret_within_tolerance,False,"{""1"": 0.14893617021276595, ""3"": 0.2222222222222222, ""5"": 0.1956521739130435}",0.18893685544934388,False,mean_jaccard > higher_locking_score > smaller_feature_count > lower_run_id,regret_constrained_medoid,absolute,0.02,0.02,1,macro_ovr_auroc,"{""candidate_run_seed_rule"": ""42 + run_id"", ""locking_cv_seed"": 42, ""run_seed"": 46}",0.1.0,734e36a1e2a161f131d4990233d0d344c554195dfbfaa24b833950485ca54df8
AMP-AD,boruta_rf,mount_sinai,reference,legacy_zero_truncated,absolute,0.02,5,29,0.8765876064232927,,,,0.005531171835255977,0.006270325461357306,True,absolute_regret_within_tolerance,False,"{""1"": 0.2391304347826087, ""3"": 0.23404255319148937, ""4"": 0.1956521739130435}",0.22294172062904719,True,mean_jaccard > higher_locking_score > smaller_feature_count > lower_run_id,regret_constrained_medoid,absolute,0.02,0.02,1,macro_ovr_auroc,"{""candidate_run_seed_rule"": ""42 + run_id"", ""locking_cv_seed"": 42, ""run_seed"": 47}",0.1.0,734e36a1e2a161f131d4990233d0d344c554195dfbfaa24b833950485ca54df8
AMP-AD,boruta_rf,rush,high,legacy_zero_truncated,absolute,0.0,1,49,0.8715357567846047,,,,0.013114216859736572,0.014824187249689471,False,absolute_regret_exceeds_tolerance,False,{},,False,mean_jaccard > higher_locking_score > smaller_feature_count > lower_run_id,regret_constrained_medoid,absolute,0.0,0.0,1,macro_ovr_auroc,"{""candidate_run_seed_rule"": ""42 + run_id"", ""locking_cv_seed"": 42, ""run_seed"": 43}",0.1.0,256fb84b77af8bf76e381cfa088194f3c4ac9d86f47245c4c5948b27368d84e4
AMP-AD,boruta_rf,rush,high,legacy_zero_truncated,absolute,0.0,2,48,0.8846499736443413,,,,0.0,0.0,True,absolute_regret_within_tolerance,False,{},1.0,True,mean_jaccard > higher_locking_score > smaller_feature_count > lower_run_id,regret_constrained_medoid,absolute,0.0,0.0,1,macro_ovr_auroc,"{""candidate_run_seed_rule"": ""42 + run_id"", ""locking_cv_seed"": 42, ""run_seed"": 44}",0.1.0,256fb84b77af8bf76e381cfa088194f3c4ac9d86f47245c4c5948b27368d84e4
AMP-AD,boruta_rf,rush,high,legacy_zero_truncated,absolute,0.0,3,48,0.8811450072324369,,,,0.003504966411904342,0.003961981027892344,False,absolute_regret_exceeds_tolerance,False,{},,False,mean_jaccard > higher_locking_score > smaller_feature_count > lower_run_id,regret_constrained_medoid,absolute,0.0,0.0,1,macro_ovr_auroc,"{""candidate_run_seed_rule"": ""42 + run_id"", ""locking_cv_seed"": 42, ""run_seed"": 45}",0.1.0,256fb84b77af8bf76e381cfa088194f3c4ac9d86f47245c4c5948b27368d84e4
AMP-AD,boruta_rf,rush,high,legacy_zero_truncated,absolute,0.0,4,49,0.8798698863860153,,,,0.004780087258326016,0.005403365625654526,False,absolute_regret_exceeds_tolerance,False,{},,False,mean_jaccard > higher_locking_score > smaller_feature_count > lower_run_id,regret_constrained_medoid,absolute,0.0,0.0,1,macro_ovr_auroc,"{""candidate_run_seed_rule"": ""42 + run_id"", ""locking_cv_seed"": 42, ""run_seed"": 46}",0.1.0,256fb84b77af8bf76e381cfa088194f3c4ac9d86f47245c4c5948b27368d84e4
AMP-AD,boruta_rf,rush,high,legacy_zero_truncated,absolute,0.0,5,46,0.8736842766618752,,,,0.010965696982466078,0.012395520611720102,False,absolute_regret_exceeds_tolerance,False,{},,False,mean_jaccard > higher_locking_score > smaller_feature_count > lower_run_id,regret_constrained_medoid,absolute,0.0,0.0,1,macro_ovr_auroc,"{""candidate_run_seed_rule"": ""42 + run_id"", ""locking_cv_seed"": 42, ""run_seed"": 47}",0.1.0,256fb84b77af8bf76e381cfa088194f3c4ac9d86f47245c4c5948b27368d84e4
AMP-AD,boruta_rf,rush,high,legacy_zero_truncated,absolute,0.005,1,49,0.8715357567846047,,,,0.013114216859736572,0.014824187249689471,False,absolute_regret_exceeds_tolerance,False,{},,False,mean_jaccard > higher_locking_score > smaller_feature_count > lower_run_id,regret_constrained_medoid,absolute,0.005,0.005,1,macro_ovr_auroc,"{""candidate_run_seed_rule"": ""42 + run_id"", ""locking_cv_seed"": 42, ""run_seed"": 43}",0.1.0,8f3bfa007c55f1fda622aca6e0b4d821cb1c8a24c3ac132911b739bcba48cf65
AMP-AD,boruta_rf,rush,high,legacy_zero_truncated,absolute,0.005,2,48,0.8846499736443413,,,,0.0,0.0,True,absolute_regret_within_tolerance,False,"{""3"": 0.7454545454545455, ""4"": 0.7962962962962963}",0.7708754208754209,True,mean_jaccard > higher_locking_score > smaller_feature_count > lower_run_id,regret_constrained_medoid,absolute,0.005,0.005,1,macro_ovr_auroc,"{""candidate_run_seed_rule"": ""42 + run_id"", ""locking_cv_seed"": 42, ""run_seed"": 44}",0.1.0,8f3bfa007c55f1fda622aca6e0b4d821cb1c8a24c3ac132911b739bcba48cf65
AMP-AD,boruta_rf,rush,high,legacy_zero_truncated,absolute,0.005,3,48,0.8811450072324369,,,,0.003504966411904342,0.003961981027892344,True,absolute_regret_within_tolerance,False,"{""2"": 0.7454545454545455, ""4"": 0.7017543859649122}",0.7236044657097289,False,mean_jaccard > higher_locking_score > smaller_feature_count > lower_run_id,regret_constrained_medoid,absolute,0.005,0.005,1,macro_ovr_auroc,"{""candidate_run_seed_rule"": ""42 + run_id"", ""locking_cv_seed"": 42, ""run_seed"": 45}",0.1.0,8f3bfa007c55f1fda622aca6e0b4d821cb1c8a24c3ac132911b739bcba48cf65
AMP-AD,boruta_rf,rush,high,legacy_zero_truncated,absolute,0.005,4,49,0.8798698863860153,,,,0.004780087258326016,0.005403365625654526,True,absolute_regret_within_tolerance,False,"{""2"": 0.7962962962962963, ""3"": 0.7017543859649122}",0.7490253411306043,False,mean_jaccard > higher_locking_score > smaller_feature_count > lower_run_id,regret_constrained_medoid,absolute,0.005,0.005,1,macro_ovr_auroc,"{""candidate_run_seed_rule"": ""42 + run_id"", ""locking_cv_seed"": 42, ""run_seed"": 46}",0.1.0,8f3bfa007c55f1fda622aca6e0b4d821cb1c8a24c3ac132911b739bcba48cf65
AMP-AD,boruta_rf,rush,high,legacy_zero_truncated,absolute,0.005,5,46,0.8736842766618752,,,,0.010965696982466078,0.012395520611720102,False,absolute_regret_exceeds_tolerance,False,{},,False,mean_jaccard > higher_locking_score > smaller_feature_count > lower_run_id,regret_constrained_medoid,absolute,0.005,0.005,1,macro_ovr_auroc,"{""candidate_run_seed_rule"": ""42 + run_id"", ""locking_cv_seed"": 42, ""run_seed"": 47}",0.1.0,8f3bfa007c55f1fda622aca6e0b4d821cb1c8a24c3ac132911b739bcba48cf65
AMP-AD,boruta_rf,rush,high,legacy_zero_truncated,absolute,0.01,1,49,0.8715357567846047,,,,0.013114216859736572,0.014824187249689471,False,absolute_regret_exceeds_tolerance,False,{},,False,mean_jaccard > higher_locking_score > smaller_feature_count > lower_run_id,regret_constrained_medoid,absolute,0.01,0.01,1,macro_ovr_auroc,"{""candidate_run_seed_rule"": ""42 + run_id"", ""locking_cv_seed"": 42, ""run_seed"": 43}",0.1.0,80675b3d4d3e2199c6d5b1ce523d5b3832110776e2fad928fa1555eeb80be603
AMP-AD,boruta_rf,rush,high,legacy_zero_truncated,absolute,0.01,2,48,0.8846499736443413,,,,0.0,0.0,True,absolute_regret_within_tolerance,False,"{""3"": 0.7454545454545455, ""4"": 0.7962962962962963}",0.7708754208754209,True,mean_jaccard > higher_locking_score > smaller_feature_count > lower_run_id,regret_constrained_medoid,absolute,0.01,0.01,1,macro_ovr_auroc,"{""candidate_run_seed_rule"": ""42 + run_id"", ""locking_cv_seed"": 42, ""run_seed"": 44}",0.1.0,80675b3d4d3e2199c6d5b1ce523d5b3832110776e2fad928fa1555eeb80be603
AMP-AD,boruta_rf,rush,high,legacy_zero_truncated,absolute,0.01,3,48,0.8811450072324369,,,,0.003504966411904342,0.003961981027892344,True,absolute_regret_within_tolerance,False,"{""2"": 0.7454545454545455, ""4"": 0.7017543859649122}",0.7236044657097289,False,mean_jaccard > higher_locking_score > smaller_feature_count > lower_run_id,regret_constrained_medoid,absolute,0.01,0.01,1,macro_ovr_auroc,"{""candidate_run_seed_rule"": ""42 + run_id"", ""locking_cv_seed"": 42, ""run_seed"": 45}",0.1.0,80675b3d4d3e2199c6d5b1ce523d5b3832110776e2fad928fa1555eeb80be603
AMP-AD,boruta_rf,rush,high,legacy_zero_truncated,absolute,0.01,4,49,0.8798698863860153,,,,0.004780087258326016,0.005403365625654526,True,absolute_regret_within_tolerance,False,"{""2"": 0.7962962962962963, ""3"": 0.7017543859649122}",0.7490253411306043,False,mean_jaccard > higher_locking_score > smaller_feature_count > lower_run_id,regret_constrained_medoid,absolute,0.01,0.01,1,macro_ovr_auroc,"{""candidate_run_seed_rule"": ""42 + run_id"", ""locking_cv_seed"": 42, ""run_seed"": 46}",0.1.0,80675b3d4d3e2199c6d5b1ce523d5b3832110776e2fad928fa1555eeb80be603
AMP-AD,boruta_rf,rush,high,legacy_zero_truncated,absolute,0.01,5,46,0.8736842766618752,,,,0.010965696982466078,0.012395520611720102,False,absolute_regret_exceeds_tolerance,False,{},,False,mean_jaccard > higher_locking_score > smaller_feature_count > lower_run_id,regret_constrained_medoid,absolute,0.01,0.01,1,macro_ovr_auroc,"{""candidate_run_seed_rule"": ""42 + run_id"", ""locking_cv_seed"": 42, ""run_seed"": 47}",0.1.0,80675b3d4d3e2199c6d5b1ce523d5b3832110776e2fad928fa1555eeb80be603
AMP-AD,boruta_rf,rush,high,legacy_zero_truncated,absolute,0.02,1,49,0.8715357567846047,,,,0.013114216859736572,0.014824187249689471,True,absolute_regret_within_tolerance,False,"{""2"": 0.7962962962962963, ""3"": 0.7017543859649122, ""4"": 0.75, ""5"": 0.7272727272727273}",0.743830852383484,False,mean_jaccard > higher_locking_score > smaller_feature_count > lower_run_id,regret_constrained_medoid,absolute,0.02,0.02,1,macro_ovr_auroc,"{""candidate_run_seed_rule"": ""42 + run_id"", ""locking_cv_seed"": 42, ""run_seed"": 43}",0.1.0,734e36a1e2a161f131d4990233d0d344c554195dfbfaa24b833950485ca54df8
AMP-AD,boruta_rf,rush,high,legacy_zero_truncated,absolute,0.02,2,48,0.8846499736443413,,,,0.0,0.0,True,absolute_regret_within_tolerance,False,"{""1"": 0.7962962962962963, ""3"": 0.7454545454545455, ""4"": 0.7962962962962963, ""5"": 0.7090909090909091}",0.7617845117845118,True,mean_jaccard > higher_locking_score > smaller_feature_count > lower_run_id,regret_constrained_medoid,absolute,0.02,0.02,1,macro_ovr_auroc,"{""candidate_run_seed_rule"": ""42 + run_id"", ""locking_cv_seed"": 42, ""run_seed"": 44}",0.1.0,734e36a1e2a161f131d4990233d0d344c554195dfbfaa24b833950485ca54df8
AMP-AD,boruta_rf,rush,high,legacy_zero_truncated,absolute,0.02,3,48,0.8811450072324369,,,,0.003504966411904342,0.003961981027892344,True,absolute_regret_within_tolerance,False,"{""1"": 0.7017543859649122, ""2"": 0.7454545454545455, ""4"": 0.7017543859649122, ""5"": 0.6785714285714286}",0.7068836864889496,False,mean_jaccard > higher_locking_score > smaller_feature_count > lower_run_id,regret_constrained_medoid,absolute,0.02,0.02,1,macro_ovr_auroc,"{""candidate_run_seed_rule"": ""42 + run_id"", ""locking_cv_seed"": 42, ""run_seed"": 45}",0.1.0,734e36a1e2a161f131d4990233d0d344c554195dfbfaa24b833950485ca54df8
AMP-AD,boruta_rf,rush,high,legacy_zero_truncated,absolute,0.02,4,49,0.8798698863860153,,,,0.004780087258326016,0.005403365625654526,True,absolute_regret_within_tolerance,False,"{""1"": 0.75, ""2"": 0.7962962962962963, ""3"": 0.7017543859649122, ""5"": 0.6964285714285714}",0.7361198134224449,False,mean_jaccard > higher_locking_score > smaller_feature_count > lower_run_id,regret_constrained_medoid,absolute,0.02,0.02,1,macro_ovr_auroc,"{""candidate_run_seed_rule"": ""42 + run_id"", ""locking_cv_seed"": 42, ""run_seed"": 46}",0.1.0,734e36a1e2a161f131d4990233d0d344c554195dfbfaa24b833950485ca54df8
AMP-AD,boruta_rf,rush,high,legacy_zero_truncated,absolute,0.02,5,46,0.8736842766618752,,,,0.010965696982466078,0.012395520611720102,True,absolute_regret_within_tolerance,False,"{""1"": 0.7272727272727273, ""2"": 0.7090909090909091, ""3"": 0.6785714285714286, ""4"": 0.6964285714285714}",0.7028409090909091,False,mean_jaccard > higher_locking_score > smaller_feature_count > lower_run_id,regret_constrained_medoid,absolute,0.02,0.02,1,macro_ovr_auroc,"{""candidate_run_seed_rule"": ""42 + run_id"", ""locking_cv_seed"": 42, ""run_seed"": 47}",0.1.0,734e36a1e2a161f131d4990233d0d344c554195dfbfaa24b833950485ca54df8
AMP-AD,boruta_rf,rush,low,legacy_zero_truncated,absolute,0.0,1,13,0.8765536218536731,,,,0.0,0.0,True,absolute_regret_within_tolerance,False,{},1.0,True,mean_jaccard > higher_locking_score > smaller_feature_count > lower_run_id,regret_constrained_medoid,absolute,0.0,0.0,1,macro_ovr_auroc,"{""candidate_run_seed_rule"": ""42 + run_id"", ""locking_cv_seed"": 42, ""run_seed"": 43}",0.1.0,256fb84b77af8bf76e381cfa088194f3c4ac9d86f47245c4c5948b27368d84e4
AMP-AD,boruta_rf,rush,low,legacy_zero_truncated,absolute,0.0,2,12,0.851889195458256,,,,0.024664426395417105,0.028137955032640827,False,absolute_regret_exceeds_tolerance,False,{},,False,mean_jaccard > higher_locking_score > smaller_feature_count > lower_run_id,regret_constrained_medoid,absolute,0.0,0.0,1,macro_ovr_auroc,"{""candidate_run_seed_rule"": ""42 + run_id"", ""locking_cv_seed"": 42, ""run_seed"": 44}",0.1.0,256fb84b77af8bf76e381cfa088194f3c4ac9d86f47245c4c5948b27368d84e4
AMP-AD,boruta_rf,rush,low,legacy_zero_truncated,absolute,0.0,3,16,0.8647352977141765,,,,0.011818324139496683,0.013482716681386968,False,absolute_regret_exceeds_tolerance,False,{},,False,mean_jaccard > higher_locking_score > smaller_feature_count > lower_run_id,regret_constrained_medoid,absolute,0.0,0.0,1,macro_ovr_auroc,"{""candidate_run_seed_rule"": ""42 + run_id"", ""locking_cv_seed"": 42, ""run_seed"": 45}",0.1.0,256fb84b77af8bf76e381cfa088194f3c4ac9d86f47245c4c5948b27368d84e4
AMP-AD,boruta_rf,rush,low,legacy_zero_truncated,absolute,0.0,4,13,0.8732535589801333,,,,0.0033000628735397886,0.0037648157411762796,False,absolute_regret_exceeds_tolerance,False,{},,False,mean_jaccard > higher_locking_score > smaller_feature_count > lower_run_id,regret_constrained_medoid,absolute,0.0,0.0,1,macro_ovr_auroc,"{""candidate_run_seed_rule"": ""42 + run_id"", ""locking_cv_seed"": 42, ""run_seed"": 46}",0.1.0,256fb84b77af8bf76e381cfa088194f3c4ac9d86f47245c4c5948b27368d84e4
AMP-AD,boruta_rf,rush,low,legacy_zero_truncated,absolute,0.0,5,13,0.8591275753152994,,,,0.017426046538373763,0.01988018314444061,False,absolute_regret_exceeds_tolerance,False,{},,False,mean_jaccard > higher_locking_score > smaller_feature_count > lower_run_id,regret_constrained_medoid,absolute,0.0,0.0,1,macro_ovr_auroc,"{""candidate_run_seed_rule"": ""42 + run_id"", ""locking_cv_seed"": 42, ""run_seed"": 47}",0.1.0,256fb84b77af8bf76e381cfa088194f3c4ac9d86f47245c4c5948b27368d84e4
AMP-AD,boruta_rf,rush,low,legacy_zero_truncated,absolute,0.005,1,13,0.8765536218536731,,,,0.0,0.0,True,absolute_regret_within_tolerance,False,"{""4"": 0.23809523809523808}",0.23809523809523808,True,mean_jaccard > higher_locking_score > smaller_feature_count > lower_run_id,regret_constrained_medoid,absolute,0.005,0.005,1,macro_ovr_auroc,"{""candidate_run_seed_rule"": ""42 + run_id"", ""locking_cv_seed"": 42, ""run_seed"": 43}",0.1.0,8f3bfa007c55f1fda622aca6e0b4d821cb1c8a24c3ac132911b739bcba48cf65
AMP-AD,boruta_rf,rush,low,legacy_zero_truncated,absolute,0.005,2,12,0.851889195458256,,,,0.024664426395417105,0.028137955032640827,False,absolute_regret_exceeds_tolerance,False,{},,False,mean_jaccard > higher_locking_score > smaller_feature_count > lower_run_id,regret_constrained_medoid,absolute,0.005,0.005,1,macro_ovr_auroc,"{""candidate_run_seed_rule"": ""42 + run_id"", ""locking_cv_seed"": 42, ""run_seed"": 44}",0.1.0,8f3bfa007c55f1fda622aca6e0b4d821cb1c8a24c3ac132911b739bcba48cf65
AMP-AD,boruta_rf,rush,low,legacy_zero_truncated,absolute,0.005,3,16,0.8647352977141765,,,,0.011818324139496683,0.013482716681386968,False,absolute_regret_exceeds_tolerance,False,{},,False,mean_jaccard > higher_locking_score > smaller_feature_count > lower_run_id,regret_constrained_medoid,absolute,0.005,0.005,1,macro_ovr_auroc,"{""candidate_run_seed_rule"": ""42 + run_id"", ""locking_cv_seed"": 42, ""run_seed"": 45}",0.1.0,8f3bfa007c55f1fda622aca6e0b4d821cb1c8a24c3ac132911b739bcba48cf65
AMP-AD,boruta_rf,rush,low,legacy_zero_truncated,absolute,0.005,4,13,0.8732535589801333,,,,0.0033000628735397886,0.0037648157411762796,True,absolute_regret_within_tolerance,False,"{""1"": 0.23809523809523808}",0.23809523809523808,False,mean_jaccard > higher_locking_score > smaller_feature_count > lower_run_id,regret_constrained_medoid,absolute,0.005,0.005,1,macro_ovr_auroc,"{""candidate_run_seed_rule"": ""42 + run_id"", ""locking_cv_seed"": 42, ""run_seed"": 46}",0.1.0,8f3bfa007c55f1fda622aca6e0b4d821cb1c8a24c3ac132911b739bcba48cf65
AMP-AD,boruta_rf,rush,low,legacy_zero_truncated,absolute,0.005,5,13,0.8591275753152994,,,,0.017426046538373763,0.01988018314444061,False,absolute_regret_exceeds_tolerance,False,{},,False,mean_jaccard > higher_locking_score > smaller_feature_count > lower_run_id,regret_constrained_medoid,absolute,0.005,0.005,1,macro_ovr_auroc,"{""candidate_run_seed_rule"": ""42 + run_id"", ""locking_cv_seed"": 42, ""run_seed"": 47}",0.1.0,8f3bfa007c55f1fda622aca6e0b4d821cb1c8a24c3ac132911b739bcba48cf65
AMP-AD,boruta_rf,rush,low,legacy_zero_truncated,absolute,0.01,1,13,0.8765536218536731,,,,0.0,0.0,True,absolute_regret_within_tolerance,False,"{""4"": 0.23809523809523808}",0.23809523809523808,True,mean_jaccard > higher_locking_score > smaller_feature_count > lower_run_id,regret_constrained_medoid,absolute,0.01,0.01,1,macro_ovr_auroc,"{""candidate_run_seed_rule"": ""42 + run_id"", ""locking_cv_seed"": 42, ""run_seed"": 43}",0.1.0,80675b3d4d3e2199c6d5b1ce523d5b3832110776e2fad928fa1555eeb80be603
AMP-AD,boruta_rf,rush,low,legacy_zero_truncated,absolute,0.01,2,12,0.851889195458256,,,,0.024664426395417105,0.028137955032640827,False,absolute_regret_exceeds_tolerance,False,{},,False,mean_jaccard > higher_locking_score > smaller_feature_count > lower_run_id,regret_constrained_medoid,absolute,0.01,0.01,1,macro_ovr_auroc,"{""candidate_run_seed_rule"": ""42 + run_id"", ""locking_cv_seed"": 42, ""run_seed"": 44}",0.1.0,80675b3d4d3e2199c6d5b1ce523d5b3832110776e2fad928fa1555eeb80be603
AMP-AD,boruta_rf,rush,low,legacy_zero_truncated,absolute,0.01,3,16,0.8647352977141765,,,,0.011818324139496683,0.013482716681386968,False,absolute_regret_exceeds_tolerance,False,{},,False,mean_jaccard > higher_locking_score > smaller_feature_count > lower_run_id,regret_constrained_medoid,absolute,0.01,0.01,1,macro_ovr_auroc,"{""candidate_run_seed_rule"": ""42 + run_id"", ""locking_cv_seed"": 42, ""run_seed"": 45}",0.1.0,80675b3d4d3e2199c6d5b1ce523d5b3832110776e2fad928fa1555eeb80be603
AMP-AD,boruta_rf,rush,low,legacy_zero_truncated,absolute,0.01,4,13,0.8732535589801333,,,,0.0033000628735397886,0.0037648157411762796,True,absolute_regret_within_tolerance,False,"{""1"": 0.23809523809523808}",0.23809523809523808,False,mean_jaccard > higher_locking_score > smaller_feature_count > lower_run_id,regret_constrained_medoid,absolute,0.01,0.01,1,macro_ovr_auroc,"{""candidate_run_seed_rule"": ""42 + run_id"", ""locking_cv_seed"": 42, ""run_seed"": 46}",0.1.0,80675b3d4d3e2199c6d5b1ce523d5b3832110776e2fad928fa1555eeb80be603
AMP-AD,boruta_rf,rush,low,legacy_zero_truncated,absolute,0.01,5,13,0.8591275753152994,,,,0.017426046538373763,0.01988018314444061,False,absolute_regret_exceeds_tolerance,False,{},,False,mean_jaccard > higher_locking_score > smaller_feature_count > lower_run_id,regret_constrained_medoid,absolute,0.01,0.01,1,macro_ovr_auroc,"{""candidate_run_seed_rule"": ""42 + run_id"", ""locking_cv_seed"": 42, ""run_seed"": 47}",0.1.0,80675b3d4d3e2199c6d5b1ce523d5b3832110776e2fad928fa1555eeb80be603
AMP-AD,boruta_rf,rush,low,legacy_zero_truncated,absolute,0.02,1,13,0.8765536218536731,,,,0.0,0.0,True,absolute_regret_within_tolerance,False,"{""3"": 0.20833333333333334, ""4"": 0.23809523809523808, ""5"": 0.3684210526315789}",0.2716165413533835,False,mean_jaccard > higher_locking_score > smaller_feature_count > lower_run_id,regret_constrained_medoid,absolute,0.02,0.02,1,macro_ovr_auroc,"{""candidate_run_seed_rule"": ""42 + run_id"", ""locking_cv_seed"": 42, ""run_seed"": 43}",0.1.0,734e36a1e2a161f131d4990233d0d344c554195dfbfaa24b833950485ca54df8
AMP-AD,boruta_rf,rush,low,legacy_zero_truncated,absolute,0.02,2,12,0.851889195458256,,,,0.024664426395417105,0.028137955032640827,False,absolute_regret_exceeds_tolerance,False,{},,False,mean_jaccard > higher_locking_score > smaller_feature_count > lower_run_id,regret_constrained_medoid,absolute,0.02,0.02,1,macro_ovr_auroc,"{""candidate_run_seed_rule"": ""42 + run_id"", ""locking_cv_seed"": 42, ""run_seed"": 44}",0.1.0,734e36a1e2a161f131d4990233d0d344c554195dfbfaa24b833950485ca54df8
AMP-AD,boruta_rf,rush,low,legacy_zero_truncated,absolute,0.02,3,16,0.8647352977141765,,,,0.011818324139496683,0.013482716681386968,True,absolute_regret_within_tolerance,False,"{""1"": 0.20833333333333334, ""4"": 0.20833333333333334, ""5"": 0.2608695652173913}",0.22584541062801933,False,mean_jaccard > higher_locking_score > smaller_feature_count > lower_run_id,regret_constrained_medoid,absolute,0.02,0.02,1,macro_ovr_auroc,"{""candidate_run_seed_rule"": ""42 + run_id"", ""locking_cv_seed"": 42, ""run_seed"": 45}",0.1.0,734e36a1e2a161f131d4990233d0d344c554195dfbfaa24b833950485ca54df8
AMP-AD,boruta_rf,rush,low,legacy_zero_truncated,absolute,0.02,4,13,0.8732535589801333,,,,0.0033000628735397886,0.0037648157411762796,True,absolute_regret_within_tolerance,False,"{""1"": 0.23809523809523808, ""3"": 0.20833333333333334, ""5"": 0.23809523809523808}",0.22817460317460317,False,mean_jaccard > higher_locking_score > smaller_feature_count > lower_run_id,regret_constrained_medoid,absolute,0.02,0.02,1,macro_ovr_auroc,"{""candidate_run_seed_rule"": ""42 + run_id"", ""locking_cv_seed"": 42, ""run_seed"": 46}",0.1.0,734e36a1e2a161f131d4990233d0d344c554195dfbfaa24b833950485ca54df8
AMP-AD,boruta_rf,rush,low,legacy_zero_truncated,absolute,0.02,5,13,0.8591275753152994,,,,0.017426046538373763,0.01988018314444061,True,absolute_regret_within_tolerance,False,"{""1"": 0.3684210526315789, ""3"": 0.2608695652173913, ""4"": 0.23809523809523808}",0.28912861864806944,True,mean_jaccard > higher_locking_score > smaller_feature_count > lower_run_id,regret_constrained_medoid,absolute,0.02,0.02,1,macro_ovr_auroc,"{""candidate_run_seed_rule"": ""42 + run_id"", ""locking_cv_seed"": 42, ""run_seed"": 47}",0.1.0,734e36a1e2a161f131d4990233d0d344c554195dfbfaa24b833950485ca54df8
AMP-AD,boruta_rf,rush,reference,legacy_zero_truncated,absolute,0.0,1,23,0.8739267379374904,,,,0.011302645170156889,0.012768041126784924,False,absolute_regret_exceeds_tolerance,False,{},,False,mean_jaccard > higher_locking_score > smaller_feature_count > lower_run_id,regret_constrained_medoid,absolute,0.0,0.0,1,macro_ovr_auroc,"{""candidate_run_seed_rule"": ""42 + run_id"", ""locking_cv_seed"": 42, ""run_seed"": 43}",0.1.0,256fb84b77af8bf76e381cfa088194f3c4ac9d86f47245c4c5948b27368d84e4
AMP-AD,boruta_rf,rush,reference,legacy_zero_truncated,absolute,0.0,2,23,0.8683200006172356,,,,0.01690938249041174,0.019101695914171313,False,absolute_regret_exceeds_tolerance,False,{},,False,mean_jaccard > higher_locking_score > smaller_feature_count > lower_run_id,regret_constrained_medoid,absolute,0.0,0.0,1,macro_ovr_auroc,"{""candidate_run_seed_rule"": ""42 + run_id"", ""locking_cv_seed"": 42, ""run_seed"": 44}",0.1.0,256fb84b77af8bf76e381cfa088194f3c4ac9d86f47245c4c5948b27368d84e4
AMP-AD,boruta_rf,rush,reference,legacy_zero_truncated,absolute,0.0,3,23,0.8852293831076473,,,,0.0,0.0,True,absolute_regret_within_tolerance,False,{},1.0,True,mean_jaccard > higher_locking_score > smaller_feature_count > lower_run_id,regret_constrained_medoid,absolute,0.0,0.0,1,macro_ovr_auroc,"{""candidate_run_seed_rule"": ""42 + run_id"", ""locking_cv_seed"": 42, ""run_seed"": 45}",0.1.0,256fb84b77af8bf76e381cfa088194f3c4ac9d86f47245c4c5948b27368d84e4
AMP-AD,boruta_rf,rush,reference,legacy_zero_truncated,absolute,0.0,4,23,0.875551556004065,,,,0.009677827103582337,0.010932564246351362,False,absolute_regret_exceeds_tolerance,False,{},,False,mean_jaccard > higher_locking_score > smaller_feature_count > lower_run_id,regret_constrained_medoid,absolute,0.0,0.0,1,macro_ovr_auroc,"{""candidate_run_seed_rule"": ""42 + run_id"", ""locking_cv_seed"": 42, ""run_seed"": 46}",0.1.0,256fb84b77af8bf76e381cfa088194f3c4ac9d86f47245c4c5948b27368d84e4
AMP-AD,boruta_rf,rush,reference,legacy_zero_truncated,absolute,0.0,5,23,0.8669021772257819,,,,0.018327205881865427,0.020703341113155038,False,absolute_regret_exceeds_tolerance,False,{},,False,mean_jaccard > higher_locking_score > smaller_feature_count > lower_run_id,regret_constrained_medoid,absolute,0.0,0.0,1,macro_ovr_auroc,"{""candidate_run_seed_rule"": ""42 + run_id"", ""locking_cv_seed"": 42, ""run_seed"": 47}",0.1.0,256fb84b77af8bf76e381cfa088194f3c4ac9d86f47245c4c5948b27368d84e4
AMP-AD,boruta_rf,rush,reference,legacy_zero_truncated,absolute,0.005,1,23,0.8739267379374904,,,,0.011302645170156889,0.012768041126784924,False,absolute_regret_exceeds_tolerance,False,{},,False,mean_jaccard > higher_locking_score > smaller_feature_count > lower_run_id,regret_constrained_medoid,absolute,0.005,0.005,1,macro_ovr_auroc,"{""candidate_run_seed_rule"": ""42 + run_id"", ""locking_cv_seed"": 42, ""run_seed"": 43}",0.1.0,8f3bfa007c55f1fda622aca6e0b4d821cb1c8a24c3ac132911b739bcba48cf65
AMP-AD,boruta_rf,rush,reference,legacy_zero_truncated,absolute,0.005,2,23,0.8683200006172356,,,,0.01690938249041174,0.019101695914171313,False,absolute_regret_exceeds_tolerance,False,{},,False,mean_jaccard > higher_locking_score > smaller_feature_count > lower_run_id,regret_constrained_medoid,absolute,0.005,0.005,1,macro_ovr_auroc,"{""candidate_run_seed_rule"": ""42 + run_id"", ""locking_cv_seed"": 42, ""run_seed"": 44}",0.1.0,8f3bfa007c55f1fda622aca6e0b4d821cb1c8a24c3ac132911b739bcba48cf65
AMP-AD,boruta_rf,rush,reference,legacy_zero_truncated,absolute,0.005,3,23,0.8852293831076473,,,,0.0,0.0,True,absolute_regret_within_tolerance,False,{},1.0,True,mean_jaccard > higher_locking_score > smaller_feature_count > lower_run_id,regret_constrained_medoid,absolute,0.005,0.005,1,macro_ovr_auroc,"{""candidate_run_seed_rule"": ""42 + run_id"", ""locking_cv_seed"": 42, ""run_seed"": 45}",0.1.0,8f3bfa007c55f1fda622aca6e0b4d821cb1c8a24c3ac132911b739bcba48cf65
AMP-AD,boruta_rf,rush,reference,legacy_zero_truncated,absolute,0.005,4,23,0.875551556004065,,,,0.009677827103582337,0.010932564246351362,False,absolute_regret_exceeds_tolerance,False,{},,False,mean_jaccard > higher_locking_score > smaller_feature_count > lower_run_id,regret_constrained_medoid,absolute,0.005,0.005,1,macro_ovr_auroc,"{""candidate_run_seed_rule"": ""42 + run_id"", ""locking_cv_seed"": 42, ""run_seed"": 46}",0.1.0,8f3bfa007c55f1fda622aca6e0b4d821cb1c8a24c3ac132911b739bcba48cf65
AMP-AD,boruta_rf,rush,reference,legacy_zero_truncated,absolute,0.005,5,23,0.8669021772257819,,,,0.018327205881865427,0.020703341113155038,False,absolute_regret_exceeds_tolerance,False,{},,False,mean_jaccard > higher_locking_score > smaller_feature_count > lower_run_id,regret_constrained_medoid,absolute,0.005,0.005,1,macro_ovr_auroc,"{""candidate_run_seed_rule"": ""42 + run_id"", ""locking_cv_seed"": 42, ""run_seed"": 47}",0.1.0,8f3bfa007c55f1fda622aca6e0b4d821cb1c8a24c3ac132911b739bcba48cf65
AMP-AD,boruta_rf,rush,reference,legacy_zero_truncated,absolute,0.01,1,23,0.8739267379374904,,,,0.011302645170156889,0.012768041126784924,False,absolute_regret_exceeds_tolerance,False,{},,False,mean_jaccard > higher_locking_score > smaller_feature_count > lower_run_id,regret_constrained_medoid,absolute,0.01,0.01,1,macro_ovr_auroc,"{""candidate_run_seed_rule"": ""42 + run_id"", ""locking_cv_seed"": 42, ""run_seed"": 43}",0.1.0,80675b3d4d3e2199c6d5b1ce523d5b3832110776e2fad928fa1555eeb80be603
AMP-AD,boruta_rf,rush,reference,legacy_zero_truncated,absolute,0.01,2,23,0.8683200006172356,,,,0.01690938249041174,0.019101695914171313,False,absolute_regret_exceeds_tolerance,False,{},,False,mean_jaccard > higher_locking_score > smaller_feature_count > lower_run_id,regret_constrained_medoid,absolute,0.01,0.01,1,macro_ovr_auroc,"{""candidate_run_seed_rule"": ""42 + run_id"", ""locking_cv_seed"": 42, ""run_seed"": 44}",0.1.0,80675b3d4d3e2199c6d5b1ce523d5b3832110776e2fad928fa1555eeb80be603
AMP-AD,boruta_rf,rush,reference,legacy_zero_truncated,absolute,0.01,3,23,0.8852293831076473,,,,0.0,0.0,True,absolute_regret_within_tolerance,False,"{""4"": 0.3939393939393939}",0.3939393939393939,True,mean_jaccard > higher_locking_score > smaller_feature_count > lower_run_id,regret_constrained_medoid,absolute,0.01,0.01,1,macro_ovr_auroc,"{""candidate_run_seed_rule"": ""42 + run_id"", ""locking_cv_seed"": 42, ""run_seed"": 45}",0.1.0,80675b3d4d3e2199c6d5b1ce523d5b3832110776e2fad928fa1555eeb80be603
AMP-AD,boruta_rf,rush,reference,legacy_zero_truncated,absolute,0.01,4,23,0.875551556004065,,,,0.009677827103582337,0.010932564246351362,True,absolute_regret_within_tolerance,False,"{""3"": 0.3939393939393939}",0.3939393939393939,False,mean_jaccard > higher_locking_score > smaller_feature_count > lower_run_id,regret_constrained_medoid,absolute,0.01,0.01,1,macro_ovr_auroc,"{""candidate_run_seed_rule"": ""42 + run_id"", ""locking_cv_seed"": 42, ""run_seed"": 46}",0.1.0,80675b3d4d3e2199c6d5b1ce523d5b3832110776e2fad928fa1555eeb80be603
AMP-AD,boruta_rf,rush,reference,legacy_zero_truncated,absolute,0.01,5,23,0.8669021772257819,,,,0.018327205881865427,0.020703341113155038,False,absolute_regret_exceeds_tolerance,False,{},,False,mean_jaccard > higher_locking_score > smaller_feature_count > lower_run_id,regret_constrained_medoid,absolute,0.01,0.01,1,macro_ovr_auroc,"{""candidate_run_seed_rule"": ""42 + run_id"", ""locking_cv_seed"": 42, ""run_seed"": 47}",0.1.0,80675b3d4d3e2199c6d5b1ce523d5b3832110776e2fad928fa1555eeb80be603
AMP-AD,boruta_rf,rush,reference,legacy_zero_truncated,absolute,0.02,1,23,0.8739267379374904,,,,0.011302645170156889,0.012768041126784924,True,absolute_regret_within_tolerance,False,"{""2"": 0.2777777777777778, ""3"": 0.24324324324324326, ""4"": 0.35294117647058826, ""5"": 0.2777777777777778}",0.2879349938173468,False,mean_jaccard > higher_locking_score > smaller_feature_count > lower_run_id,regret_constrained_medoid,absolute,0.02,0.02,1,macro_ovr_auroc,"{""candidate_run_seed_rule"": ""42 + run_id"", ""locking_cv_seed"": 42, ""run_seed"": 43}",0.1.0,734e36a1e2a161f131d4990233d0d344c554195dfbfaa24b833950485ca54df8
AMP-AD,boruta_rf,rush,reference,legacy_zero_truncated,absolute,0.02,2,23,0.8683200006172356,,,,0.01690938249041174,0.019101695914171313,True,absolute_regret_within_tolerance,False,"{""1"": 0.2777777777777778, ""3"": 0.24324324324324326, ""4"": 0.35294117647058826, ""5"": 0.3939393939393939}",0.31697539785775086,False,mean_jaccard > higher_locking_score > smaller_feature_count > lower_run_id,regret_constrained_medoid,absolute,0.02,0.02,1,macro_ovr_auroc,"{""candidate_run_seed_rule"": ""42 + run_id"", ""locking_cv_seed"": 42, ""run_seed"": 44}",0.1.0,734e36a1e2a161f131d4990233d0d344c554195dfbfaa24b833950485ca54df8
AMP-AD,boruta_rf,rush,reference,legacy_zero_truncated,absolute,0.02,3,23,0.8852293831076473,,,,0.0,0.0,True,absolute_regret_within_tolerance,False,"{""1"": 0.24324324324324326, ""2"": 0.24324324324324326, ""4"": 0.3939393939393939, ""5"": 0.24324324324324326}",0.2809172809172809,False,mean_jaccard > higher_locking_score > smaller_feature_count > lower_run_id,regret_constrained_medoid,absolute,0.02,0.02,1,macro_ovr_auroc,"{""candidate_run_seed_rule"": ""42 + run_id"", ""locking_cv_seed"": 42, ""run_seed"": 45}",0.1.0,734e36a1e2a161f131d4990233d0d344c554195dfbfaa24b833950485ca54df8
AMP-AD,boruta_rf,rush,reference,legacy_zero_truncated,absolute,0.02,4,23,0.875551556004065,,,,0.009677827103582337,0.010932564246351362,True,absolute_regret_within_tolerance,False,"{""1"": 0.35294117647058826, ""2"": 0.35294117647058826, ""3"": 0.3939393939393939, ""5"": 0.3939393939393939}",0.37344028520499106,True,mean_jaccard > higher_locking_score > smaller_feature_count > lower_run_id,regret_constrained_medoid,absolute,0.02,0.02,1,macro_ovr_auroc,"{""candidate_run_seed_rule"": ""42 + run_id"", ""locking_cv_seed"": 42, ""run_seed"": 46}",0.1.0,734e36a1e2a161f131d4990233d0d344c554195dfbfaa24b833950485ca54df8
AMP-AD,boruta_rf,rush,reference,legacy_zero_truncated,absolute,0.02,5,23,0.8669021772257819,,,,0.018327205881865427,0.020703341113155038,True,absolute_regret_within_tolerance,False,"{""1"": 0.2777777777777778, ""2"": 0.3939393939393939, ""3"": 0.24324324324324326, ""4"": 0.3939393939393939}",0.3272249522249522,False,mean_jaccard > higher_locking_score > smaller_feature_count > lower_run_id,regret_constrained_medoid,absolute,0.02,0.02,1,macro_ovr_auroc,"{""candidate_run_seed_rule"": ""42 + run_id"", ""locking_cv_seed"": 42, ""run_seed"": 47}",0.1.0,734e36a1e2a161f131d4990233d0d344c554195dfbfaa24b833950485ca54df8
AMP-AD,svm_l1,emory,high,legacy_zero_truncated,absolute,0.0,1,32,0.8757680306670835,,,,0.0,0.0,True,absolute_regret_within_tolerance,False,{},1.0,True,mean_jaccard > higher_locking_score > smaller_feature_count > lower_run_id,regret_constrained_medoid,absolute,0.0,0.0,1,macro_ovr_auroc,"{""candidate_run_seed_rule"": ""42 + run_id"", ""locking_cv_seed"": 42, ""run_seed"": 43}",0.1.0,256fb84b77af8bf76e381cfa088194f3c4ac9d86f47245c4c5948b27368d84e4
AMP-AD,svm_l1,emory,high,legacy_zero_truncated,absolute,0.0,2,32,0.8701859941623568,,,,0.005582036504726773,0.006373875626031776,False,absolute_regret_exceeds_tolerance,False,{},,False,mean_jaccard > higher_locking_score > smaller_feature_count > lower_run_id,regret_constrained_medoid,absolute,0.0,0.0,1,macro_ovr_auroc,"{""candidate_run_seed_rule"": ""42 + run_id"", ""locking_cv_seed"": 42, ""run_seed"": 44}",0.1.0,256fb84b77af8bf76e381cfa088194f3c4ac9d86f47245c4c5948b27368d84e4
AMP-AD,svm_l1,emory,high,legacy_zero_truncated,absolute,0.0,3,32,0.8690897460608387,,,,0.006678284606244866,0.007625631870985212,False,absolute_regret_exceeds_tolerance,False,{},,False,mean_jaccard > higher_locking_score > smaller_feature_count > lower_run_id,regret_constrained_medoid,absolute,0.0,0.0,1,macro_ovr_auroc,"{""candidate_run_seed_rule"": ""42 + run_id"", ""locking_cv_seed"": 42, ""run_seed"": 45}",0.1.0,256fb84b77af8bf76e381cfa088194f3c4ac9d86f47245c4c5948b27368d84e4
AMP-AD,svm_l1,emory,high,legacy_zero_truncated,absolute,0.0,4,32,0.8729868296649365,,,,0.0027812010021470712,0.0031757279379433334,False,absolute_regret_exceeds_tolerance,False,{},,False,mean_jaccard > higher_locking_score > smaller_feature_count > lower_run_id,regret_constrained_medoid,absolute,0.0,0.0,1,macro_ovr_auroc,"{""candidate_run_seed_rule"": ""42 + run_id"", ""locking_cv_seed"": 42, ""run_seed"": 46}",0.1.0,256fb84b77af8bf76e381cfa088194f3c4ac9d86f47245c4c5948b27368d84e4
AMP-AD,svm_l1,emory,high,legacy_zero_truncated,absolute,0.0,5,32,0.8598726892078933,,,,0.01589534145919025,0.01815017322233442,False,absolute_regret_exceeds_tolerance,False,{},,False,mean_jaccard > higher_locking_score > smaller_feature_count > lower_run_id,regret_constrained_medoid,absolute,0.0,0.0,1,macro_ovr_auroc,"{""candidate_run_seed_rule"": ""42 + run_id"", ""locking_cv_seed"": 42, ""run_seed"": 47}",0.1.0,256fb84b77af8bf76e381cfa088194f3c4ac9d86f47245c4c5948b27368d84e4
AMP-AD,svm_l1,emory,high,legacy_zero_truncated,absolute,0.005,1,32,0.8757680306670835,,,,0.0,0.0,True,absolute_regret_within_tolerance,False,"{""4"": 0.4883720930232558}",0.4883720930232558,True,mean_jaccard > higher_locking_score > smaller_feature_count > lower_run_id,regret_constrained_medoid,absolute,0.005,0.005,1,macro_ovr_auroc,"{""candidate_run_seed_rule"": ""42 + run_id"", ""locking_cv_seed"": 42, ""run_seed"": 43}",0.1.0,8f3bfa007c55f1fda622aca6e0b4d821cb1c8a24c3ac132911b739bcba48cf65
AMP-AD,svm_l1,emory,high,legacy_zero_truncated,absolute,0.005,2,32,0.8701859941623568,,,,0.005582036504726773,0.006373875626031776,False,absolute_regret_exceeds_tolerance,False,{},,False,mean_jaccard > higher_locking_score > smaller_feature_count > lower_run_id,regret_constrained_medoid,absolute,0.005,0.005,1,macro_ovr_auroc,"{""candidate_run_seed_rule"": ""42 + run_id"", ""locking_cv_seed"": 42, ""run_seed"": 44}",0.1.0,8f3bfa007c55f1fda622aca6e0b4d821cb1c8a24c3ac132911b739bcba48cf65
AMP-AD,svm_l1,emory,high,legacy_zero_truncated,absolute,0.005,3,32,0.8690897460608387,,,,0.006678284606244866,0.007625631870985212,False,absolute_regret_exceeds_tolerance,False,{},,False,mean_jaccard > higher_locking_score > smaller_feature_count > lower_run_id,regret_constrained_medoid,absolute,0.005,0.005,1,macro_ovr_auroc,"{""candidate_run_seed_rule"": ""42 + run_id"", ""locking_cv_seed"": 42, ""run_seed"": 45}",0.1.0,8f3bfa007c55f1fda622aca6e0b4d821cb1c8a24c3ac132911b739bcba48cf65
AMP-AD,svm_l1,emory,high,legacy_zero_truncated,absolute,0.005,4,32,0.8729868296649365,,,,0.0027812010021470712,0.0031757279379433334,True,absolute_regret_within_tolerance,False,"{""1"": 0.4883720930232558}",0.4883720930232558,False,mean_jaccard > higher_locking_score > smaller_feature_count > lower_run_id,regret_constrained_medoid,absolute,0.005,0.005,1,macro_ovr_auroc,"{""candidate_run_seed_rule"": ""42 + run_id"", ""locking_cv_seed"": 42, ""run_seed"": 46}",0.1.0,8f3bfa007c55f1fda622aca6e0b4d821cb1c8a24c3ac132911b739bcba48cf65
AMP-AD,svm_l1,emory,high,legacy_zero_truncated,absolute,0.005,5,32,0.8598726892078933,,,,0.01589534145919025,0.01815017322233442,False,absolute_regret_exceeds_tolerance,False,{},,False,mean_jaccard > higher_locking_score > smaller_feature_count > lower_run_id,regret_constrained_medoid,absolute,0.005,0.005,1,macro_ovr_auroc,"{""candidate_run_seed_rule"": ""42 + run_id"", ""locking_cv_seed"": 42, ""run_seed"": 47}",0.1.0,8f3bfa007c55f1fda622aca6e0b4d821cb1c8a24c3ac132911b739bcba48cf65
AMP-AD,svm_l1,emory,high,legacy_zero_truncated,absolute,0.01,1,32,0.8757680306670835,,,,0.0,0.0,True,absolute_regret_within_tolerance,False,"{""2"": 0.4883720930232558, ""3"": 0.5609756097560976, ""4"": 0.4883720930232558}",0.5125732652675364,True,mean_jaccard > higher_locking_score > smaller_feature_count > lower_run_id,regret_constrained_medoid,absolute,0.01,0.01,1,macro_ovr_auroc,"{""candidate_run_seed_rule"": ""42 + run_id"", ""locking_cv_seed"": 42, ""run_seed"": 43}",0.1.0,80675b3d4d3e2199c6d5b1ce523d5b3832110776e2fad928fa1555eeb80be603
AMP-AD,svm_l1,emory,high,legacy_zero_truncated,absolute,0.01,2,32,0.8701859941623568,,,,0.005582036504726773,0.006373875626031776,True,absolute_regret_within_tolerance,False,"{""1"": 0.4883720930232558, ""3"": 0.4222222222222222, ""4"": 0.4883720930232558}",0.46632213608957795,False,mean_jaccard > higher_locking_score > smaller_feature_count > lower_run_id,regret_constrained_medoid,absolute,0.01,0.01,1,macro_ovr_auroc,"{""candidate_run_seed_rule"": ""42 + run_id"", ""locking_cv_seed"": 42, ""run_seed"": 44}",0.1.0,80675b3d4d3e2199c6d5b1ce523d5b3832110776e2fad928fa1555eeb80be603
AMP-AD,svm_l1,emory,high,legacy_zero_truncated,absolute,0.01,3,32,0.8690897460608387,,,,0.006678284606244866,0.007625631870985212,True,absolute_regret_within_tolerance,False,"{""1"": 0.5609756097560976, ""2"": 0.4222222222222222, ""4"": 0.5238095238095238}",0.5023357852626146,False,mean_jaccard > higher_locking_score > smaller_feature_count > lower_run_id,regret_constrained_medoid,absolute,0.01,0.01,1,macro_ovr_auroc,"{""candidate_run_seed_rule"": ""42 + run_id"", ""locking_cv_seed"": 42, ""run_seed"": 45}",0.1.0,80675b3d4d3e2199c6d5b1ce523d5b3832110776e2fad928fa1555eeb80be603
AMP-AD,svm_l1,emory,high,legacy_zero_truncated,absolute,0.01,4,32,0.8729868296649365,,,,0.0027812010021470712,0.0031757279379433334,True,absolute_regret_within_tolerance,False,"{""1"": 0.4883720930232558, ""2"": 0.4883720930232558, ""3"": 0.5238095238095238}",0.5001845699520118,False,mean_jaccard > higher_locking_score > smaller_feature_count > lower_run_id,regret_constrained_medoid,absolute,0.01,0.01,1,macro_ovr_auroc,"{""candidate_run_seed_rule"": ""42 + run_id"", ""locking_cv_seed"": 42, ""run_seed"": 46}",0.1.0,80675b3d4d3e2199c6d5b1ce523d5b3832110776e2fad928fa1555eeb80be603
AMP-AD,svm_l1,emory,high,legacy_zero_truncated,absolute,0.01,5,32,0.8598726892078933,,,,0.01589534145919025,0.01815017322233442,False,absolute_regret_exceeds_tolerance,False,{},,False,mean_jaccard > higher_locking_score > smaller_feature_count > lower_run_id,regret_constrained_medoid,absolute,0.01,0.01,1,macro_ovr_auroc,"{""candidate_run_seed_rule"": ""42 + run_id"", ""locking_cv_seed"": 42, ""run_seed"": 47}",0.1.0,80675b3d4d3e2199c6d5b1ce523d5b3832110776e2fad928fa1555eeb80be603
AMP-AD,svm_l1,emory,high,legacy_zero_truncated,absolute,0.02,1,32,0.8757680306670835,,,,0.0,0.0,True,absolute_regret_within_tolerance,False,"{""2"": 0.4883720930232558, ""3"": 0.5609756097560976, ""4"": 0.4883720930232558, ""5"": 0.6}",0.5344299489506523,True,mean_jaccard > higher_locking_score > smaller_feature_count > lower_run_id,regret_constrained_medoid,absolute,0.02,0.02,1,macro_ovr_auroc,"{""candidate_run_seed_rule"": ""42 + run_id"", ""locking_cv_seed"": 42, ""run_seed"": 43}",0.1.0,734e36a1e2a161f131d4990233d0d344c554195dfbfaa24b833950485ca54df8
AMP-AD,svm_l1,emory,high,legacy_zero_truncated,absolute,0.02,2,32,0.8701859941623568,,,,0.005582036504726773,0.006373875626031776,True,absolute_regret_within_tolerance,False,"{""1"": 0.4883720930232558, ""3"": 0.4222222222222222, ""4"": 0.4883720930232558, ""5"": 0.5238095238095238}",0.48069398301956445,False,mean_jaccard > higher_locking_score > smaller_feature_count > lower_run_id,regret_constrained_medoid,absolute,0.02,0.02,1,macro_ovr_auroc,"{""candidate_run_seed_rule"": ""42 + run_id"", ""locking_cv_seed"": 42, ""run_seed"": 44}",0.1.0,734e36a1e2a161f131d4990233d0d344c554195dfbfaa24b833950485ca54df8
AMP-AD,svm_l1,emory,high,legacy_zero_truncated,absolute,0.02,3,32,0.8690897460608387,,,,0.006678284606244866,0.007625631870985212,True,absolute_regret_within_tolerance,False,"{""1"": 0.5609756097560976, ""2"": 0.4222222222222222, ""4"": 0.5238095238095238, ""5"": 0.391304347826087}",0.4745779259034827,False,mean_jaccard > higher_locking_score > smaller_feature_count > lower_run_id,regret_constrained_medoid,absolute,0.02,0.02,1,macro_ovr_auroc,"{""candidate_run_seed_rule"": ""42 + run_id"", ""locking_cv_seed"": 42, ""run_seed"": 45}",0.1.0,734e36a1e2a161f131d4990233d0d344c554195dfbfaa24b833950485ca54df8
AMP-AD,svm_l1,emory,high,legacy_zero_truncated,absolute,0.02,4,32,0.8729868296649365,,,,0.0027812010021470712,0.0031757279379433334,True,absolute_regret_within_tolerance,False,"{""1"": 0.4883720930232558, ""2"": 0.4883720930232558, ""3"": 0.5238095238095238, ""5"": 0.5238095238095238}",0.5060908084163898,False,mean_jaccard > higher_locking_score > smaller_feature_count > lower_run_id,regret_constrained_medoid,absolute,0.02,0.02,1,macro_ovr_auroc,"{""candidate_run_seed_rule"": ""42 + run_id"", ""locking_cv_seed"": 42, ""run_seed"": 46}",0.1.0,734e36a1e2a161f131d4990233d0d344c554195dfbfaa24b833950485ca54df8
AMP-AD,svm_l1,emory,high,legacy_zero_truncated,absolute,0.02,5,32,0.8598726892078933,,,,0.01589534145919025,0.01815017322233442,True,absolute_regret_within_tolerance,False,"{""1"": 0.6, ""2"": 0.5238095238095238, ""3"": 0.391304347826087, ""4"": 0.5238095238095238}",0.5097308488612836,False,mean_jaccard > higher_locking_score > smaller_feature_count > lower_run_id,regret_constrained_medoid,absolute,0.02,0.02,1,macro_ovr_auroc,"{""candidate_run_seed_rule"": ""42 + run_id"", ""locking_cv_seed"": 42, ""run_seed"": 47}",0.1.0,734e36a1e2a161f131d4990233d0d344c554195dfbfaa24b833950485ca54df8
AMP-AD,svm_l1,emory,low,legacy_zero_truncated,absolute,0.0,1,13,0.8530565777070468,,,,0.010241059836793132,0.011862721952917508,False,absolute_regret_exceeds_tolerance,False,{},,False,mean_jaccard > higher_locking_score > smaller_feature_count > lower_run_id,regret_constrained_medoid,absolute,0.0,0.0,1,macro_ovr_auroc,"{""candidate_run_seed_rule"": ""42 + run_id"", ""locking_cv_seed"": 42, ""run_seed"": 43}",0.1.0,256fb84b77af8bf76e381cfa088194f3c4ac9d86f47245c4c5948b27368d84e4
AMP-AD,svm_l1,emory,low,legacy_zero_truncated,absolute,0.0,2,12,0.8632976375438399,,,,0.0,0.0,True,absolute_regret_within_tolerance,False,{},1.0,True,mean_jaccard > higher_locking_score > smaller_feature_count > lower_run_id,regret_constrained_medoid,absolute,0.0,0.0,1,macro_ovr_auroc,"{""candidate_run_seed_rule"": ""42 + run_id"", ""locking_cv_seed"": 42, ""run_seed"": 44}",0.1.0,256fb84b77af8bf76e381cfa088194f3c4ac9d86f47245c4c5948b27368d84e4
AMP-AD,svm_l1,emory,low,legacy_zero_truncated,absolute,0.0,3,12,0.8483485223614696,,,,0.014949115182370298,0.01731629339899723,False,absolute_regret_exceeds_tolerance,False,{},,False,mean_jaccard > higher_locking_score > smaller_feature_count > lower_run_id,regret_constrained_medoid,absolute,0.0,0.0,1,macro_ovr_auroc,"{""candidate_run_seed_rule"": ""42 + run_id"", ""locking_cv_seed"": 42, ""run_seed"": 45}",0.1.0,256fb84b77af8bf76e381cfa088194f3c4ac9d86f47245c4c5948b27368d84e4
AMP-AD,svm_l1,emory,low,legacy_zero_truncated,absolute,0.0,4,11,0.8372009210569835,,,,0.02609671648685641,0.0302291068015707,False,absolute_regret_exceeds_tolerance,False,{},,False,mean_jaccard > higher_locking_score > smaller_feature_count > lower_run_id,regret_constrained_medoid,absolute,0.0,0.0,1,macro_ovr_auroc,"{""candidate_run_seed_rule"": ""42 + run_id"", ""locking_cv_seed"": 42, ""run_seed"": 46}",0.1.0,256fb84b77af8bf76e381cfa088194f3c4ac9d86f47245c4c5948b27368d84e4
AMP-AD,svm_l1,emory,low,legacy_zero_truncated,absolute,0.0,5,11,0.8236638945299735,,,,0.03963374301386646,0.045909708645361355,False,absolute_regret_exceeds_tolerance,False,{},,False,mean_jaccard > higher_locking_score > smaller_feature_count > lower_run_id,regret_constrained_medoid,absolute,0.0,0.0,1,macro_ovr_auroc,"{""candidate_run_seed_rule"": ""42 + run_id"", ""locking_cv_seed"": 42, ""run_seed"": 47}",0.1.0,256fb84b77af8bf76e381cfa088194f3c4ac9d86f47245c4c5948b27368d84e4
AMP-AD,svm_l1,emory,low,legacy_zero_truncated,absolute,0.005,1,13,0.8530565777070468,,,,0.010241059836793132,0.011862721952917508,False,absolute_regret_exceeds_tolerance,False,{},,False,mean_jaccard > higher_locking_score > smaller_feature_count > lower_run_id,regret_constrained_medoid,absolute,0.005,0.005,1,macro_ovr_auroc,"{""candidate_run_seed_rule"": ""42 + run_id"", ""locking_cv_seed"": 42, ""run_seed"": 43}",0.1.0,8f3bfa007c55f1fda622aca6e0b4d821cb1c8a24c3ac132911b739bcba48cf65
AMP-AD,svm_l1,emory,low,legacy_zero_truncated,absolute,0.005,2,12,0.8632976375438399,,,,0.0,0.0,True,absolute_regret_within_tolerance,False,{},1.0,True,mean_jaccard > higher_locking_score > smaller_feature_count > lower_run_id,regret_constrained_medoid,absolute,0.005,0.005,1,macro_ovr_auroc,"{""candidate_run_seed_rule"": ""42 + run_id"", ""locking_cv_seed"": 42, ""run_seed"": 44}",0.1.0,8f3bfa007c55f1fda622aca6e0b4d821cb1c8a24c3ac132911b739bcba48cf65
AMP-AD,svm_l1,emory,low,legacy_zero_truncated,absolute,0.005,3,12,0.8483485223614696,,,,0.014949115182370298,0.01731629339899723,False,absolute_regret_exceeds_tolerance,False,{},,False,mean_jaccard > higher_locking_score > smaller_feature_count > lower_run_id,regret_constrained_medoid,absolute,0.005,0.005,1,macro_ovr_auroc,"{""candidate_run_seed_rule"": ""42 + run_id"", ""locking_cv_seed"": 42, ""run_seed"": 45}",0.1.0,8f3bfa007c55f1fda622aca6e0b4d821cb1c8a24c3ac132911b739bcba48cf65
AMP-AD,svm_l1,emory,low,legacy_zero_truncated,absolute,0.005,4,11,0.8372009210569835,,,,0.02609671648685641,0.0302291068015707,False,absolute_regret_exceeds_tolerance,False,{},,False,mean_jaccard > higher_locking_score > smaller_feature_count > lower_run_id,regret_constrained_medoid,absolute,0.005,0.005,1,macro_ovr_auroc,"{""candidate_run_seed_rule"": ""42 + run_id"", ""locking_cv_seed"": 42, ""run_seed"": 46}",0.1.0,8f3bfa007c55f1fda622aca6e0b4d821cb1c8a24c3ac132911b739bcba48cf65
AMP-AD,svm_l1,emory,low,legacy_zero_truncated,absolute,0.005,5,11,0.8236638945299735,,,,0.03963374301386646,0.045909708645361355,False,absolute_regret_exceeds_tolerance,False,{},,False,mean_jaccard > higher_locking_score > smaller_feature_count > lower_run_id,regret_constrained_medoid,absolute,0.005,0.005,1,macro_ovr_auroc,"{""candidate_run_seed_rule"": ""42 + run_id"", ""locking_cv_seed"": 42, ""run_seed"": 47}",0.1.0,8f3bfa007c55f1fda622aca6e0b4d821cb1c8a24c3ac132911b739bcba48cf65
AMP-AD,svm_l1,emory,low,legacy_zero_truncated,absolute,0.01,1,13,0.8530565777070468,,,,0.010241059836793132,0.011862721952917508,False,absolute_regret_exceeds_tolerance,False,{},,False,mean_jaccard > higher_locking_score > smaller_feature_count > lower_run_id,regret_constrained_medoid,absolute,0.01,0.01,1,macro_ovr_auroc,"{""candidate_run_seed_rule"": ""42 + run_id"", ""locking_cv_seed"": 42, ""run_seed"": 43}",0.1.0,80675b3d4d3e2199c6d5b1ce523d5b3832110776e2fad928fa1555eeb80be603
AMP-AD,svm_l1,emory,low,legacy_zero_truncated,absolute,0.01,2,12,0.8632976375438399,,,,0.0,0.0,True,absolute_regret_within_tolerance,False,{},1.0,True,mean_jaccard > higher_locking_score > smaller_feature_count > lower_run_id,regret_constrained_medoid,absolute,0.01,0.01,1,macro_ovr_auroc,"{""candidate_run_seed_rule"": ""42 + run_id"", ""locking_cv_seed"": 42, ""run_seed"": 44}",0.1.0,80675b3d4d3e2199c6d5b1ce523d5b3832110776e2fad928fa1555eeb80be603
AMP-AD,svm_l1,emory,low,legacy_zero_truncated,absolute,0.01,3,12,0.8483485223614696,,,,0.014949115182370298,0.01731629339899723,False,absolute_regret_exceeds_tolerance,False,{},,False,mean_jaccard > higher_locking_score > smaller_feature_count > lower_run_id,regret_constrained_medoid,absolute,0.01,0.01,1,macro_ovr_auroc,"{""candidate_run_seed_rule"": ""42 + run_id"", ""locking_cv_seed"": 42, ""run_seed"": 45}",0.1.0,80675b3d4d3e2199c6d5b1ce523d5b3832110776e2fad928fa1555eeb80be603
AMP-AD,svm_l1,emory,low,legacy_zero_truncated,absolute,0.01,4,11,0.8372009210569835,,,,0.02609671648685641,0.0302291068015707,False,absolute_regret_exceeds_tolerance,False,{},,False,mean_jaccard > higher_locking_score > smaller_feature_count > lower_run_id,regret_constrained_medoid,absolute,0.01,0.01,1,macro_ovr_auroc,"{""candidate_run_seed_rule"": ""42 + run_id"", ""locking_cv_seed"": 42, ""run_seed"": 46}",0.1.0,80675b3d4d3e2199c6d5b1ce523d5b3832110776e2fad928fa1555eeb80be603
AMP-AD,svm_l1,emory,low,legacy_zero_truncated,absolute,0.01,5,11,0.8236638945299735,,,,0.03963374301386646,0.045909708645361355,False,absolute_regret_exceeds_tolerance,False,{},,False,mean_jaccard > higher_locking_score > smaller_feature_count > lower_run_id,regret_constrained_medoid,absolute,0.01,0.01,1,macro_ovr_auroc,"{""candidate_run_seed_rule"": ""42 + run_id"", ""locking_cv_seed"": 42, ""run_seed"": 47}",0.1.0,80675b3d4d3e2199c6d5b1ce523d5b3832110776e2fad928fa1555eeb80be603
AMP-AD,svm_l1,emory,low,legacy_zero_truncated,absolute,0.02,1,13,0.8530565777070468,,,,0.010241059836793132,0.011862721952917508,True,absolute_regret_within_tolerance,False,"{""2"": 0.25, ""3"": 0.13636363636363635}",0.19318181818181818,False,mean_jaccard > higher_locking_score > smaller_feature_count > lower_run_id,regret_constrained_medoid,absolute,0.02,0.02,1,macro_ovr_auroc,"{""candidate_run_seed_rule"": ""42 + run_id"", ""locking_cv_seed"": 42, ""run_seed"": 43}",0.1.0,734e36a1e2a161f131d4990233d0d344c554195dfbfaa24b833950485ca54df8
AMP-AD,svm_l1,emory,low,legacy_zero_truncated,absolute,0.02,2,12,0.8632976375438399,,,,0.0,0.0,True,absolute_regret_within_tolerance,False,"{""1"": 0.25, ""3"": 0.2631578947368421}",0.256578947368421,True,mean_jaccard > higher_locking_score > smaller_feature_count > lower_run_id,regret_constrained_medoid,absolute,0.02,0.02,1,macro_ovr_auroc,"{""candidate_run_seed_rule"": ""42 + run_id"", ""locking_cv_seed"": 42, ""run_seed"": 44}",0.1.0,734e36a1e2a161f131d4990233d0d344c554195dfbfaa24b833950485ca54df8
AMP-AD,svm_l1,emory,low,legacy_zero_truncated,absolute,0.02,3,12,0.8483485223614696,,,,0.014949115182370298,0.01731629339899723,True,absolute_regret_within_tolerance,False,"{""1"": 0.13636363636363635, ""2"": 0.2631578947368421}",0.19976076555023922,False,mean_jaccard > higher_locking_score > smaller_feature_count > lower_run_id,regret_constrained_medoid,absolute,0.02,0.02,1,macro_ovr_auroc,"{""candidate_run_seed_rule"": ""42 + run_id"", ""locking_cv_seed"": 42, ""run_seed"": 45}",0.1.0,734e36a1e2a161f131d4990233d0d344c554195dfbfaa24b833950485ca54df8
AMP-AD,svm_l1,emory,low,legacy_zero_truncated,absolute,0.02,4,11,0.8372009210569835,,,,0.02609671648685641,0.0302291068015707,False,absolute_regret_exceeds_tolerance,False,{},,False,mean_jaccard > higher_locking_score > smaller_feature_count > lower_run_id,regret_constrained_medoid,absolute,0.02,0.02,1,macro_ovr_auroc,"{""candidate_run_seed_rule"": ""42 + run_id"", ""locking_cv_seed"": 42, ""run_seed"": 46}",0.1.0,734e36a1e2a161f131d4990233d0d344c554195dfbfaa24b833950485ca54df8
AMP-AD,svm_l1,emory,low,legacy_zero_truncated,absolute,0.02,5,11,0.8236638945299735,,,,0.03963374301386646,0.045909708645361355,False,absolute_regret_exceeds_tolerance,False,{},,False,mean_jaccard > higher_locking_score > smaller_feature_count > lower_run_id,regret_constrained_medoid,absolute,0.02,0.02,1,macro_ovr_auroc,"{""candidate_run_seed_rule"": ""42 + run_id"", ""locking_cv_seed"": 42, ""run_seed"": 47}",0.1.0,734e36a1e2a161f131d4990233d0d344c554195dfbfaa24b833950485ca54df8
AMP-AD,svm_l1,emory,reference,legacy_zero_truncated,absolute,0.0,1,19,0.8526707400842547,,,,0.013625187532862126,0.015728098330486613,False,absolute_regret_exceeds_tolerance,False,{},,False,mean_jaccard > higher_locking_score > smaller_feature_count > lower_run_id,regret_constrained_medoid,absolute,0.0,0.0,1,macro_ovr_auroc,"{""candidate_run_seed_rule"": ""42 + run_id"", ""locking_cv_seed"": 42, ""run_seed"": 43}",0.1.0,256fb84b77af8bf76e381cfa088194f3c4ac9d86f47245c4c5948b27368d84e4
AMP-AD,svm_l1,emory,reference,legacy_zero_truncated,absolute,0.0,2,19,0.8662959276171168,,,,0.0,0.0,True,absolute_regret_within_tolerance,False,{},1.0,True,mean_jaccard > higher_locking_score > smaller_feature_count > lower_run_id,regret_constrained_medoid,absolute,0.0,0.0,1,macro_ovr_auroc,"{""candidate_run_seed_rule"": ""42 + run_id"", ""locking_cv_seed"": 42, ""run_seed"": 44}",0.1.0,256fb84b77af8bf76e381cfa088194f3c4ac9d86f47245c4c5948b27368d84e4
AMP-AD,svm_l1,emory,reference,legacy_zero_truncated,absolute,0.0,3,19,0.8499106996255754,,,,0.016385227991541407,0.01891412330265889,False,absolute_regret_exceeds_tolerance,False,{},,False,mean_jaccard > higher_locking_score > smaller_feature_count > lower_run_id,regret_constrained_medoid,absolute,0.0,0.0,1,macro_ovr_auroc,"{""candidate_run_seed_rule"": ""42 + run_id"", ""locking_cv_seed"": 42, ""run_seed"": 45}",0.1.0,256fb84b77af8bf76e381cfa088194f3c4ac9d86f47245c4c5948b27368d84e4
AMP-AD,svm_l1,emory,reference,legacy_zero_truncated,absolute,0.0,4,19,0.8535643187791322,,,,0.012731608837984631,0.014696604742221198,False,absolute_regret_exceeds_tolerance,False,{},,False,mean_jaccard > higher_locking_score > smaller_feature_count > lower_run_id,regret_constrained_medoid,absolute,0.0,0.0,1,macro_ovr_auroc,"{""candidate_run_seed_rule"": ""42 + run_id"", ""locking_cv_seed"": 42, ""run_seed"": 46}",0.1.0,256fb84b77af8bf76e381cfa088194f3c4ac9d86f47245c4c5948b27368d84e4
AMP-AD,svm_l1,emory,reference,legacy_zero_truncated,absolute,0.0,5,19,0.8629304181159428,,,,0.00336550950117398,0.0038849420779702186,False,absolute_regret_exceeds_tolerance,False,{},,False,mean_jaccard > higher_locking_score > smaller_feature_count > lower_run_id,regret_constrained_medoid,absolute,0.0,0.0,1,macro_ovr_auroc,"{""candidate_run_seed_rule"": ""42 + run_id"", ""locking_cv_seed"": 42, ""run_seed"": 47}",0.1.0,256fb84b77af8bf76e381cfa088194f3c4ac9d86f47245c4c5948b27368d84e4
AMP-AD,svm_l1,emory,reference,legacy_zero_truncated,absolute,0.005,1,19,0.8526707400842547,,,,0.013625187532862126,0.015728098330486613,False,absolute_regret_exceeds_tolerance,False,{},,False,mean_jaccard > higher_locking_score > smaller_feature_count > lower_run_id,regret_constrained_medoid,absolute,0.005,0.005,1,macro_ovr_auroc,"{""candidate_run_seed_rule"": ""42 + run_id"", ""locking_cv_seed"": 42, ""run_seed"": 43}",0.1.0,8f3bfa007c55f1fda622aca6e0b4d821cb1c8a24c3ac132911b739bcba48cf65
AMP-AD,svm_l1,emory,reference,legacy_zero_truncated,absolute,0.005,2,19,0.8662959276171168,,,,0.0,0.0,True,absolute_regret_within_tolerance,False,"{""5"": 0.4074074074074074}",0.4074074074074074,True,mean_jaccard > higher_locking_score > smaller_feature_count > lower_run_id,regret_constrained_medoid,absolute,0.005,0.005,1,macro_ovr_auroc,"{""candidate_run_seed_rule"": ""42 + run_id"", ""locking_cv_seed"": 42, ""run_seed"": 44}",0.1.0,8f3bfa007c55f1fda622aca6e0b4d821cb1c8a24c3ac132911b739bcba48cf65
AMP-AD,svm_l1,emory,reference,legacy_zero_truncated,absolute,0.005,3,19,0.8499106996255754,,,,0.016385227991541407,0.01891412330265889,False,absolute_regret_exceeds_tolerance,False,{},,False,mean_jaccard > higher_locking_score > smaller_feature_count > lower_run_id,regret_constrained_medoid,absolute,0.005,0.005,1,macro_ovr_auroc,"{""candidate_run_seed_rule"": ""42 + run_id"", ""locking_cv_seed"": 42, ""run_seed"": 45}",0.1.0,8f3bfa007c55f1fda622aca6e0b4d821cb1c8a24c3ac132911b739bcba48cf65
AMP-AD,svm_l1,emory,reference,legacy_zero_truncated,absolute,0.005,4,19,0.8535643187791322,,,,0.012731608837984631,0.014696604742221198,False,absolute_regret_exceeds_tolerance,False,{},,False,mean_jaccard > higher_locking_score > smaller_feature_count > lower_run_id,regret_constrained_medoid,absolute,0.005,0.005,1,macro_ovr_auroc,"{""candidate_run_seed_rule"": ""42 + run_id"", ""locking_cv_seed"": 42, ""run_seed"": 46}",0.1.0,8f3bfa007c55f1fda622aca6e0b4d821cb1c8a24c3ac132911b739bcba48cf65
AMP-AD,svm_l1,emory,reference,legacy_zero_truncated,absolute,0.005,5,19,0.8629304181159428,,,,0.00336550950117398,0.0038849420779702186,True,absolute_regret_within_tolerance,False,"{""2"": 0.4074074074074074}",0.4074074074074074,False,mean_jaccard > higher_locking_score > smaller_feature_count > lower_run_id,regret_constrained_medoid,absolute,0.005,0.005,1,macro_ovr_auroc,"{""candidate_run_seed_rule"": ""42 + run_id"", ""locking_cv_seed"": 42, ""run_seed"": 47}",0.1.0,8f3bfa007c55f1fda622aca6e0b4d821cb1c8a24c3ac132911b739bcba48cf65
AMP-AD,svm_l1,emory,reference,legacy_zero_truncated,absolute,0.01,1,19,0.8526707400842547,,,,0.013625187532862126,0.015728098330486613,False,absolute_regret_exceeds_tolerance,False,{},,False,mean_jaccard > higher_locking_score > smaller_feature_count > lower_run_id,regret_constrained_medoid,absolute,0.01,0.01,1,macro_ovr_auroc,"{""candidate_run_seed_rule"": ""42 + run_id"", ""locking_cv_seed"": 42, ""run_seed"": 43}",0.1.0,80675b3d4d3e2199c6d5b1ce523d5b3832110776e2fad928fa1555eeb80be603
AMP-AD,svm_l1,emory,reference,legacy_zero_truncated,absolute,0.01,2,19,0.8662959276171168,,,,0.0,0.0,True,absolute_regret_within_tolerance,False,"{""5"": 0.4074074074074074}",0.4074074074074074,True,mean_jaccard > higher_locking_score > smaller_feature_count > lower_run_id,regret_constrained_medoid,absolute,0.01,0.01,1,macro_ovr_auroc,"{""candidate_run_seed_rule"": ""42 + run_id"", ""locking_cv_seed"": 42, ""run_seed"": 44}",0.1.0,80675b3d4d3e2199c6d5b1ce523d5b3832110776e2fad928fa1555eeb80be603
AMP-AD,svm_l1,emory,reference,legacy_zero_truncated,absolute,0.01,3,19,0.8499106996255754,,,,0.016385227991541407,0.01891412330265889,False,absolute_regret_exceeds_tolerance,False,{},,False,mean_jaccard > higher_locking_score > smaller_feature_count > lower_run_id,regret_constrained_medoid,absolute,0.01,0.01,1,macro_ovr_auroc,"{""candidate_run_seed_rule"": ""42 + run_id"", ""locking_cv_seed"": 42, ""run_seed"": 45}",0.1.0,80675b3d4d3e2199c6d5b1ce523d5b3832110776e2fad928fa1555eeb80be603
AMP-AD,svm_l1,emory,reference,legacy_zero_truncated,absolute,0.01,4,19,0.8535643187791322,,,,0.012731608837984631,0.014696604742221198,False,absolute_regret_exceeds_tolerance,False,{},,False,mean_jaccard > higher_locking_score > smaller_feature_count > lower_run_id,regret_constrained_medoid,absolute,0.01,0.01,1,macro_ovr_auroc,"{""candidate_run_seed_rule"": ""42 + run_id"", ""locking_cv_seed"": 42, ""run_seed"": 46}",0.1.0,80675b3d4d3e2199c6d5b1ce523d5b3832110776e2fad928fa1555eeb80be603
AMP-AD,svm_l1,emory,reference,legacy_zero_truncated,absolute,0.01,5,19,0.8629304181159428,,,,0.00336550950117398,0.0038849420779702186,True,absolute_regret_within_tolerance,False,"{""2"": 0.4074074074074074}",0.4074074074074074,False,mean_jaccard > higher_locking_score > smaller_feature_count > lower_run_id,regret_constrained_medoid,absolute,0.01,0.01,1,macro_ovr_auroc,"{""candidate_run_seed_rule"": ""42 + run_id"", ""locking_cv_seed"": 42, ""run_seed"": 47}",0.1.0,80675b3d4d3e2199c6d5b1ce523d5b3832110776e2fad928fa1555eeb80be603
AMP-AD,svm_l1,emory,reference,legacy_zero_truncated,absolute,0.02,1,19,0.8526707400842547,,,,0.013625187532862126,0.015728098330486613,True,absolute_regret_within_tolerance,False,"{""2"": 0.22580645161290322, ""3"": 0.35714285714285715, ""4"": 0.35714285714285715, ""5"": 0.15151515151515152}",0.27290182935344226,False,mean_jaccard > higher_locking_score > smaller_feature_count > lower_run_id,regret_constrained_medoid,absolute,0.02,0.02,1,macro_ovr_auroc,"{""candidate_run_seed_rule"": ""42 + run_id"", ""locking_cv_seed"": 42, ""run_seed"": 43}",0.1.0,734e36a1e2a161f131d4990233d0d344c554195dfbfaa24b833950485ca54df8
AMP-AD,svm_l1,emory,reference,legacy_zero_truncated,absolute,0.02,2,19,0.8662959276171168,,,,0.0,0.0,True,absolute_regret_within_tolerance,False,"{""1"": 0.22580645161290322, ""3"": 0.3103448275862069, ""4"": 0.3103448275862069, ""5"": 0.4074074074074074}",0.3134758785481811,False,mean_jaccard > higher_locking_score > smaller_feature_count > lower_run_id,regret_constrained_medoid,absolute,0.02,0.02,1,macro_ovr_auroc,"{""candidate_run_seed_rule"": ""42 + run_id"", ""locking_cv_seed"": 42, ""run_seed"": 44}",0.1.0,734e36a1e2a161f131d4990233d0d344c554195dfbfaa24b833950485ca54df8
AMP-AD,svm_l1,emory,reference,legacy_zero_truncated,absolute,0.02,3,19,0.8499106996255754,,,,0.016385227991541407,0.01891412330265889,True,absolute_regret_within_tolerance,False,"{""1"": 0.35714285714285715, ""2"": 0.3103448275862069, ""4"": 0.3103448275862069, ""5"": 0.4074074074074074}",0.3463099799306696,True,mean_jaccard > higher_locking_score > smaller_feature_count > lower_run_id,regret_constrained_medoid,absolute,0.02,0.02,1,macro_ovr_auroc,"{""candidate_run_seed_rule"": ""42 + run_id"", ""locking_cv_seed"": 42, ""run_seed"": 45}",0.1.0,734e36a1e2a161f131d4990233d0d344c554195dfbfaa24b833950485ca54df8
AMP-AD,svm_l1,emory,reference,legacy_zero_truncated,absolute,0.02,4,19,0.8535643187791322,,,,0.012731608837984631,0.014696604742221198,True,absolute_regret_within_tolerance,False,"{""1"": 0.35714285714285715, ""2"": 0.3103448275862069, ""3"": 0.3103448275862069, ""5"": 0.35714285714285715}",0.33374384236453203,False,mean_jaccard > higher_locking_score > smaller_feature_count > lower_run_id,regret_constrained_medoid,absolute,0.02,0.02,1,macro_ovr_auroc,"{""candidate_run_seed_rule"": ""42 + run_id"", ""locking_cv_seed"": 42, ""run_seed"": 46}",0.1.0,734e36a1e2a161f131d4990233d0d344c554195dfbfaa24b833950485ca54df8
AMP-AD,svm_l1,emory,reference,legacy_zero_truncated,absolute,0.02,5,19,0.8629304181159428,,,,0.00336550950117398,0.0038849420779702186,True,absolute_regret_within_tolerance,False,"{""1"": 0.15151515151515152, ""2"": 0.4074074074074074, ""3"": 0.4074074074074074, ""4"": 0.35714285714285715}",0.33086820586820587,False,mean_jaccard > higher_locking_score > smaller_feature_count > lower_run_id,regret_constrained_medoid,absolute,0.02,0.02,1,macro_ovr_auroc,"{""candidate_run_seed_rule"": ""42 + run_id"", ""locking_cv_seed"": 42, ""run_seed"": 47}",0.1.0,734e36a1e2a161f131d4990233d0d344c554195dfbfaa24b833950485ca54df8
AMP-AD,svm_l1,mayo,high,legacy_zero_truncated,absolute,0.0,1,38,0.8835940209799544,,,,0.005453421333362463,0.006134004861621968,False,absolute_regret_exceeds_tolerance,False,{},,False,mean_jaccard > higher_locking_score > smaller_feature_count > lower_run_id,regret_constrained_medoid,absolute,0.0,0.0,1,macro_ovr_auroc,"{""candidate_run_seed_rule"": ""42 + run_id"", ""locking_cv_seed"": 42, ""run_seed"": 43}",0.1.0,256fb84b77af8bf76e381cfa088194f3c4ac9d86f47245c4c5948b27368d84e4
AMP-AD,svm_l1,mayo,high,legacy_zero_truncated,absolute,0.0,2,37,0.8890474423133169,,,,0.0,0.0,True,absolute_regret_within_tolerance,False,{},1.0,True,mean_jaccard > higher_locking_score > smaller_feature_count > lower_run_id,regret_constrained_medoid,absolute,0.0,0.0,1,macro_ovr_auroc,"{""candidate_run_seed_rule"": ""42 + run_id"", ""locking_cv_seed"": 42, ""run_seed"": 44}",0.1.0,256fb84b77af8bf76e381cfa088194f3c4ac9d86f47245c4c5948b27368d84e4
AMP-AD,svm_l1,mayo,high,legacy_zero_truncated,absolute,0.0,3,37,0.8876237127978086,,,,0.0014237295155082874,0.0016014100572672686,False,absolute_regret_exceeds_tolerance,False,{},,False,mean_jaccard > higher_locking_score > smaller_feature_count > lower_run_id,regret_constrained_medoid,absolute,0.0,0.0,1,macro_ovr_auroc,"{""candidate_run_seed_rule"": ""42 + run_id"", ""locking_cv_seed"": 42, ""run_seed"": 45}",0.1.0,256fb84b77af8bf76e381cfa088194f3c4ac9d86f47245c4c5948b27368d84e4
AMP-AD,svm_l1,mayo,high,legacy_zero_truncated,absolute,0.0,4,37,0.8766805714843983,,,,0.01236687082891863,0.013910248475311754,False,absolute_regret_exceeds_tolerance,False,{},,False,mean_jaccard > higher_locking_score > smaller_feature_count > lower_run_id,regret_constrained_medoid,absolute,0.0,0.0,1,macro_ovr_auroc,"{""candidate_run_seed_rule"": ""42 + run_id"", ""locking_cv_seed"": 42, ""run_seed"": 46}",0.1.0,256fb84b77af8bf76e381cfa088194f3c4ac9d86f47245c4c5948b27368d84e4
AMP-AD,svm_l1,mayo,high,legacy_zero_truncated,absolute,0.0,5,37,0.8858725974754149,,,,0.00317484483790198,0.003571063462756249,False,absolute_regret_exceeds_tolerance,False,{},,False,mean_jaccard > higher_locking_score > smaller_feature_count > lower_run_id,regret_constrained_medoid,absolute,0.0,0.0,1,macro_ovr_auroc,"{""candidate_run_seed_rule"": ""42 + run_id"", ""locking_cv_seed"": 42, ""run_seed"": 47}",0.1.0,256fb84b77af8bf76e381cfa088194f3c4ac9d86f47245c4c5948b27368d84e4
AMP-AD,svm_l1,mayo,high,legacy_zero_truncated,absolute,0.005,1,38,0.8835940209799544,,,,0.005453421333362463,0.006134004861621968,False,absolute_regret_exceeds_tolerance,False,{},,False,mean_jaccard > higher_locking_score > smaller_feature_count > lower_run_id,regret_constrained_medoid,absolute,0.005,0.005,1,macro_ovr_auroc,"{""candidate_run_seed_rule"": ""42 + run_id"", ""locking_cv_seed"": 42, ""run_seed"": 43}",0.1.0,8f3bfa007c55f1fda622aca6e0b4d821cb1c8a24c3ac132911b739bcba48cf65
AMP-AD,svm_l1,mayo,high,legacy_zero_truncated,absolute,0.005,2,37,0.8890474423133169,,,,0.0,0.0,True,absolute_regret_within_tolerance,False,"{""3"": 0.23333333333333334, ""5"": 0.1935483870967742}",0.21344086021505376,False,mean_jaccard > higher_locking_score > smaller_feature_count > lower_run_id,regret_constrained_medoid,absolute,0.005,0.005,1,macro_ovr_auroc,"{""candidate_run_seed_rule"": ""42 + run_id"", ""locking_cv_seed"": 42, ""run_seed"": 44}",0.1.0,8f3bfa007c55f1fda622aca6e0b4d821cb1c8a24c3ac132911b739bcba48cf65
AMP-AD,svm_l1,mayo,high,legacy_zero_truncated,absolute,0.005,3,37,0.8876237127978086,,,,0.0014237295155082874,0.0016014100572672686,True,absolute_regret_within_tolerance,False,"{""2"": 0.23333333333333334, ""5"": 0.2542372881355932}",0.24378531073446327,True,mean_jaccard > higher_locking_score > smaller_feature_count > lower_run_id,regret_constrained_medoid,absolute,0.005,0.005,1,macro_ovr_auroc,"{""candidate_run_seed_rule"": ""42 + run_id"", ""locking_cv_seed"": 42, ""run_seed"": 45}",0.1.0,8f3bfa007c55f1fda622aca6e0b4d821cb1c8a24c3ac132911b739bcba48cf65
AMP-AD,svm_l1,mayo,high,legacy_zero_truncated,absolute,0.005,4,37,0.8766805714843983,,,,0.01236687082891863,0.013910248475311754,False,absolute_regret_exceeds_tolerance,False,{},,False,mean_jaccard > higher_locking_score > smaller_feature_count > lower_run_id,regret_constrained_medoid,absolute,0.005,0.005,1,macro_ovr_auroc,"{""candidate_run_seed_rule"": ""42 + run_id"", ""locking_cv_seed"": 42, ""run_seed"": 46}",0.1.0,8f3bfa007c55f1fda622aca6e0b4d821cb1c8a24c3ac132911b739bcba48cf65
AMP-AD,svm_l1,mayo,high,legacy_zero_truncated,absolute,0.005,5,37,0.8858725974754149,,,,0.00317484483790198,0.003571063462756249,True,absolute_regret_within_tolerance,False,"{""2"": 0.1935483870967742, ""3"": 0.2542372881355932}",0.2238928376161837,False,mean_jaccard > higher_locking_score > smaller_feature_count > lower_run_id,regret_constrained_medoid,absolute,0.005,0.005,1,macro_ovr_auroc,"{""candidate_run_seed_rule"": ""42 + run_id"", ""locking_cv_seed"": 42, ""run_seed"": 47}",0.1.0,8f3bfa007c55f1fda622aca6e0b4d821cb1c8a24c3ac132911b739bcba48cf65
AMP-AD,svm_l1,mayo,high,legacy_zero_truncated,absolute,0.01,1,38,0.8835940209799544,,,,0.005453421333362463,0.006134004861621968,True,absolute_regret_within_tolerance,False,"{""2"": 0.20967741935483872, ""3"": 0.2711864406779661, ""5"": 0.20967741935483872}",0.23018042646254785,False,mean_jaccard > higher_locking_score > smaller_feature_count > lower_run_id,regret_constrained_medoid,absolute,0.01,0.01,1,macro_ovr_auroc,"{""candidate_run_seed_rule"": ""42 + run_id"", ""locking_cv_seed"": 42, ""run_seed"": 43}",0.1.0,80675b3d4d3e2199c6d5b1ce523d5b3832110776e2fad928fa1555eeb80be603
AMP-AD,svm_l1,mayo,high,legacy_zero_truncated,absolute,0.01,2,37,0.8890474423133169,,,,0.0,0.0,True,absolute_regret_within_tolerance,False,"{""1"": 0.20967741935483872, ""3"": 0.23333333333333334, ""5"": 0.1935483870967742}",0.21218637992831538,False,mean_jaccard > higher_locking_score > smaller_feature_count > lower_run_id,regret_constrained_medoid,absolute,0.01,0.01,1,macro_ovr_auroc,"{""candidate_run_seed_rule"": ""42 + run_id"", ""locking_cv_seed"": 42, ""run_seed"": 44}",0.1.0,80675b3d4d3e2199c6d5b1ce523d5b3832110776e2fad928fa1555eeb80be603
AMP-AD,svm_l1,mayo,high,legacy_zero_truncated,absolute,0.01,3,37,0.8876237127978086,,,,0.0014237295155082874,0.0016014100572672686,True,absolute_regret_within_tolerance,False,"{""1"": 0.2711864406779661, ""2"": 0.23333333333333334, ""5"": 0.2542372881355932}",0.2529190207156309,True,mean_jaccard > higher_locking_score > smaller_feature_count > lower_run_id,regret_constrained_medoid,absolute,0.01,0.01,1,macro_ovr_auroc,"{""candidate_run_seed_rule"": ""42 + run_id"", ""locking_cv_seed"": 42, ""run_seed"": 45}",0.1.0,80675b3d4d3e2199c6d5b1ce523d5b3832110776e2fad928fa1555eeb80be603
AMP-AD,svm_l1,mayo,high,legacy_zero_truncated,absolute,0.01,4,37,0.8766805714843983,,,,0.01236687082891863,0.013910248475311754,False,absolute_regret_exceeds_tolerance,False,{},,False,mean_jaccard > higher_locking_score > smaller_feature_count > lower_run_id,regret_constrained_medoid,absolute,0.01,0.01,1,macro_ovr_auroc,"{""candidate_run_seed_rule"": ""42 + run_id"", ""locking_cv_seed"": 42, ""run_seed"": 46}",0.1.0,80675b3d4d3e2199c6d5b1ce523d5b3832110776e2fad928fa1555eeb80be603
AMP-AD,svm_l1,mayo,high,legacy_zero_truncated,absolute,0.01,5,37,0.8858725974754149,,,,0.00317484483790198,0.003571063462756249,True,absolute_regret_within_tolerance,False,"{""1"": 0.20967741935483872, ""2"": 0.1935483870967742, ""3"": 0.2542372881355932}",0.21915436486240203,False,mean_jaccard > higher_locking_score > smaller_feature_count > lower_run_id,regret_constrained_medoid,absolute,0.01,0.01,1,macro_ovr_auroc,"{""candidate_run_seed_rule"": ""42 + run_id"", ""locking_cv_seed"": 42, ""run_seed"": 47}",0.1.0,80675b3d4d3e2199c6d5b1ce523d5b3832110776e2fad928fa1555eeb80be603
AMP-AD,svm_l1,mayo,high,legacy_zero_truncated,absolute,0.02,1,38,0.8835940209799544,,,,0.005453421333362463,0.006134004861621968,True,absolute_regret_within_tolerance,False,"{""2"": 0.20967741935483872, ""3"": 0.2711864406779661, ""4"": 0.25, ""5"": 0.20967741935483872}",0.23513531984691088,True,mean_jaccard > higher_locking_score > smaller_feature_count > lower_run_id,regret_constrained_medoid,absolute,0.02,0.02,1,macro_ovr_auroc,"{""candidate_run_seed_rule"": ""42 + run_id"", ""locking_cv_seed"": 42, ""run_seed"": 43}",0.1.0,734e36a1e2a161f131d4990233d0d344c554195dfbfaa24b833950485ca54df8
AMP-AD,svm_l1,mayo,high,legacy_zero_truncated,absolute,0.02,2,37,0.8890474423133169,,,,0.0,0.0,True,absolute_regret_within_tolerance,False,"{""1"": 0.20967741935483872, ""3"": 0.23333333333333334, ""4"": 0.1935483870967742, ""5"": 0.1935483870967742}",0.2075268817204301,False,mean_jaccard > higher_locking_score > smaller_feature_count > lower_run_id,regret_constrained_medoid,absolute,0.02,0.02,1,macro_ovr_auroc,"{""candidate_run_seed_rule"": ""42 + run_id"", ""locking_cv_seed"": 42, ""run_seed"": 44}",0.1.0,734e36a1e2a161f131d4990233d0d344c554195dfbfaa24b833950485ca54df8
AMP-AD,svm_l1,mayo,high,legacy_zero_truncated,absolute,0.02,3,37,0.8876237127978086,,,,0.0014237295155082874,0.0016014100572672686,True,absolute_regret_within_tolerance,False,"{""1"": 0.2711864406779661, ""2"": 0.23333333333333334, ""4"": 0.1746031746031746, ""5"": 0.2542372881355932}",0.23334005918751682,False,mean_jaccard > higher_locking_score > smaller_feature_count > lower_run_id,regret_constrained_medoid,absolute,0.02,0.02,1,macro_ovr_auroc,"{""candidate_run_seed_rule"": ""42 + run_id"", ""locking_cv_seed"": 42, ""run_seed"": 45}",0.1.0,734e36a1e2a161f131d4990233d0d344c554195dfbfaa24b833950485ca54df8
AMP-AD,svm_l1,mayo,high,legacy_zero_truncated,absolute,0.02,4,37,0.8766805714843983,,,,0.01236687082891863,0.013910248475311754,True,absolute_regret_within_tolerance,False,"{""1"": 0.25, ""2"": 0.1935483870967742, ""3"": 0.1746031746031746, ""5"": 0.1044776119402985}",0.18065729341006181,False,mean_jaccard > higher_locking_score > smaller_feature_count > lower_run_id,regret_constrained_medoid,absolute,0.02,0.02,1,macro_ovr_auroc,"{""candidate_run_seed_rule"": ""42 + run_id"", ""locking_cv_seed"": 42, ""run_seed"": 46}",0.1.0,734e36a1e2a161f131d4990233d0d344c554195dfbfaa24b833950485ca54df8
AMP-AD,svm_l1,mayo,high,legacy_zero_truncated,absolute,0.02,5,37,0.8858725974754149,,,,0.00317484483790198,0.003571063462756249,True,absolute_regret_within_tolerance,False,"{""1"": 0.20967741935483872, ""2"": 0.1935483870967742, ""3"": 0.2542372881355932, ""4"": 0.1044776119402985}",0.19048517663187614,False,mean_jaccard > higher_locking_score > smaller_feature_count > lower_run_id,regret_constrained_medoid,absolute,0.02,0.02,1,macro_ovr_auroc,"{""candidate_run_seed_rule"": ""42 + run_id"", ""locking_cv_seed"": 42, ""run_seed"": 47}",0.1.0,734e36a1e2a161f131d4990233d0d344c554195dfbfaa24b833950485ca54df8
AMP-AD,svm_l1,mayo,low,legacy_zero_truncated,absolute,0.0,1,28,0.8681868644391774,,,,0.012154930902197436,0.013807058765719573,False,absolute_regret_exceeds_tolerance,False,{},,False,mean_jaccard > higher_locking_score > smaller_feature_count > lower_run_id,regret_constrained_medoid,absolute,0.0,0.0,1,macro_ovr_auroc,"{""candidate_run_seed_rule"": ""42 + run_id"", ""locking_cv_seed"": 42, ""run_seed"": 43}",0.1.0,256fb84b77af8bf76e381cfa088194f3c4ac9d86f47245c4c5948b27368d84e4
AMP-AD,svm_l1,mayo,low,legacy_zero_truncated,absolute,0.0,2,26,0.8737925040686816,,,,0.006549291272693214,0.007439486921274208,False,absolute_regret_exceeds_tolerance,False,{},,False,mean_jaccard > higher_locking_score > smaller_feature_count > lower_run_id,regret_constrained_medoid,absolute,0.0,0.0,1,macro_ovr_auroc,"{""candidate_run_seed_rule"": ""42 + run_id"", ""locking_cv_seed"": 42, ""run_seed"": 44}",0.1.0,256fb84b77af8bf76e381cfa088194f3c4ac9d86f47245c4c5948b27368d84e4
AMP-AD,svm_l1,mayo,low,legacy_zero_truncated,absolute,0.0,3,22,0.8626984535065905,,,,0.017643341834784332,0.020041467902750975,False,absolute_regret_exceeds_tolerance,False,{},,False,mean_jaccard > higher_locking_score > smaller_feature_count > lower_run_id,regret_constrained_medoid,absolute,0.0,0.0,1,macro_ovr_auroc,"{""candidate_run_seed_rule"": ""42 + run_id"", ""locking_cv_seed"": 42, ""run_seed"": 45}",0.1.0,256fb84b77af8bf76e381cfa088194f3c4ac9d86f47245c4c5948b27368d84e4
AMP-AD,svm_l1,mayo,low,legacy_zero_truncated,absolute,0.0,4,27,0.8656340494030779,,,,0.014707745938296934,0.016706858649819793,False,absolute_regret_exceeds_tolerance,False,{},,False,mean_jaccard > higher_locking_score > smaller_feature_count > lower_run_id,regret_constrained_medoid,absolute,0.0,0.0,1,macro_ovr_auroc,"{""candidate_run_seed_rule"": ""42 + run_id"", ""locking_cv_seed"": 42, ""run_seed"": 46}",0.1.0,256fb84b77af8bf76e381cfa088194f3c4ac9d86f47245c4c5948b27368d84e4
AMP-AD,svm_l1,mayo,low,legacy_zero_truncated,absolute,0.0,5,26,0.8803417953413748,,,,0.0,0.0,True,absolute_regret_within_tolerance,False,{},1.0,True,mean_jaccard > higher_locking_score > smaller_feature_count > lower_run_id,regret_constrained_medoid,absolute,0.0,0.0,1,macro_ovr_auroc,"{""candidate_run_seed_rule"": ""42 + run_id"", ""locking_cv_seed"": 42, ""run_seed"": 47}",0.1.0,256fb84b77af8bf76e381cfa088194f3c4ac9d86f47245c4c5948b27368d84e4
AMP-AD,svm_l1,mayo,low,legacy_zero_truncated,absolute,0.005,1,28,0.8681868644391774,,,,0.012154930902197436,0.013807058765719573,False,absolute_regret_exceeds_tolerance,False,{},,False,mean_jaccard > higher_locking_score > smaller_feature_count > lower_run_id,regret_constrained_medoid,absolute,0.005,0.005,1,macro_ovr_auroc,"{""candidate_run_seed_rule"": ""42 + run_id"", ""locking_cv_seed"": 42, ""run_seed"": 43}",0.1.0,8f3bfa007c55f1fda622aca6e0b4d821cb1c8a24c3ac132911b739bcba48cf65
AMP-AD,svm_l1,mayo,low,legacy_zero_truncated,absolute,0.005,2,26,0.8737925040686816,,,,0.006549291272693214,0.007439486921274208,False,absolute_regret_exceeds_tolerance,False,{},,False,mean_jaccard > higher_locking_score > smaller_feature_count > lower_run_id,regret_constrained_medoid,absolute,0.005,0.005,1,macro_ovr_auroc,"{""candidate_run_seed_rule"": ""42 + run_id"", ""locking_cv_seed"": 42, ""run_seed"": 44}",0.1.0,8f3bfa007c55f1fda622aca6e0b4d821cb1c8a24c3ac132911b739bcba48cf65
AMP-AD,svm_l1,mayo,low,legacy_zero_truncated,absolute,0.005,3,22,0.8626984535065905,,,,0.017643341834784332,0.020041467902750975,False,absolute_regret_exceeds_tolerance,False,{},,False,mean_jaccard > higher_locking_score > smaller_feature_count > lower_run_id,regret_constrained_medoid,absolute,0.005,0.005,1,macro_ovr_auroc,"{""candidate_run_seed_rule"": ""42 + run_id"", ""locking_cv_seed"": 42, ""run_seed"": 45}",0.1.0,8f3bfa007c55f1fda622aca6e0b4d821cb1c8a24c3ac132911b739bcba48cf65
AMP-AD,svm_l1,mayo,low,legacy_zero_truncated,absolute,0.005,4,27,0.8656340494030779,,,,0.014707745938296934,0.016706858649819793,False,absolute_regret_exceeds_tolerance,False,{},,False,mean_jaccard > higher_locking_score > smaller_feature_count > lower_run_id,regret_constrained_medoid,absolute,0.005,0.005,1,macro_ovr_auroc,"{""candidate_run_seed_rule"": ""42 + run_id"", ""locking_cv_seed"": 42, ""run_seed"": 46}",0.1.0,8f3bfa007c55f1fda622aca6e0b4d821cb1c8a24c3ac132911b739bcba48cf65
AMP-AD,svm_l1,mayo,low,legacy_zero_truncated,absolute,0.005,5,26,0.8803417953413748,,,,0.0,0.0,True,absolute_regret_within_tolerance,False,{},1.0,True,mean_jaccard > higher_locking_score > smaller_feature_count > lower_run_id,regret_constrained_medoid,absolute,0.005,0.005,1,macro_ovr_auroc,"{""candidate_run_seed_rule"": ""42 + run_id"", ""locking_cv_seed"": 42, ""run_seed"": 47}",0.1.0,8f3bfa007c55f1fda622aca6e0b4d821cb1c8a24c3ac132911b739bcba48cf65
AMP-AD,svm_l1,mayo,low,legacy_zero_truncated,absolute,0.01,1,28,0.8681868644391774,,,,0.012154930902197436,0.013807058765719573,False,absolute_regret_exceeds_tolerance,False,{},,False,mean_jaccard > higher_locking_score > smaller_feature_count > lower_run_id,regret_constrained_medoid,absolute,0.01,0.01,1,macro_ovr_auroc,"{""candidate_run_seed_rule"": ""42 + run_id"", ""locking_cv_seed"": 42, ""run_seed"": 43}",0.1.0,80675b3d4d3e2199c6d5b1ce523d5b3832110776e2fad928fa1555eeb80be603
AMP-AD,svm_l1,mayo,low,legacy_zero_truncated,absolute,0.01,2,26,0.8737925040686816,,,,0.006549291272693214,0.007439486921274208,True,absolute_regret_within_tolerance,False,"{""5"": 0.13043478260869565}",0.13043478260869565,False,mean_jaccard > higher_locking_score > smaller_feature_count > lower_run_id,regret_constrained_medoid,absolute,0.01,0.01,1,macro_ovr_auroc,"{""candidate_run_seed_rule"": ""42 + run_id"", ""locking_cv_seed"": 42, ""run_seed"": 44}",0.1.0,80675b3d4d3e2199c6d5b1ce523d5b3832110776e2fad928fa1555eeb80be603
AMP-AD,svm_l1,mayo,low,legacy_zero_truncated,absolute,0.01,3,22,0.8626984535065905,,,,0.017643341834784332,0.020041467902750975,False,absolute_regret_exceeds_tolerance,False,{},,False,mean_jaccard > higher_locking_score > smaller_feature_count > lower_run_id,regret_constrained_medoid,absolute,0.01,0.01,1,macro_ovr_auroc,"{""candidate_run_seed_rule"": ""42 + run_id"", ""locking_cv_seed"": 42, ""run_seed"": 45}",0.1.0,80675b3d4d3e2199c6d5b1ce523d5b3832110776e2fad928fa1555eeb80be603
AMP-AD,svm_l1,mayo,low,legacy_zero_truncated,absolute,0.01,4,27,0.8656340494030779,,,,0.014707745938296934,0.016706858649819793,False,absolute_regret_exceeds_tolerance,False,{},,False,mean_jaccard > higher_locking_score > smaller_feature_count > lower_run_id,regret_constrained_medoid,absolute,0.01,0.01,1,macro_ovr_auroc,"{""candidate_run_seed_rule"": ""42 + run_id"", ""locking_cv_seed"": 42, ""run_seed"": 46}",0.1.0,80675b3d4d3e2199c6d5b1ce523d5b3832110776e2fad928fa1555eeb80be603
AMP-AD,svm_l1,mayo,low,legacy_zero_truncated,absolute,0.01,5,26,0.8803417953413748,,,,0.0,0.0,True,absolute_regret_within_tolerance,False,"{""2"": 0.13043478260869565}",0.13043478260869565,True,mean_jaccard > higher_locking_score > smaller_feature_count > lower_run_id,regret_constrained_medoid,absolute,0.01,0.01,1,macro_ovr_auroc,"{""candidate_run_seed_rule"": ""42 + run_id"", ""locking_cv_seed"": 42, ""run_seed"": 47}",0.1.0,80675b3d4d3e2199c6d5b1ce523d5b3832110776e2fad928fa1555eeb80be603
AMP-AD,svm_l1,mayo,low,legacy_zero_truncated,absolute,0.02,1,28,0.8681868644391774,,,,0.012154930902197436,0.013807058765719573,True,absolute_regret_within_tolerance,False,"{""2"": 0.125, ""3"": 0.1111111111111111, ""4"": 0.14583333333333334, ""5"": 0.125}",0.1267361111111111,False,mean_jaccard > higher_locking_score > smaller_feature_count > lower_run_id,regret_constrained_medoid,absolute,0.02,0.02,1,macro_ovr_auroc,"{""candidate_run_seed_rule"": ""42 + run_id"", ""locking_cv_seed"": 42, ""run_seed"": 43}",0.1.0,734e36a1e2a161f131d4990233d0d344c554195dfbfaa24b833950485ca54df8
AMP-AD,svm_l1,mayo,low,legacy_zero_truncated,absolute,0.02,2,26,0.8737925040686816,,,,0.006549291272693214,0.007439486921274208,True,absolute_regret_within_tolerance,False,"{""1"": 0.125, ""3"": 0.06666666666666667, ""4"": 0.10416666666666667, ""5"": 0.13043478260869565}",0.10656702898550724,False,mean_jaccard > higher_locking_score > smaller_feature_count > lower_run_id,regret_constrained_medoid,absolute,0.02,0.02,1,macro_ovr_auroc,"{""candidate_run_seed_rule"": ""42 + run_id"", ""locking_cv_seed"": 42, ""run_seed"": 44}",0.1.0,734e36a1e2a161f131d4990233d0d344c554195dfbfaa24b833950485ca54df8
AMP-AD,svm_l1,mayo,low,legacy_zero_truncated,absolute,0.02,3,22,0.8626984535065905,,,,0.017643341834784332,0.020041467902750975,True,absolute_regret_within_tolerance,False,"{""1"": 0.1111111111111111, ""2"": 0.06666666666666667, ""4"": 0.16666666666666666, ""5"": 0.14285714285714285}",0.12182539682539682,False,mean_jaccard > higher_locking_score > smaller_feature_count > lower_run_id,regret_constrained_medoid,absolute,0.02,0.02,1,macro_ovr_auroc,"{""candidate_run_seed_rule"": ""42 + run_id"", ""locking_cv_seed"": 42, ""run_seed"": 45}",0.1.0,734e36a1e2a161f131d4990233d0d344c554195dfbfaa24b833950485ca54df8
AMP-AD,svm_l1,mayo,low,legacy_zero_truncated,absolute,0.02,4,27,0.8656340494030779,,,,0.014707745938296934,0.016706858649819793,True,absolute_regret_within_tolerance,False,"{""1"": 0.14583333333333334, ""2"": 0.10416666666666667, ""3"": 0.16666666666666666, ""5"": 0.10416666666666667}",0.13020833333333331,True,mean_jaccard > higher_locking_score > smaller_feature_count > lower_run_id,regret_constrained_medoid,absolute,0.02,0.02,1,macro_ovr_auroc,"{""candidate_run_seed_rule"": ""42 + run_id"", ""locking_cv_seed"": 42, ""run_seed"": 46}",0.1.0,734e36a1e2a161f131d4990233d0d344c554195dfbfaa24b833950485ca54df8
AMP-AD,svm_l1,mayo,low,legacy_zero_truncated,absolute,0.02,5,26,0.8803417953413748,,,,0.0,0.0,True,absolute_regret_within_tolerance,False,"{""1"": 0.125, ""2"": 0.13043478260869565, ""3"": 0.14285714285714285, ""4"": 0.10416666666666667}",0.1256146480331263,False,mean_jaccard > higher_locking_score > smaller_feature_count > lower_run_id,regret_constrained_medoid,absolute,0.02,0.02,1,macro_ovr_auroc,"{""candidate_run_seed_rule"": ""42 + run_id"", ""locking_cv_seed"": 42, ""run_seed"": 47}",0.1.0,734e36a1e2a161f131d4990233d0d344c554195dfbfaa24b833950485ca54df8
AMP-AD,svm_l1,mayo,reference,legacy_zero_truncated,absolute,0.0,1,33,0.8685388779055726,,,,0.0114894519203812,0.01305577505971144,False,absolute_regret_exceeds_tolerance,False,{},,False,mean_jaccard > higher_locking_score > smaller_feature_count > lower_run_id,regret_constrained_medoid,absolute,0.0,0.0,1,macro_ovr_auroc,"{""candidate_run_seed_rule"": ""42 + run_id"", ""locking_cv_seed"": 42, ""run_seed"": 43}",0.1.0,256fb84b77af8bf76e381cfa088194f3c4ac9d86f47245c4c5948b27368d84e4
AMP-AD,svm_l1,mayo,reference,legacy_zero_truncated,absolute,0.0,2,29,0.8727349716678985,,,,0.007293358158055319,0.008287640193921655,False,absolute_regret_exceeds_tolerance,False,{},,False,mean_jaccard > higher_locking_score > smaller_feature_count > lower_run_id,regret_constrained_medoid,absolute,0.0,0.0,1,macro_ovr_auroc,"{""candidate_run_seed_rule"": ""42 + run_id"", ""locking_cv_seed"": 42, ""run_seed"": 44}",0.1.0,256fb84b77af8bf76e381cfa088194f3c4ac9d86f47245c4c5948b27368d84e4
AMP-AD,svm_l1,mayo,reference,legacy_zero_truncated,absolute,0.0,3,24,0.8708255354821797,,,,0.009202794343774134,0.010457384190795543,False,absolute_regret_exceeds_tolerance,False,{},,False,mean_jaccard > higher_locking_score > smaller_feature_count > lower_run_id,regret_constrained_medoid,absolute,0.0,0.0,1,macro_ovr_auroc,"{""candidate_run_seed_rule"": ""42 + run_id"", ""locking_cv_seed"": 42, ""run_seed"": 45}",0.1.0,256fb84b77af8bf76e381cfa088194f3c4ac9d86f47245c4c5948b27368d84e4
AMP-AD,svm_l1,mayo,reference,legacy_zero_truncated,absolute,0.0,4,29,0.8747429758354904,,,,0.005285353990463371,0.006005890732527524,False,absolute_regret_exceeds_tolerance,False,{},,False,mean_jaccard > higher_locking_score > smaller_feature_count > lower_run_id,regret_constrained_medoid,absolute,0.0,0.0,1,macro_ovr_auroc,"{""candidate_run_seed_rule"": ""42 + run_id"", ""locking_cv_seed"": 42, ""run_seed"": 46}",0.1.0,256fb84b77af8bf76e381cfa088194f3c4ac9d86f47245c4c5948b27368d84e4
AMP-AD,svm_l1,mayo,reference,legacy_zero_truncated,absolute,0.0,5,23,0.8800283298259538,,,,0.0,0.0,True,absolute_regret_within_tolerance,False,{},1.0,True,mean_jaccard > higher_locking_score > smaller_feature_count > lower_run_id,regret_constrained_medoid,absolute,0.0,0.0,1,macro_ovr_auroc,"{""candidate_run_seed_rule"": ""42 + run_id"", ""locking_cv_seed"": 42, ""run_seed"": 47}",0.1.0,256fb84b77af8bf76e381cfa088194f3c4ac9d86f47245c4c5948b27368d84e4
AMP-AD,svm_l1,mayo,reference,legacy_zero_truncated,absolute,0.005,1,33,0.8685388779055726,,,,0.0114894519203812,0.01305577505971144,False,absolute_regret_exceeds_tolerance,False,{},,False,mean_jaccard > higher_locking_score > smaller_feature_count > lower_run_id,regret_constrained_medoid,absolute,0.005,0.005,1,macro_ovr_auroc,"{""candidate_run_seed_rule"": ""42 + run_id"", ""locking_cv_seed"": 42, ""run_seed"": 43}",0.1.0,8f3bfa007c55f1fda622aca6e0b4d821cb1c8a24c3ac132911b739bcba48cf65
AMP-AD,svm_l1,mayo,reference,legacy_zero_truncated,absolute,0.005,2,29,0.8727349716678985,,,,0.007293358158055319,0.008287640193921655,False,absolute_regret_exceeds_tolerance,False,{},,False,mean_jaccard > higher_locking_score > smaller_feature_count > lower_run_id,regret_constrained_medoid,absolute,0.005,0.005,1,macro_ovr_auroc,"{""candidate_run_seed_rule"": ""42 + run_id"", ""locking_cv_seed"": 42, ""run_seed"": 44}",0.1.0,8f3bfa007c55f1fda622aca6e0b4d821cb1c8a24c3ac132911b739bcba48cf65
AMP-AD,svm_l1,mayo,reference,legacy_zero_truncated,absolute,0.005,3,24,0.8708255354821797,,,,0.009202794343774134,0.010457384190795543,False,absolute_regret_exceeds_tolerance,False,{},,False,mean_jaccard > higher_locking_score > smaller_feature_count > lower_run_id,regret_constrained_medoid,absolute,0.005,0.005,1,macro_ovr_auroc,"{""candidate_run_seed_rule"": ""42 + run_id"", ""locking_cv_seed"": 42, ""run_seed"": 45}",0.1.0,8f3bfa007c55f1fda622aca6e0b4d821cb1c8a24c3ac132911b739bcba48cf65
AMP-AD,svm_l1,mayo,reference,legacy_zero_truncated,absolute,0.005,4,29,0.8747429758354904,,,,0.005285353990463371,0.006005890732527524,False,absolute_regret_exceeds_tolerance,False,{},,False,mean_jaccard > higher_locking_score > smaller_feature_count > lower_run_id,regret_constrained_medoid,absolute,0.005,0.005,1,macro_ovr_auroc,"{""candidate_run_seed_rule"": ""42 + run_id"", ""locking_cv_seed"": 42, ""run_seed"": 46}",0.1.0,8f3bfa007c55f1fda622aca6e0b4d821cb1c8a24c3ac132911b739bcba48cf65
AMP-AD,svm_l1,mayo,reference,legacy_zero_truncated,absolute,0.005,5,23,0.8800283298259538,,,,0.0,0.0,True,absolute_regret_within_tolerance,False,{},1.0,True,mean_jaccard > higher_locking_score > smaller_feature_count > lower_run_id,regret_constrained_medoid,absolute,0.005,0.005,1,macro_ovr_auroc,"{""candidate_run_seed_rule"": ""42 + run_id"", ""locking_cv_seed"": 42, ""run_seed"": 47}",0.1.0,8f3bfa007c55f1fda622aca6e0b4d821cb1c8a24c3ac132911b739bcba48cf65
AMP-AD,svm_l1,mayo,reference,legacy_zero_truncated,absolute,0.01,1,33,0.8685388779055726,,,,0.0114894519203812,0.01305577505971144,False,absolute_regret_exceeds_tolerance,False,{},,False,mean_jaccard > higher_locking_score > smaller_feature_count > lower_run_id,regret_constrained_medoid,absolute,0.01,0.01,1,macro_ovr_auroc,"{""candidate_run_seed_rule"": ""42 + run_id"", ""locking_cv_seed"": 42, ""run_seed"": 43}",0.1.0,80675b3d4d3e2199c6d5b1ce523d5b3832110776e2fad928fa1555eeb80be603
AMP-AD,svm_l1,mayo,reference,legacy_zero_truncated,absolute,0.01,2,29,0.8727349716678985,,,,0.007293358158055319,0.008287640193921655,True,absolute_regret_within_tolerance,False,"{""3"": 0.15217391304347827, ""4"": 0.13725490196078433, ""5"": 0.20930232558139536}",0.16624371352855263,True,mean_jaccard > higher_locking_score > smaller_feature_count > lower_run_id,regret_constrained_medoid,absolute,0.01,0.01,1,macro_ovr_auroc,"{""candidate_run_seed_rule"": ""42 + run_id"", ""locking_cv_seed"": 42, ""run_seed"": 44}",0.1.0,80675b3d4d3e2199c6d5b1ce523d5b3832110776e2fad928fa1555eeb80be603
AMP-AD,svm_l1,mayo,reference,legacy_zero_truncated,absolute,0.01,3,24,0.8708255354821797,,,,0.009202794343774134,0.010457384190795543,True,absolute_regret_within_tolerance,False,"{""2"": 0.15217391304347827, ""4"": 0.15217391304347827, ""5"": 0.11904761904761904}",0.14113181504485853,False,mean_jaccard > higher_locking_score > smaller_feature_count > lower_run_id,regret_constrained_medoid,absolute,0.01,0.01,1,macro_ovr_auroc,"{""candidate_run_seed_rule"": ""42 + run_id"", ""locking_cv_seed"": 42, ""run_seed"": 45}",0.1.0,80675b3d4d3e2199c6d5b1ce523d5b3832110776e2fad928fa1555eeb80be603
AMP-AD,svm_l1,mayo,reference,legacy_zero_truncated,absolute,0.01,4,29,0.8747429758354904,,,,0.005285353990463371,0.006005890732527524,True,absolute_regret_within_tolerance,False,"{""2"": 0.13725490196078433, ""3"": 0.15217391304347827, ""5"": 0.15555555555555556}",0.14832812351993938,False,mean_jaccard > higher_locking_score > smaller_feature_count > lower_run_id,regret_constrained_medoid,absolute,0.01,0.01,1,macro_ovr_auroc,"{""candidate_run_seed_rule"": ""42 + run_id"", ""locking_cv_seed"": 42, ""run_seed"": 46}",0.1.0,80675b3d4d3e2199c6d5b1ce523d5b3832110776e2fad928fa1555eeb80be603
AMP-AD,svm_l1,mayo,reference,legacy_zero_truncated,absolute,0.01,5,23,0.8800283298259538,,,,0.0,0.0,True,absolute_regret_within_tolerance,False,"{""2"": 0.20930232558139536, ""3"": 0.11904761904761904, ""4"": 0.15555555555555556}",0.16130183339485665,False,mean_jaccard > higher_locking_score > smaller_feature_count > lower_run_id,regret_constrained_medoid,absolute,0.01,0.01,1,macro_ovr_auroc,"{""candidate_run_seed_rule"": ""42 + run_id"", ""locking_cv_seed"": 42, ""run_seed"": 47}",0.1.0,80675b3d4d3e2199c6d5b1ce523d5b3832110776e2fad928fa1555eeb80be603
AMP-AD,svm_l1,mayo,reference,legacy_zero_truncated,absolute,0.02,1,33,0.8685388779055726,,,,0.0114894519203812,0.01305577505971144,True,absolute_regret_within_tolerance,False,"{""2"": 0.21568627450980393, ""3"": 0.1875, ""4"": 0.21568627450980393, ""5"": 0.14285714285714285}",0.19043242296918766,True,mean_jaccard > higher_locking_score > smaller_feature_count > lower_run_id,regret_constrained_medoid,absolute,0.02,0.02,1,macro_ovr_auroc,"{""candidate_run_seed_rule"": ""42 + run_id"", ""locking_cv_seed"": 42, ""run_seed"": 43}",0.1.0,734e36a1e2a161f131d4990233d0d344c554195dfbfaa24b833950485ca54df8
AMP-AD,svm_l1,mayo,reference,legacy_zero_truncated,absolute,0.02,2,29,0.8727349716678985,,,,0.007293358158055319,0.008287640193921655,True,absolute_regret_within_tolerance,False,"{""1"": 0.21568627450980393, ""3"": 0.15217391304347827, ""4"": 0.13725490196078433, ""5"": 0.20930232558139536}",0.1786043537738655,False,mean_jaccard > higher_locking_score > smaller_feature_count > lower_run_id,regret_constrained_medoid,absolute,0.02,0.02,1,macro_ovr_auroc,"{""candidate_run_seed_rule"": ""42 + run_id"", ""locking_cv_seed"": 42, ""run_seed"": 44}",0.1.0,734e36a1e2a161f131d4990233d0d344c554195dfbfaa24b833950485ca54df8
AMP-AD,svm_l1,mayo,reference,legacy_zero_truncated,absolute,0.02,3,24,0.8708255354821797,,,,0.009202794343774134,0.010457384190795543,True,absolute_regret_within_tolerance,False,"{""1"": 0.1875, ""2"": 0.15217391304347827, ""4"": 0.15217391304347827, ""5"": 0.11904761904761904}",0.1527238612836439,False,mean_jaccard > higher_locking_score > smaller_feature_count > lower_run_id,regret_constrained_medoid,absolute,0.02,0.02,1,macro_ovr_auroc,"{""candidate_run_seed_rule"": ""42 + run_id"", ""locking_cv_seed"": 42, ""run_seed"": 45}",0.1.0,734e36a1e2a161f131d4990233d0d344c554195dfbfaa24b833950485ca54df8
AMP-AD,svm_l1,mayo,reference,legacy_zero_truncated,absolute,0.02,4,29,0.8747429758354904,,,,0.005285353990463371,0.006005890732527524,True,absolute_regret_within_tolerance,False,"{""1"": 0.21568627450980393, ""2"": 0.13725490196078433, ""3"": 0.15217391304347827, ""5"": 0.15555555555555556}",0.16516766126740554,False,mean_jaccard > higher_locking_score > smaller_feature_count > lower_run_id,regret_constrained_medoid,absolute,0.02,0.02,1,macro_ovr_auroc,"{""candidate_run_seed_rule"": ""42 + run_id"", ""locking_cv_seed"": 42, ""run_seed"": 46}",0.1.0,734e36a1e2a161f131d4990233d0d344c554195dfbfaa24b833950485ca54df8
AMP-AD,svm_l1,mayo,reference,legacy_zero_truncated,absolute,0.02,5,23,0.8800283298259538,,,,0.0,0.0,True,absolute_regret_within_tolerance,False,"{""1"": 0.14285714285714285, ""2"": 0.20930232558139536, ""3"": 0.11904761904761904, ""4"": 0.15555555555555556}",0.1566906607604282,False,mean_jaccard > higher_locking_score > smaller_feature_count > lower_run_id,regret_constrained_medoid,absolute,0.02,0.02,1,macro_ovr_auroc,"{""candidate_run_seed_rule"": ""42 + run_id"", ""locking_cv_seed"": 42, ""run_seed"": 47}",0.1.0,734e36a1e2a161f131d4990233d0d344c554195dfbfaa24b833950485ca54df8
AMP-AD,svm_l1,mount_sinai,high,legacy_zero_truncated,absolute,0.0,1,40,0.8993067604787814,,,,0.0,0.0,True,absolute_regret_within_tolerance,False,{},1.0,True,mean_jaccard > higher_locking_score > smaller_feature_count > lower_run_id,regret_constrained_medoid,absolute,0.0,0.0,1,macro_ovr_auroc,"{""candidate_run_seed_rule"": ""42 + run_id"", ""locking_cv_seed"": 42, ""run_seed"": 43}",0.1.0,256fb84b77af8bf76e381cfa088194f3c4ac9d86f47245c4c5948b27368d84e4
AMP-AD,svm_l1,mount_sinai,high,legacy_zero_truncated,absolute,0.0,2,40,0.8984510797688842,,,,0.0008556807098972774,0.0009514892442726906,False,absolute_regret_exceeds_tolerance,False,{},,False,mean_jaccard > higher_locking_score > smaller_feature_count > lower_run_id,regret_constrained_medoid,absolute,0.0,0.0,1,macro_ovr_auroc,"{""candidate_run_seed_rule"": ""42 + run_id"", ""locking_cv_seed"": 42, ""run_seed"": 44}",0.1.0,256fb84b77af8bf76e381cfa088194f3c4ac9d86f47245c4c5948b27368d84e4
AMP-AD,svm_l1,mount_sinai,high,legacy_zero_truncated,absolute,0.0,3,40,0.8974935014547096,,,,0.0018132590240718116,0.002016285325272604,False,absolute_regret_exceeds_tolerance,False,{},,False,mean_jaccard > higher_locking_score > smaller_feature_count > lower_run_id,regret_constrained_medoid,absolute,0.0,0.0,1,macro_ovr_auroc,"{""candidate_run_seed_rule"": ""42 + run_id"", ""locking_cv_seed"": 42, ""run_seed"": 45}",0.1.0,256fb84b77af8bf76e381cfa088194f3c4ac9d86f47245c4c5948b27368d84e4
AMP-AD,svm_l1,mount_sinai,high,legacy_zero_truncated,absolute,0.0,4,40,0.8937036552295506,,,,0.0056031052492308,0.006230471620437686,False,absolute_regret_exceeds_tolerance,False,{},,False,mean_jaccard > higher_locking_score > smaller_feature_count > lower_run_id,regret_constrained_medoid,absolute,0.0,0.0,1,macro_ovr_auroc,"{""candidate_run_seed_rule"": ""42 + run_id"", ""locking_cv_seed"": 42, ""run_seed"": 46}",0.1.0,256fb84b77af8bf76e381cfa088194f3c4ac9d86f47245c4c5948b27368d84e4
AMP-AD,svm_l1,mount_sinai,high,legacy_zero_truncated,absolute,0.0,5,40,0.8968858475022635,,,,0.0024209129765179194,0.002691976845841847,False,absolute_regret_exceeds_tolerance,False,{},,False,mean_jaccard > higher_locking_score > smaller_feature_count > lower_run_id,regret_constrained_medoid,absolute,0.0,0.0,1,macro_ovr_auroc,"{""candidate_run_seed_rule"": ""42 + run_id"", ""locking_cv_seed"": 42, ""run_seed"": 47}",0.1.0,256fb84b77af8bf76e381cfa088194f3c4ac9d86f47245c4c5948b27368d84e4
AMP-AD,svm_l1,mount_sinai,high,legacy_zero_truncated,absolute,0.005,1,40,0.8993067604787814,,,,0.0,0.0,True,absolute_regret_within_tolerance,False,"{""2"": 0.3793103448275862, ""3"": 0.42857142857142855, ""5"": 0.3333333333333333}",0.3804050355774493,False,mean_jaccard > higher_locking_score > smaller_feature_count > lower_run_id,regret_constrained_medoid,absolute,0.005,0.005,1,macro_ovr_auroc,"{""candidate_run_seed_rule"": ""42 + run_id"", ""locking_cv_seed"": 42, ""run_seed"": 43}",0.1.0,8f3bfa007c55f1fda622aca6e0b4d821cb1c8a24c3ac132911b739bcba48cf65
AMP-AD,svm_l1,mount_sinai,high,legacy_zero_truncated,absolute,0.005,2,40,0.8984510797688842,,,,0.0008556807098972774,0.0009514892442726906,True,absolute_regret_within_tolerance,False,"{""1"": 0.3793103448275862, ""3"": 0.42857142857142855, ""5"": 0.48148148148148145}",0.429787751626832,True,mean_jaccard > higher_locking_score > smaller_feature_count > lower_run_id,regret_constrained_medoid,absolute,0.005,0.005,1,macro_ovr_auroc,"{""candidate_run_seed_rule"": ""42 + run_id"", ""locking_cv_seed"": 42, ""run_seed"": 44}",0.1.0,8f3bfa007c55f1fda622aca6e0b4d821cb1c8a24c3ac132911b739bcba48cf65
AMP-AD,svm_l1,mount_sinai,high,legacy_zero_truncated,absolute,0.005,3,40,0.8974935014547096,,,,0.0018132590240718116,0.002016285325272604,True,absolute_regret_within_tolerance,False,"{""1"": 0.42857142857142855, ""2"": 0.42857142857142855, ""5"": 0.42857142857142855}",0.42857142857142855,False,mean_jaccard > higher_locking_score > smaller_feature_count > lower_run_id,regret_constrained_medoid,absolute,0.005,0.005,1,macro_ovr_auroc,"{""candidate_run_seed_rule"": ""42 + run_id"", ""locking_cv_seed"": 42, ""run_seed"": 45}",0.1.0,8f3bfa007c55f1fda622aca6e0b4d821cb1c8a24c3ac132911b739bcba48cf65
AMP-AD,svm_l1,mount_sinai,high,legacy_zero_truncated,absolute,0.005,4,40,0.8937036552295506,,,,0.0056031052492308,0.006230471620437686,False,absolute_regret_exceeds_tolerance,False,{},,False,mean_jaccard > higher_locking_score > smaller_feature_count > lower_run_id,regret_constrained_medoid,absolute,0.005,0.005,1,macro_ovr_auroc,"{""candidate_run_seed_rule"": ""42 + run_id"", ""locking_cv_seed"": 42, ""run_seed"": 46}",0.1.0,8f3bfa007c55f1fda622aca6e0b4d821cb1c8a24c3ac132911b739bcba48cf65
AMP-AD,svm_l1,mount_sinai,high,legacy_zero_truncated,absolute,0.005,5,40,0.8968858475022635,,,,0.0024209129765179194,0.002691976845841847,True,absolute_regret_within_tolerance,False,"{""1"": 0.3333333333333333, ""2"": 0.48148148148148145, ""3"": 0.42857142857142855}",0.4144620811287478,False,mean_jaccard > higher_locking_score > smaller_feature_count > lower_run_id,regret_constrained_medoid,absolute,0.005,0.005,1,macro_ovr_auroc,"{""candidate_run_seed_rule"": ""42 + run_id"", ""locking_cv_seed"": 42, ""run_seed"": 47}",0.1.0,8f3bfa007c55f1fda622aca6e0b4d821cb1c8a24c3ac132911b739bcba48cf65
AMP-AD,svm_l1,mount_sinai,high,legacy_zero_truncated,absolute,0.01,1,40,0.8993067604787814,,,,0.0,0.0,True,absolute_regret_within_tolerance,False,"{""2"": 0.3793103448275862, ""3"": 0.42857142857142855, ""4"": 0.3793103448275862, ""5"": 0.3333333333333333}",0.38013136288998356,False,mean_jaccard > higher_locking_score > smaller_feature_count > lower_run_id,regret_constrained_medoid,absolute,0.01,0.01,1,macro_ovr_auroc,"{""candidate_run_seed_rule"": ""42 + run_id"", ""locking_cv_seed"": 42, ""run_seed"": 43}",0.1.0,80675b3d4d3e2199c6d5b1ce523d5b3832110776e2fad928fa1555eeb80be603
AMP-AD,svm_l1,mount_sinai,high,legacy_zero_truncated,absolute,0.01,2,40,0.8984510797688842,,,,0.0008556807098972774,0.0009514892442726906,True,absolute_regret_within_tolerance,False,"{""1"": 0.3793103448275862, ""3"": 0.42857142857142855, ""4"": 0.40350877192982454, ""5"": 0.48148148148148145}",0.42321800670258014,True,mean_jaccard > higher_locking_score > smaller_feature_count > lower_run_id,regret_constrained_medoid,absolute,0.01,0.01,1,macro_ovr_auroc,"{""candidate_run_seed_rule"": ""42 + run_id"", ""locking_cv_seed"": 42, ""run_seed"": 44}",0.1.0,80675b3d4d3e2199c6d5b1ce523d5b3832110776e2fad928fa1555eeb80be603
AMP-AD,svm_l1,mount_sinai,high,legacy_zero_truncated,absolute,0.01,3,40,0.8974935014547096,,,,0.0018132590240718116,0.002016285325272604,True,absolute_regret_within_tolerance,False,"{""1"": 0.42857142857142855, ""2"": 0.42857142857142855, ""4"": 0.3793103448275862, ""5"": 0.42857142857142855}",0.41625615763546797,False,mean_jaccard > higher_locking_score > smaller_feature_count > lower_run_id,regret_constrained_medoid,absolute,0.01,0.01,1,macro_ovr_auroc,"{""candidate_run_seed_rule"": ""42 + run_id"", ""locking_cv_seed"": 42, ""run_seed"": 45}",0.1.0,80675b3d4d3e2199c6d5b1ce523d5b3832110776e2fad928fa1555eeb80be603
AMP-AD,svm_l1,mount_sinai,high,legacy_zero_truncated,absolute,0.01,4,40,0.8937036552295506,,,,0.0056031052492308,0.006230471620437686,True,absolute_regret_within_tolerance,False,"{""1"": 0.3793103448275862, ""2"": 0.40350877192982454, ""3"": 0.3793103448275862, ""5"": 0.3333333333333333}",0.3738656987295826,False,mean_jaccard > higher_locking_score > smaller_feature_count > lower_run_id,regret_constrained_medoid,absolute,0.01,0.01,1,macro_ovr_auroc,"{""candidate_run_seed_rule"": ""42 + run_id"", ""locking_cv_seed"": 42, ""run_seed"": 46}",0.1.0,80675b3d4d3e2199c6d5b1ce523d5b3832110776e2fad928fa1555eeb80be603
AMP-AD,svm_l1,mount_sinai,high,legacy_zero_truncated,absolute,0.01,5,40,0.8968858475022635,,,,0.0024209129765179194,0.002691976845841847,True,absolute_regret_within_tolerance,False,"{""1"": 0.3333333333333333, ""2"": 0.48148148148148145, ""3"": 0.42857142857142855, ""4"": 0.3333333333333333}",0.39417989417989413,False,mean_jaccard > higher_locking_score > smaller_feature_count > lower_run_id,regret_constrained_medoid,absolute,0.01,0.01,1,macro_ovr_auroc,"{""candidate_run_seed_rule"": ""42 + run_id"", ""locking_cv_seed"": 42, ""run_seed"": 47}",0.1.0,80675b3d4d3e2199c6d5b1ce523d5b3832110776e2fad928fa1555eeb80be603
AMP-AD,svm_l1,mount_sinai,high,legacy_zero_truncated,absolute,0.02,1,40,0.8993067604787814,,,,0.0,0.0,True,absolute_regret_within_tolerance,False,"{""2"": 0.3793103448275862, ""3"": 0.42857142857142855, ""4"": 0.3793103448275862, ""5"": 0.3333333333333333}",0.38013136288998356,False,mean_jaccard > higher_locking_score > smaller_feature_count > lower_run_id,regret_constrained_medoid,absolute,0.02,0.02,1,macro_ovr_auroc,"{""candidate_run_seed_rule"": ""42 + run_id"", ""locking_cv_seed"": 42, ""run_seed"": 43}",0.1.0,734e36a1e2a161f131d4990233d0d344c554195dfbfaa24b833950485ca54df8
AMP-AD,svm_l1,mount_sinai,high,legacy_zero_truncated,absolute,0.02,2,40,0.8984510797688842,,,,0.0008556807098972774,0.0009514892442726906,True,absolute_regret_within_tolerance,False,"{""1"": 0.3793103448275862, ""3"": 0.42857142857142855, ""4"": 0.40350877192982454, ""5"": 0.48148148148148145}",0.42321800670258014,True,mean_jaccard > higher_locking_score > smaller_feature_count > lower_run_id,regret_constrained_medoid,absolute,0.02,0.02,1,macro_ovr_auroc,"{""candidate_run_seed_rule"": ""42 + run_id"", ""locking_cv_seed"": 42, ""run_seed"": 44}",0.1.0,734e36a1e2a161f131d4990233d0d344c554195dfbfaa24b833950485ca54df8
AMP-AD,svm_l1,mount_sinai,high,legacy_zero_truncated,absolute,0.02,3,40,0.8974935014547096,,,,0.0018132590240718116,0.002016285325272604,True,absolute_regret_within_tolerance,False,"{""1"": 0.42857142857142855, ""2"": 0.42857142857142855, ""4"": 0.3793103448275862, ""5"": 0.42857142857142855}",0.41625615763546797,False,mean_jaccard > higher_locking_score > smaller_feature_count > lower_run_id,regret_constrained_medoid,absolute,0.02,0.02,1,macro_ovr_auroc,"{""candidate_run_seed_rule"": ""42 + run_id"", ""locking_cv_seed"": 42, ""run_seed"": 45}",0.1.0,734e36a1e2a161f131d4990233d0d344c554195dfbfaa24b833950485ca54df8
AMP-AD,svm_l1,mount_sinai,high,legacy_zero_truncated,absolute,0.02,4,40,0.8937036552295506,,,,0.0056031052492308,0.006230471620437686,True,absolute_regret_within_tolerance,False,"{""1"": 0.3793103448275862, ""2"": 0.40350877192982454, ""3"": 0.3793103448275862, ""5"": 0.3333333333333333}",0.3738656987295826,False,mean_jaccard > higher_locking_score > smaller_feature_count > lower_run_id,regret_constrained_medoid,absolute,0.02,0.02,1,macro_ovr_auroc,"{""candidate_run_seed_rule"": ""42 + run_id"", ""locking_cv_seed"": 42, ""run_seed"": 46}",0.1.0,734e36a1e2a161f131d4990233d0d344c554195dfbfaa24b833950485ca54df8
AMP-AD,svm_l1,mount_sinai,high,legacy_zero_truncated,absolute,0.02,5,40,0.8968858475022635,,,,0.0024209129765179194,0.002691976845841847,True,absolute_regret_within_tolerance,False,"{""1"": 0.3333333333333333, ""2"": 0.48148148148148145, ""3"": 0.42857142857142855, ""4"": 0.3333333333333333}",0.39417989417989413,False,mean_jaccard > higher_locking_score > smaller_feature_count > lower_run_id,regret_constrained_medoid,absolute,0.02,0.02,1,macro_ovr_auroc,"{""candidate_run_seed_rule"": ""42 + run_id"", ""locking_cv_seed"": 42, ""run_seed"": 47}",0.1.0,734e36a1e2a161f131d4990233d0d344c554195dfbfaa24b833950485ca54df8
AMP-AD,svm_l1,mount_sinai,low,legacy_zero_truncated,absolute,0.0,1,13,0.8708777039038808,,,,0.015522868010922841,0.01751224954355605,False,absolute_regret_exceeds_tolerance,False,{},,False,mean_jaccard > higher_locking_score > smaller_feature_count > lower_run_id,regret_constrained_medoid,absolute,0.0,0.0,1,macro_ovr_auroc,"{""candidate_run_seed_rule"": ""42 + run_id"", ""locking_cv_seed"": 42, ""run_seed"": 43}",0.1.0,256fb84b77af8bf76e381cfa088194f3c4ac9d86f47245c4c5948b27368d84e4
AMP-AD,svm_l1,mount_sinai,low,legacy_zero_truncated,absolute,0.0,2,17,0.8741119243181755,,,,0.012288647596628066,0.01386353753143696,False,absolute_regret_exceeds_tolerance,False,{},,False,mean_jaccard > higher_locking_score > smaller_feature_count > lower_run_id,regret_constrained_medoid,absolute,0.0,0.0,1,macro_ovr_auroc,"{""candidate_run_seed_rule"": ""42 + run_id"", ""locking_cv_seed"": 42, ""run_seed"": 44}",0.1.0,256fb84b77af8bf76e381cfa088194f3c4ac9d86f47245c4c5948b27368d84e4
AMP-AD,svm_l1,mount_sinai,low,legacy_zero_truncated,absolute,0.0,3,16,0.8832641293825615,,,,0.003136442532242101,0.0035384031008314377,False,absolute_regret_exceeds_tolerance,False,{},,False,mean_jaccard > higher_locking_score > smaller_feature_count > lower_run_id,regret_constrained_medoid,absolute,0.0,0.0,1,macro_ovr_auroc,"{""candidate_run_seed_rule"": ""42 + run_id"", ""locking_cv_seed"": 42, ""run_seed"": 45}",0.1.0,256fb84b77af8bf76e381cfa088194f3c4ac9d86f47245c4c5948b27368d84e4
AMP-AD,svm_l1,mount_sinai,low,legacy_zero_truncated,absolute,0.0,4,18,0.8864005719148036,,,,0.0,0.0,True,absolute_regret_within_tolerance,False,{},1.0,True,mean_jaccard > higher_locking_score > smaller_feature_count > lower_run_id,regret_constrained_medoid,absolute,0.0,0.0,1,macro_ovr_auroc,"{""candidate_run_seed_rule"": ""42 + run_id"", ""locking_cv_seed"": 42, ""run_seed"": 46}",0.1.0,256fb84b77af8bf76e381cfa088194f3c4ac9d86f47245c4c5948b27368d84e4
AMP-AD,svm_l1,mount_sinai,low,legacy_zero_truncated,absolute,0.0,5,13,0.876047227222154,,,,0.010353344692649591,0.011680209851720066,False,absolute_regret_exceeds_tolerance,False,{},,False,mean_jaccard > higher_locking_score > smaller_feature_count > lower_run_id,regret_constrained_medoid,absolute,0.0,0.0,1,macro_ovr_auroc,"{""candidate_run_seed_rule"": ""42 + run_id"", ""locking_cv_seed"": 42, ""run_seed"": 47}",0.1.0,256fb84b77af8bf76e381cfa088194f3c4ac9d86f47245c4c5948b27368d84e4
AMP-AD,svm_l1,mount_sinai,low,legacy_zero_truncated,absolute,0.005,1,13,0.8708777039038808,,,,0.015522868010922841,0.01751224954355605,False,absolute_regret_exceeds_tolerance,False,{},,False,mean_jaccard > higher_locking_score > smaller_feature_count > lower_run_id,regret_constrained_medoid,absolute,0.005,0.005,1,macro_ovr_auroc,"{""candidate_run_seed_rule"": ""42 + run_id"", ""locking_cv_seed"": 42, ""run_seed"": 43}",0.1.0,8f3bfa007c55f1fda622aca6e0b4d821cb1c8a24c3ac132911b739bcba48cf65
AMP-AD,svm_l1,mount_sinai,low,legacy_zero_truncated,absolute,0.005,2,17,0.8741119243181755,,,,0.012288647596628066,0.01386353753143696,False,absolute_regret_exceeds_tolerance,False,{},,False,mean_jaccard > higher_locking_score > smaller_feature_count > lower_run_id,regret_constrained_medoid,absolute,0.005,0.005,1,macro_ovr_auroc,"{""candidate_run_seed_rule"": ""42 + run_id"", ""locking_cv_seed"": 42, ""run_seed"": 44}",0.1.0,8f3bfa007c55f1fda622aca6e0b4d821cb1c8a24c3ac132911b739bcba48cf65
AMP-AD,svm_l1,mount_sinai,low,legacy_zero_truncated,absolute,0.005,3,16,0.8832641293825615,,,,0.003136442532242101,0.0035384031008314377,True,absolute_regret_within_tolerance,False,"{""4"": 0.13333333333333333}",0.13333333333333333,False,mean_jaccard > higher_locking_score > smaller_feature_count > lower_run_id,regret_constrained_medoid,absolute,0.005,0.005,1,macro_ovr_auroc,"{""candidate_run_seed_rule"": ""42 + run_id"", ""locking_cv_seed"": 42, ""run_seed"": 45}",0.1.0,8f3bfa007c55f1fda622aca6e0b4d821cb1c8a24c3ac132911b739bcba48cf65
AMP-AD,svm_l1,mount_sinai,low,legacy_zero_truncated,absolute,0.005,4,18,0.8864005719148036,,,,0.0,0.0,True,absolute_regret_within_tolerance,False,"{""3"": 0.13333333333333333}",0.13333333333333333,True,mean_jaccard > higher_locking_score > smaller_feature_count > lower_run_id,regret_constrained_medoid,absolute,0.005,0.005,1,macro_ovr_auroc,"{""candidate_run_seed_rule"": ""42 + run_id"", ""locking_cv_seed"": 42, ""run_seed"": 46}",0.1.0,8f3bfa007c55f1fda622aca6e0b4d821cb1c8a24c3ac132911b739bcba48cf65
AMP-AD,svm_l1,mount_sinai,low,legacy_zero_truncated,absolute,0.005,5,13,0.876047227222154,,,,0.010353344692649591,0.011680209851720066,False,absolute_regret_exceeds_tolerance,False,{},,False,mean_jaccard > higher_locking_score > smaller_feature_count > lower_run_id,regret_constrained_medoid,absolute,0.005,0.005,1,macro_ovr_auroc,"{""candidate_run_seed_rule"": ""42 + run_id"", ""locking_cv_seed"": 42, ""run_seed"": 47}",0.1.0,8f3bfa007c55f1fda622aca6e0b4d821cb1c8a24c3ac132911b739bcba48cf65
AMP-AD,svm_l1,mount_sinai,low,legacy_zero_truncated,absolute,0.01,1,13,0.8708777039038808,,,,0.015522868010922841,0.01751224954355605,False,absolute_regret_exceeds_tolerance,False,{},,False,mean_jaccard > higher_locking_score > smaller_feature_count > lower_run_id,regret_constrained_medoid,absolute,0.01,0.01,1,macro_ovr_auroc,"{""candidate_run_seed_rule"": ""42 + run_id"", ""locking_cv_seed"": 42, ""run_seed"": 43}",0.1.0,80675b3d4d3e2199c6d5b1ce523d5b3832110776e2fad928fa1555eeb80be603
AMP-AD,svm_l1,mount_sinai,low,legacy_zero_truncated,absolute,0.01,2,17,0.8741119243181755,,,,0.012288647596628066,0.01386353753143696,False,absolute_regret_exceeds_tolerance,False,{},,False,mean_jaccard > higher_locking_score > smaller_feature_count > lower_run_id,regret_constrained_medoid,absolute,0.01,0.01,1,macro_ovr_auroc,"{""candidate_run_seed_rule"": ""42 + run_id"", ""locking_cv_seed"": 42, ""run_seed"": 44}",0.1.0,80675b3d4d3e2199c6d5b1ce523d5b3832110776e2fad928fa1555eeb80be603
AMP-AD,svm_l1,mount_sinai,low,legacy_zero_truncated,absolute,0.01,3,16,0.8832641293825615,,,,0.003136442532242101,0.0035384031008314377,True,absolute_regret_within_tolerance,False,"{""4"": 0.13333333333333333}",0.13333333333333333,False,mean_jaccard > higher_locking_score > smaller_feature_count > lower_run_id,regret_constrained_medoid,absolute,0.01,0.01,1,macro_ovr_auroc,"{""candidate_run_seed_rule"": ""42 + run_id"", ""locking_cv_seed"": 42, ""run_seed"": 45}",0.1.0,80675b3d4d3e2199c6d5b1ce523d5b3832110776e2fad928fa1555eeb80be603
AMP-AD,svm_l1,mount_sinai,low,legacy_zero_truncated,absolute,0.01,4,18,0.8864005719148036,,,,0.0,0.0,True,absolute_regret_within_tolerance,False,"{""3"": 0.13333333333333333}",0.13333333333333333,True,mean_jaccard > higher_locking_score > smaller_feature_count > lower_run_id,regret_constrained_medoid,absolute,0.01,0.01,1,macro_ovr_auroc,"{""candidate_run_seed_rule"": ""42 + run_id"", ""locking_cv_seed"": 42, ""run_seed"": 46}",0.1.0,80675b3d4d3e2199c6d5b1ce523d5b3832110776e2fad928fa1555eeb80be603
AMP-AD,svm_l1,mount_sinai,low,legacy_zero_truncated,absolute,0.01,5,13,0.876047227222154,,,,0.010353344692649591,0.011680209851720066,False,absolute_regret_exceeds_tolerance,False,{},,False,mean_jaccard > higher_locking_score > smaller_feature_count > lower_run_id,regret_constrained_medoid,absolute,0.01,0.01,1,macro_ovr_auroc,"{""candidate_run_seed_rule"": ""42 + run_id"", ""locking_cv_seed"": 42, ""run_seed"": 47}",0.1.0,80675b3d4d3e2199c6d5b1ce523d5b3832110776e2fad928fa1555eeb80be603
AMP-AD,svm_l1,mount_sinai,low,legacy_zero_truncated,absolute,0.02,1,13,0.8708777039038808,,,,0.015522868010922841,0.01751224954355605,True,absolute_regret_within_tolerance,False,"{""2"": 0.30434782608695654, ""3"": 0.11538461538461539, ""4"": 0.06896551724137931, ""5"": 0.23809523809523808}",0.18169829920204733,False,mean_jaccard > higher_locking_score > smaller_feature_count > lower_run_id,regret_constrained_medoid,absolute,0.02,0.02,1,macro_ovr_auroc,"{""candidate_run_seed_rule"": ""42 + run_id"", ""locking_cv_seed"": 42, ""run_seed"": 43}",0.1.0,734e36a1e2a161f131d4990233d0d344c554195dfbfaa24b833950485ca54df8
AMP-AD,svm_l1,mount_sinai,low,legacy_zero_truncated,absolute,0.02,2,17,0.8741119243181755,,,,0.012288647596628066,0.01386353753143696,True,absolute_regret_within_tolerance,False,"{""1"": 0.30434782608695654, ""3"": 0.2222222222222222, ""4"": 0.06060606060606061, ""5"": 0.25}",0.20929402722880985,False,mean_jaccard > higher_locking_score > smaller_feature_count > lower_run_id,regret_constrained_medoid,absolute,0.02,0.02,1,macro_ovr_auroc,"{""candidate_run_seed_rule"": ""42 + run_id"", ""locking_cv_seed"": 42, ""run_seed"": 44}",0.1.0,734e36a1e2a161f131d4990233d0d344c554195dfbfaa24b833950485ca54df8
AMP-AD,svm_l1,mount_sinai,low,legacy_zero_truncated,absolute,0.02,3,16,0.8832641293825615,,,,0.003136442532242101,0.0035384031008314377,True,absolute_regret_within_tolerance,False,"{""1"": 0.11538461538461539, ""2"": 0.2222222222222222, ""4"": 0.13333333333333333, ""5"": 0.20833333333333334}",0.16981837606837608,False,mean_jaccard > higher_locking_score > smaller_feature_count > lower_run_id,regret_constrained_medoid,absolute,0.02,0.02,1,macro_ovr_auroc,"{""candidate_run_seed_rule"": ""42 + run_id"", ""locking_cv_seed"": 42, ""run_seed"": 45}",0.1.0,734e36a1e2a161f131d4990233d0d344c554195dfbfaa24b833950485ca54df8
AMP-AD,svm_l1,mount_sinai,low,legacy_zero_truncated,absolute,0.02,4,18,0.8864005719148036,,,,0.0,0.0,True,absolute_regret_within_tolerance,False,"{""1"": 0.06896551724137931, ""2"": 0.06060606060606061, ""3"": 0.13333333333333333, ""5"": 0.2916666666666667}",0.13864289446185998,False,mean_jaccard > higher_locking_score > smaller_feature_count > lower_run_id,regret_constrained_medoid,absolute,0.02,0.02,1,macro_ovr_auroc,"{""candidate_run_seed_rule"": ""42 + run_id"", ""locking_cv_seed"": 42, ""run_seed"": 46}",0.1.0,734e36a1e2a161f131d4990233d0d344c554195dfbfaa24b833950485ca54df8
AMP-AD,svm_l1,mount_sinai,low,legacy_zero_truncated,absolute,0.02,5,13,0.876047227222154,,,,0.010353344692649591,0.011680209851720066,True,absolute_regret_within_tolerance,False,"{""1"": 0.23809523809523808, ""2"": 0.25, ""3"": 0.20833333333333334, ""4"": 0.2916666666666667}",0.24702380952380953,True,mean_jaccard > higher_locking_score > smaller_feature_count > lower_run_id,regret_constrained_medoid,absolute,0.02,0.02,1,macro_ovr_auroc,"{""candidate_run_seed_rule"": ""42 + run_id"", ""locking_cv_seed"": 42, ""run_seed"": 47}",0.1.0,734e36a1e2a161f131d4990233d0d344c554195dfbfaa24b833950485ca54df8
AMP-AD,svm_l1,mount_sinai,reference,legacy_zero_truncated,absolute,0.0,1,18,0.8846432272166803,,,,0.004212100291589693,0.0047387917484811425,False,absolute_regret_exceeds_tolerance,False,{},,False,mean_jaccard > higher_locking_score > smaller_feature_count > lower_run_id,regret_constrained_medoid,absolute,0.0,0.0,1,macro_ovr_auroc,"{""candidate_run_seed_rule"": ""42 + run_id"", ""locking_cv_seed"": 42, ""run_seed"": 43}",0.1.0,256fb84b77af8bf76e381cfa088194f3c4ac9d86f47245c4c5948b27368d84e4
AMP-AD,svm_l1,mount_sinai,reference,legacy_zero_truncated,absolute,0.0,2,17,0.8688018789571229,,,,0.0200534485511471,0.022560981444936574,False,absolute_regret_exceeds_tolerance,False,{},,False,mean_jaccard > higher_locking_score > smaller_feature_count > lower_run_id,regret_constrained_medoid,absolute,0.0,0.0,1,macro_ovr_auroc,"{""candidate_run_seed_rule"": ""42 + run_id"", ""locking_cv_seed"": 42, ""run_seed"": 44}",0.1.0,256fb84b77af8bf76e381cfa088194f3c4ac9d86f47245c4c5948b27368d84e4
AMP-AD,svm_l1,mount_sinai,reference,legacy_zero_truncated,absolute,0.0,3,17,0.88885532750827,,,,0.0,0.0,True,absolute_regret_within_tolerance,False,{},1.0,True,mean_jaccard > higher_locking_score > smaller_feature_count > lower_run_id,regret_constrained_medoid,absolute,0.0,0.0,1,macro_ovr_auroc,"{""candidate_run_seed_rule"": ""42 + run_id"", ""locking_cv_seed"": 42, ""run_seed"": 45}",0.1.0,256fb84b77af8bf76e381cfa088194f3c4ac9d86f47245c4c5948b27368d84e4
AMP-AD,svm_l1,mount_sinai,reference,legacy_zero_truncated,absolute,0.0,4,17,0.8827440575564163,,,,0.006111269951853737,0.006875438288686949,False,absolute_regret_exceeds_tolerance,False,{},,False,mean_jaccard > higher_locking_score > smaller_feature_count > lower_run_id,regret_constrained_medoid,absolute,0.0,0.0,1,macro_ovr_auroc,"{""candidate_run_seed_rule"": ""42 + run_id"", ""locking_cv_seed"": 42, ""run_seed"": 46}",0.1.0,256fb84b77af8bf76e381cfa088194f3c4ac9d86f47245c4c5948b27368d84e4
AMP-AD,svm_l1,mount_sinai,reference,legacy_zero_truncated,absolute,0.0,5,19,0.886180676661412,,,,0.002674650846858029,0.0030090958158015242,False,absolute_regret_exceeds_tolerance,False,{},,False,mean_jaccard > higher_locking_score > smaller_feature_count > lower_run_id,regret_constrained_medoid,absolute,0.0,0.0,1,macro_ovr_auroc,"{""candidate_run_seed_rule"": ""42 + run_id"", ""locking_cv_seed"": 42, ""run_seed"": 47}",0.1.0,256fb84b77af8bf76e381cfa088194f3c4ac9d86f47245c4c5948b27368d84e4
AMP-AD,svm_l1,mount_sinai,reference,legacy_zero_truncated,absolute,0.005,1,18,0.8846432272166803,,,,0.004212100291589693,0.0047387917484811425,True,absolute_regret_within_tolerance,False,"{""3"": 0.20689655172413793, ""5"": 0.23333333333333334}",0.22011494252873565,False,mean_jaccard > higher_locking_score > smaller_feature_count > lower_run_id,regret_constrained_medoid,absolute,0.005,0.005,1,macro_ovr_auroc,"{""candidate_run_seed_rule"": ""42 + run_id"", ""locking_cv_seed"": 42, ""run_seed"": 43}",0.1.0,8f3bfa007c55f1fda622aca6e0b4d821cb1c8a24c3ac132911b739bcba48cf65
AMP-AD,svm_l1,mount_sinai,reference,legacy_zero_truncated,absolute,0.005,2,17,0.8688018789571229,,,,0.0200534485511471,0.022560981444936574,False,absolute_regret_exceeds_tolerance,False,{},,False,mean_jaccard > higher_locking_score > smaller_feature_count > lower_run_id,regret_constrained_medoid,absolute,0.005,0.005,1,macro_ovr_auroc,"{""candidate_run_seed_rule"": ""42 + run_id"", ""locking_cv_seed"": 42, ""run_seed"": 44}",0.1.0,8f3bfa007c55f1fda622aca6e0b4d821cb1c8a24c3ac132911b739bcba48cf65
AMP-AD,svm_l1,mount_sinai,reference,legacy_zero_truncated,absolute,0.005,3,17,0.88885532750827,,,,0.0,0.0,True,absolute_regret_within_tolerance,False,"{""1"": 0.20689655172413793, ""5"": 0.2857142857142857}",0.2463054187192118,False,mean_jaccard > higher_locking_score > smaller_feature_count > lower_run_id,regret_constrained_medoid,absolute,0.005,0.005,1,macro_ovr_auroc,"{""candidate_run_seed_rule"": ""42 + run_id"", ""locking_cv_seed"": 42, ""run_seed"": 45}",0.1.0,8f3bfa007c55f1fda622aca6e0b4d821cb1c8a24c3ac132911b739bcba48cf65
AMP-AD,svm_l1,mount_sinai,reference,legacy_zero_truncated,absolute,0.005,4,17,0.8827440575564163,,,,0.006111269951853737,0.006875438288686949,False,absolute_regret_exceeds_tolerance,False,{},,False,mean_jaccard > higher_locking_score > smaller_feature_count > lower_run_id,regret_constrained_medoid,absolute,0.005,0.005,1,macro_ovr_auroc,"{""candidate_run_seed_rule"": ""42 + run_id"", ""locking_cv_seed"": 42, ""run_seed"": 46}",0.1.0,8f3bfa007c55f1fda622aca6e0b4d821cb1c8a24c3ac132911b739bcba48cf65
AMP-AD,svm_l1,mount_sinai,reference,legacy_zero_truncated,absolute,0.005,5,19,0.886180676661412,,,,0.002674650846858029,0.0030090958158015242,True,absolute_regret_within_tolerance,False,"{""1"": 0.23333333333333334, ""3"": 0.2857142857142857}",0.2595238095238095,True,mean_jaccard > higher_locking_score > smaller_feature_count > lower_run_id,regret_constrained_medoid,absolute,0.005,0.005,1,macro_ovr_auroc,"{""candidate_run_seed_rule"": ""42 + run_id"", ""locking_cv_seed"": 42, ""run_seed"": 47}",0.1.0,8f3bfa007c55f1fda622aca6e0b4d821cb1c8a24c3ac132911b739bcba48cf65
AMP-AD,svm_l1,mount_sinai,reference,legacy_zero_truncated,absolute,0.01,1,18,0.8846432272166803,,,,0.004212100291589693,0.0047387917484811425,True,absolute_regret_within_tolerance,False,"{""3"": 0.20689655172413793, ""4"": 0.20689655172413793, ""5"": 0.23333333333333334}",0.2157088122605364,False,mean_jaccard > higher_locking_score > smaller_feature_count > lower_run_id,regret_constrained_medoid,absolute,0.01,0.01,1,macro_ovr_auroc,"{""candidate_run_seed_rule"": ""42 + run_id"", ""locking_cv_seed"": 42, ""run_seed"": 43}",0.1.0,80675b3d4d3e2199c6d5b1ce523d5b3832110776e2fad928fa1555eeb80be603
AMP-AD,svm_l1,mount_sinai,reference,legacy_zero_truncated,absolute,0.01,2,17,0.8688018789571229,,,,0.0200534485511471,0.022560981444936574,False,absolute_regret_exceeds_tolerance,False,{},,False,mean_jaccard > higher_locking_score > smaller_feature_count > lower_run_id,regret_constrained_medoid,absolute,0.01,0.01,1,macro_ovr_auroc,"{""candidate_run_seed_rule"": ""42 + run_id"", ""locking_cv_seed"": 42, ""run_seed"": 44}",0.1.0,80675b3d4d3e2199c6d5b1ce523d5b3832110776e2fad928fa1555eeb80be603
AMP-AD,svm_l1,mount_sinai,reference,legacy_zero_truncated,absolute,0.01,3,17,0.88885532750827,,,,0.0,0.0,True,absolute_regret_within_tolerance,False,"{""1"": 0.20689655172413793, ""4"": 0.25925925925925924, ""5"": 0.2857142857142857}",0.2506233655658943,True,mean_jaccard > higher_locking_score > smaller_feature_count > lower_run_id,regret_constrained_medoid,absolute,0.01,0.01,1,macro_ovr_auroc,"{""candidate_run_seed_rule"": ""42 + run_id"", ""locking_cv_seed"": 42, ""run_seed"": 45}",0.1.0,80675b3d4d3e2199c6d5b1ce523d5b3832110776e2fad928fa1555eeb80be603
AMP-AD,svm_l1,mount_sinai,reference,legacy_zero_truncated,absolute,0.01,4,17,0.8827440575564163,,,,0.006111269951853737,0.006875438288686949,True,absolute_regret_within_tolerance,False,"{""1"": 0.20689655172413793, ""3"": 0.25925925925925924, ""5"": 0.2}",0.2220519369944657,False,mean_jaccard > higher_locking_score > smaller_feature_count > lower_run_id,regret_constrained_medoid,absolute,0.01,0.01,1,macro_ovr_auroc,"{""candidate_run_seed_rule"": ""42 + run_id"", ""locking_cv_seed"": 42, ""run_seed"": 46}",0.1.0,80675b3d4d3e2199c6d5b1ce523d5b3832110776e2fad928fa1555eeb80be603
AMP-AD,svm_l1,mount_sinai,reference,legacy_zero_truncated,absolute,0.01,5,19,0.886180676661412,,,,0.002674650846858029,0.0030090958158015242,True,absolute_regret_within_tolerance,False,"{""1"": 0.23333333333333334, ""3"": 0.2857142857142857, ""4"": 0.2}",0.23968253968253964,False,mean_jaccard > higher_locking_score > smaller_feature_count > lower_run_id,regret_constrained_medoid,absolute,0.01,0.01,1,macro_ovr_auroc,"{""candidate_run_seed_rule"": ""42 + run_id"", ""locking_cv_seed"": 42, ""run_seed"": 47}",0.1.0,80675b3d4d3e2199c6d5b1ce523d5b3832110776e2fad928fa1555eeb80be603
AMP-AD,svm_l1,mount_sinai,reference,legacy_zero_truncated,absolute,0.02,1,18,0.8846432272166803,,,,0.004212100291589693,0.0047387917484811425,True,absolute_regret_within_tolerance,False,"{""3"": 0.20689655172413793, ""4"": 0.20689655172413793, ""5"": 0.23333333333333334}",0.2157088122605364,False,mean_jaccard > higher_locking_score > smaller_feature_count > lower_run_id,regret_constrained_medoid,absolute,0.02,0.02,1,macro_ovr_auroc,"{""candidate_run_seed_rule"": ""42 + run_id"", ""locking_cv_seed"": 42, ""run_seed"": 43}",0.1.0,734e36a1e2a161f131d4990233d0d344c554195dfbfaa24b833950485ca54df8
AMP-AD,svm_l1,mount_sinai,reference,legacy_zero_truncated,absolute,0.02,2,17,0.8688018789571229,,,,0.0200534485511471,0.022560981444936574,False,absolute_regret_exceeds_tolerance,False,{},,False,mean_jaccard > higher_locking_score > smaller_feature_count > lower_run_id,regret_constrained_medoid,absolute,0.02,0.02,1,macro_ovr_auroc,"{""candidate_run_seed_rule"": ""42 + run_id"", ""locking_cv_seed"": 42, ""run_seed"": 44}",0.1.0,734e36a1e2a161f131d4990233d0d344c554195dfbfaa24b833950485ca54df8
AMP-AD,svm_l1,mount_sinai,reference,legacy_zero_truncated,absolute,0.02,3,17,0.88885532750827,,,,0.0,0.0,True,absolute_regret_within_tolerance,False,"{""1"": 0.20689655172413793, ""4"": 0.25925925925925924, ""5"": 0.2857142857142857}",0.2506233655658943,True,mean_jaccard > higher_locking_score > smaller_feature_count > lower_run_id,regret_constrained_medoid,absolute,0.02,0.02,1,macro_ovr_auroc,"{""candidate_run_seed_rule"": ""42 + run_id"", ""locking_cv_seed"": 42, ""run_seed"": 45}",0.1.0,734e36a1e2a161f131d4990233d0d344c554195dfbfaa24b833950485ca54df8
AMP-AD,svm_l1,mount_sinai,reference,legacy_zero_truncated,absolute,0.02,4,17,0.8827440575564163,,,,0.006111269951853737,0.006875438288686949,True,absolute_regret_within_tolerance,False,"{""1"": 0.20689655172413793, ""3"": 0.25925925925925924, ""5"": 0.2}",0.2220519369944657,False,mean_jaccard > higher_locking_score > smaller_feature_count > lower_run_id,regret_constrained_medoid,absolute,0.02,0.02,1,macro_ovr_auroc,"{""candidate_run_seed_rule"": ""42 + run_id"", ""locking_cv_seed"": 42, ""run_seed"": 46}",0.1.0,734e36a1e2a161f131d4990233d0d344c554195dfbfaa24b833950485ca54df8
AMP-AD,svm_l1,mount_sinai,reference,legacy_zero_truncated,absolute,0.02,5,19,0.886180676661412,,,,0.002674650846858029,0.0030090958158015242,True,absolute_regret_within_tolerance,False,"{""1"": 0.23333333333333334, ""3"": 0.2857142857142857, ""4"": 0.2}",0.23968253968253964,False,mean_jaccard > higher_locking_score > smaller_feature_count > lower_run_id,regret_constrained_medoid,absolute,0.02,0.02,1,macro_ovr_auroc,"{""candidate_run_seed_rule"": ""42 + run_id"", ""locking_cv_seed"": 42, ""run_seed"": 47}",0.1.0,734e36a1e2a161f131d4990233d0d344c554195dfbfaa24b833950485ca54df8
AMP-AD,svm_l1,rush,high,legacy_zero_truncated,absolute,0.0,1,36,0.8643582359969969,,,,0.010733234488482735,0.012265271517877091,False,absolute_regret_exceeds_tolerance,False,{},,False,mean_jaccard > higher_locking_score > smaller_feature_count > lower_run_id,regret_constrained_medoid,absolute,0.0,0.0,1,macro_ovr_auroc,"{""candidate_run_seed_rule"": ""42 + run_id"", ""locking_cv_seed"": 42, ""run_seed"": 43}",0.1.0,256fb84b77af8bf76e381cfa088194f3c4ac9d86f47245c4c5948b27368d84e4
AMP-AD,svm_l1,rush,high,legacy_zero_truncated,absolute,0.0,2,35,0.8750914704854796,,,,0.0,0.0,True,absolute_regret_within_tolerance,False,{},1.0,True,mean_jaccard > higher_locking_score > smaller_feature_count > lower_run_id,regret_constrained_medoid,absolute,0.0,0.0,1,macro_ovr_auroc,"{""candidate_run_seed_rule"": ""42 + run_id"", ""locking_cv_seed"": 42, ""run_seed"": 44}",0.1.0,256fb84b77af8bf76e381cfa088194f3c4ac9d86f47245c4c5948b27368d84e4
AMP-AD,svm_l1,rush,high,legacy_zero_truncated,absolute,0.0,3,35,0.8713834257519613,,,,0.0037080447335183786,0.004237322449802013,False,absolute_regret_exceeds_tolerance,False,{},,False,mean_jaccard > higher_locking_score > smaller_feature_count > lower_run_id,regret_constrained_medoid,absolute,0.0,0.0,1,macro_ovr_auroc,"{""candidate_run_seed_rule"": ""42 + run_id"", ""locking_cv_seed"": 42, ""run_seed"": 45}",0.1.0,256fb84b77af8bf76e381cfa088194f3c4ac9d86f47245c4c5948b27368d84e4
AMP-AD,svm_l1,rush,high,legacy_zero_truncated,absolute,0.0,4,36,0.858745859424943,,,,0.01634561106053667,0.018678745721825533,False,absolute_regret_exceeds_tolerance,False,{},,False,mean_jaccard > higher_locking_score > smaller_feature_count > lower_run_id,regret_constrained_medoid,absolute,0.0,0.0,1,macro_ovr_auroc,"{""candidate_run_seed_rule"": ""42 + run_id"", ""locking_cv_seed"": 42, ""run_seed"": 46}",0.1.0,256fb84b77af8bf76e381cfa088194f3c4ac9d86f47245c4c5948b27368d84e4
AMP-AD,svm_l1,rush,high,legacy_zero_truncated,absolute,0.0,5,36,0.8705335872335359,,,,0.0045578832519437285,0.00520846494985847,False,absolute_regret_exceeds_tolerance,False,{},,False,mean_jaccard > higher_locking_score > smaller_feature_count > lower_run_id,regret_constrained_medoid,absolute,0.0,0.0,1,macro_ovr_auroc,"{""candidate_run_seed_rule"": ""42 + run_id"", ""locking_cv_seed"": 42, ""run_seed"": 47}",0.1.0,256fb84b77af8bf76e381cfa088194f3c4ac9d86f47245c4c5948b27368d84e4
AMP-AD,svm_l1,rush,high,legacy_zero_truncated,absolute,0.005,1,36,0.8643582359969969,,,,0.010733234488482735,0.012265271517877091,False,absolute_regret_exceeds_tolerance,False,{},,False,mean_jaccard > higher_locking_score > smaller_feature_count > lower_run_id,regret_constrained_medoid,absolute,0.005,0.005,1,macro_ovr_auroc,"{""candidate_run_seed_rule"": ""42 + run_id"", ""locking_cv_seed"": 42, ""run_seed"": 43}",0.1.0,8f3bfa007c55f1fda622aca6e0b4d821cb1c8a24c3ac132911b739bcba48cf65
AMP-AD,svm_l1,rush,high,legacy_zero_truncated,absolute,0.005,2,35,0.8750914704854796,,,,0.0,0.0,True,absolute_regret_within_tolerance,False,"{""3"": 0.1864406779661017, ""5"": 0.2033898305084746}",0.19491525423728814,False,mean_jaccard > higher_locking_score > smaller_feature_count > lower_run_id,regret_constrained_medoid,absolute,0.005,0.005,1,macro_ovr_auroc,"{""candidate_run_seed_rule"": ""42 + run_id"", ""locking_cv_seed"": 42, ""run_seed"": 44}",0.1.0,8f3bfa007c55f1fda622aca6e0b4d821cb1c8a24c3ac132911b739bcba48cf65
AMP-AD,svm_l1,rush,high,legacy_zero_truncated,absolute,0.005,3,35,0.8713834257519613,,,,0.0037080447335183786,0.004237322449802013,True,absolute_regret_within_tolerance,False,"{""2"": 0.1864406779661017, ""5"": 0.26785714285714285}",0.22714891041162227,False,mean_jaccard > higher_locking_score > smaller_feature_count > lower_run_id,regret_constrained_medoid,absolute,0.005,0.005,1,macro_ovr_auroc,"{""candidate_run_seed_rule"": ""42 + run_id"", ""locking_cv_seed"": 42, ""run_seed"": 45}",0.1.0,8f3bfa007c55f1fda622aca6e0b4d821cb1c8a24c3ac132911b739bcba48cf65
AMP-AD,svm_l1,rush,high,legacy_zero_truncated,absolute,0.005,4,36,0.858745859424943,,,,0.01634561106053667,0.018678745721825533,False,absolute_regret_exceeds_tolerance,False,{},,False,mean_jaccard > higher_locking_score > smaller_feature_count > lower_run_id,regret_constrained_medoid,absolute,0.005,0.005,1,macro_ovr_auroc,"{""candidate_run_seed_rule"": ""42 + run_id"", ""locking_cv_seed"": 42, ""run_seed"": 46}",0.1.0,8f3bfa007c55f1fda622aca6e0b4d821cb1c8a24c3ac132911b739bcba48cf65
AMP-AD,svm_l1,rush,high,legacy_zero_truncated,absolute,0.005,5,36,0.8705335872335359,,,,0.0045578832519437285,0.00520846494985847,True,absolute_regret_within_tolerance,False,"{""2"": 0.2033898305084746, ""3"": 0.26785714285714285}",0.23562348668280872,True,mean_jaccard > higher_locking_score > smaller_feature_count > lower_run_id,regret_constrained_medoid,absolute,0.005,0.005,1,macro_ovr_auroc,"{""candidate_run_seed_rule"": ""42 + run_id"", ""locking_cv_seed"": 42, ""run_seed"": 47}",0.1.0,8f3bfa007c55f1fda622aca6e0b4d821cb1c8a24c3ac132911b739bcba48cf65
AMP-AD,svm_l1,rush,high,legacy_zero_truncated,absolute,0.01,1,36,0.8643582359969969,,,,0.010733234488482735,0.012265271517877091,False,absolute_regret_exceeds_tolerance,False,{},,False,mean_jaccard > higher_locking_score > smaller_feature_count > lower_run_id,regret_constrained_medoid,absolute,0.01,0.01,1,macro_ovr_auroc,"{""candidate_run_seed_rule"": ""42 + run_id"", ""locking_cv_seed"": 42, ""run_seed"": 43}",0.1.0,80675b3d4d3e2199c6d5b1ce523d5b3832110776e2fad928fa1555eeb80be603
AMP-AD,svm_l1,rush,high,legacy_zero_truncated,absolute,0.01,2,35,0.8750914704854796,,,,0.0,0.0,True,absolute_regret_within_tolerance,False,"{""3"": 0.1864406779661017, ""5"": 0.2033898305084746}",0.19491525423728814,False,mean_jaccard > higher_locking_score > smaller_feature_count > lower_run_id,regret_constrained_medoid,absolute,0.01,0.01,1,macro_ovr_auroc,"{""candidate_run_seed_rule"": ""42 + run_id"", ""locking_cv_seed"": 42, ""run_seed"": 44}",0.1.0,80675b3d4d3e2199c6d5b1ce523d5b3832110776e2fad928fa1555eeb80be603
AMP-AD,svm_l1,rush,high,legacy_zero_truncated,absolute,0.01,3,35,0.8713834257519613,,,,0.0037080447335183786,0.004237322449802013,True,absolute_regret_within_tolerance,False,"{""2"": 0.1864406779661017, ""5"": 0.26785714285714285}",0.22714891041162227,False,mean_jaccard > higher_locking_score > smaller_feature_count > lower_run_id,regret_constrained_medoid,absolute,0.01,0.01,1,macro_ovr_auroc,"{""candidate_run_seed_rule"": ""42 + run_id"", ""locking_cv_seed"": 42, ""run_seed"": 45}",0.1.0,80675b3d4d3e2199c6d5b1ce523d5b3832110776e2fad928fa1555eeb80be603
AMP-AD,svm_l1,rush,high,legacy_zero_truncated,absolute,0.01,4,36,0.858745859424943,,,,0.01634561106053667,0.018678745721825533,False,absolute_regret_exceeds_tolerance,False,{},,False,mean_jaccard > higher_locking_score > smaller_feature_count > lower_run_id,regret_constrained_medoid,absolute,0.01,0.01,1,macro_ovr_auroc,"{""candidate_run_seed_rule"": ""42 + run_id"", ""locking_cv_seed"": 42, ""run_seed"": 46}",0.1.0,80675b3d4d3e2199c6d5b1ce523d5b3832110776e2fad928fa1555eeb80be603
AMP-AD,svm_l1,rush,high,legacy_zero_truncated,absolute,0.01,5,36,0.8705335872335359,,,,0.0045578832519437285,0.00520846494985847,True,absolute_regret_within_tolerance,False,"{""2"": 0.2033898305084746, ""3"": 0.26785714285714285}",0.23562348668280872,True,mean_jaccard > higher_locking_score > smaller_feature_count > lower_run_id,regret_constrained_medoid,absolute,0.01,0.01,1,macro_ovr_auroc,"{""candidate_run_seed_rule"": ""42 + run_id"", ""locking_cv_seed"": 42, ""run_seed"": 47}",0.1.0,80675b3d4d3e2199c6d5b1ce523d5b3832110776e2fad928fa1555eeb80be603
AMP-AD,svm_l1,rush,high,legacy_zero_truncated,absolute,0.02,1,36,0.8643582359969969,,,,0.010733234488482735,0.012265271517877091,True,absolute_regret_within_tolerance,False,"{""2"": 0.16393442622950818, ""3"": 0.2033898305084746, ""4"": 0.22033898305084745, ""5"": 0.18032786885245902}",0.1919977771603223,False,mean_jaccard > higher_locking_score > smaller_feature_count > lower_run_id,regret_constrained_medoid,absolute,0.02,0.02,1,macro_ovr_auroc,"{""candidate_run_seed_rule"": ""42 + run_id"", ""locking_cv_seed"": 42, ""run_seed"": 43}",0.1.0,734e36a1e2a161f131d4990233d0d344c554195dfbfaa24b833950485ca54df8
AMP-AD,svm_l1,rush,high,legacy_zero_truncated,absolute,0.02,2,35,0.8750914704854796,,,,0.0,0.0,True,absolute_regret_within_tolerance,False,"{""1"": 0.16393442622950818, ""3"": 0.1864406779661017, ""4"": 0.16393442622950818, ""5"": 0.2033898305084746}",0.17942484023339816,False,mean_jaccard > higher_locking_score > smaller_feature_count > lower_run_id,regret_constrained_medoid,absolute,0.02,0.02,1,macro_ovr_auroc,"{""candidate_run_seed_rule"": ""42 + run_id"", ""locking_cv_seed"": 42, ""run_seed"": 44}",0.1.0,734e36a1e2a161f131d4990233d0d344c554195dfbfaa24b833950485ca54df8
AMP-AD,svm_l1,rush,high,legacy_zero_truncated,absolute,0.02,3,35,0.8713834257519613,,,,0.0037080447335183786,0.004237322449802013,True,absolute_regret_within_tolerance,False,"{""1"": 0.2033898305084746, ""2"": 0.1864406779661017, ""4"": 0.24561403508771928, ""5"": 0.26785714285714285}",0.22582542160485958,True,mean_jaccard > higher_locking_score > smaller_feature_count > lower_run_id,regret_constrained_medoid,absolute,0.02,0.02,1,macro_ovr_auroc,"{""candidate_run_seed_rule"": ""42 + run_id"", ""locking_cv_seed"": 42, ""run_seed"": 45}",0.1.0,734e36a1e2a161f131d4990233d0d344c554195dfbfaa24b833950485ca54df8
AMP-AD,svm_l1,rush,high,legacy_zero_truncated,absolute,0.02,4,36,0.858745859424943,,,,0.01634561106053667,0.018678745721825533,True,absolute_regret_within_tolerance,False,"{""1"": 0.22033898305084745, ""2"": 0.16393442622950818, ""3"": 0.24561403508771928, ""5"": 0.22033898305084745}",0.21255660685473057,False,mean_jaccard > higher_locking_score > smaller_feature_count > lower_run_id,regret_constrained_medoid,absolute,0.02,0.02,1,macro_ovr_auroc,"{""candidate_run_seed_rule"": ""42 + run_id"", ""locking_cv_seed"": 42, ""run_seed"": 46}",0.1.0,734e36a1e2a161f131d4990233d0d344c554195dfbfaa24b833950485ca54df8
AMP-AD,svm_l1,rush,high,legacy_zero_truncated,absolute,0.02,5,36,0.8705335872335359,,,,0.0045578832519437285,0.00520846494985847,True,absolute_regret_within_tolerance,False,"{""1"": 0.18032786885245902, ""2"": 0.2033898305084746, ""3"": 0.26785714285714285, ""4"": 0.22033898305084745}",0.21797845631723098,False,mean_jaccard > higher_locking_score > smaller_feature_count > lower_run_id,regret_constrained_medoid,absolute,0.02,0.02,1,macro_ovr_auroc,"{""candidate_run_seed_rule"": ""42 + run_id"", ""locking_cv_seed"": 42, ""run_seed"": 47}",0.1.0,734e36a1e2a161f131d4990233d0d344c554195dfbfaa24b833950485ca54df8
AMP-AD,svm_l1,rush,low,legacy_zero_truncated,absolute,0.0,1,84,0.8554707212152168,,,,0.025336955922081295,0.028765593874509148,False,absolute_regret_exceeds_tolerance,False,{},,False,mean_jaccard > higher_locking_score > smaller_feature_count > lower_run_id,regret_constrained_medoid,absolute,0.0,0.0,1,macro_ovr_auroc,"{""candidate_run_seed_rule"": ""42 + run_id"", ""locking_cv_seed"": 42, ""run_seed"": 43}",0.1.0,256fb84b77af8bf76e381cfa088194f3c4ac9d86f47245c4c5948b27368d84e4
AMP-AD,svm_l1,rush,low,legacy_zero_truncated,absolute,0.0,2,84,0.8748515508973778,,,,0.005956126239920367,0.0067621188989613465,False,absolute_regret_exceeds_tolerance,False,{},,False,mean_jaccard > higher_locking_score > smaller_feature_count > lower_run_id,regret_constrained_medoid,absolute,0.0,0.0,1,macro_ovr_auroc,"{""candidate_run_seed_rule"": ""42 + run_id"", ""locking_cv_seed"": 42, ""run_seed"": 44}",0.1.0,256fb84b77af8bf76e381cfa088194f3c4ac9d86f47245c4c5948b27368d84e4
AMP-AD,svm_l1,rush,low,legacy_zero_truncated,absolute,0.0,3,84,0.8701235335751465,,,,0.010684143562151638,0.012129939190443978,False,absolute_regret_exceeds_tolerance,False,{},,False,mean_jaccard > higher_locking_score > smaller_feature_count > lower_run_id,regret_constrained_medoid,absolute,0.0,0.0,1,macro_ovr_auroc,"{""candidate_run_seed_rule"": ""42 + run_id"", ""locking_cv_seed"": 42, ""run_seed"": 45}",0.1.0,256fb84b77af8bf76e381cfa088194f3c4ac9d86f47245c4c5948b27368d84e4
AMP-AD,svm_l1,rush,low,legacy_zero_truncated,absolute,0.0,4,84,0.8808076771372981,,,,0.0,0.0,True,absolute_regret_within_tolerance,False,{},1.0,True,mean_jaccard > higher_locking_score > smaller_feature_count > lower_run_id,regret_constrained_medoid,absolute,0.0,0.0,1,macro_ovr_auroc,"{""candidate_run_seed_rule"": ""42 + run_id"", ""locking_cv_seed"": 42, ""run_seed"": 46}",0.1.0,256fb84b77af8bf76e381cfa088194f3c4ac9d86f47245c4c5948b27368d84e4
AMP-AD,svm_l1,rush,low,legacy_zero_truncated,absolute,0.0,5,36,0.8605518298573853,,,,0.02025584727991281,0.022996901373232896,False,absolute_regret_exceeds_tolerance,False,{},,False,mean_jaccard > higher_locking_score > smaller_feature_count > lower_run_id,regret_constrained_medoid,absolute,0.0,0.0,1,macro_ovr_auroc,"{""candidate_run_seed_rule"": ""42 + run_id"", ""locking_cv_seed"": 42, ""run_seed"": 47}",0.1.0,256fb84b77af8bf76e381cfa088194f3c4ac9d86f47245c4c5948b27368d84e4
AMP-AD,svm_l1,rush,low,legacy_zero_truncated,absolute,0.005,1,84,0.8554707212152168,,,,0.025336955922081295,0.028765593874509148,False,absolute_regret_exceeds_tolerance,False,{},,False,mean_jaccard > higher_locking_score > smaller_feature_count > lower_run_id,regret_constrained_medoid,absolute,0.005,0.005,1,macro_ovr_auroc,"{""candidate_run_seed_rule"": ""42 + run_id"", ""locking_cv_seed"": 42, ""run_seed"": 43}",0.1.0,8f3bfa007c55f1fda622aca6e0b4d821cb1c8a24c3ac132911b739bcba48cf65
AMP-AD,svm_l1,rush,low,legacy_zero_truncated,absolute,0.005,2,84,0.8748515508973778,,,,0.005956126239920367,0.0067621188989613465,False,absolute_regret_exceeds_tolerance,False,{},,False,mean_jaccard > higher_locking_score > smaller_feature_count > lower_run_id,regret_constrained_medoid,absolute,0.005,0.005,1,macro_ovr_auroc,"{""candidate_run_seed_rule"": ""42 + run_id"", ""locking_cv_seed"": 42, ""run_seed"": 44}",0.1.0,8f3bfa007c55f1fda622aca6e0b4d821cb1c8a24c3ac132911b739bcba48cf65
AMP-AD,svm_l1,rush,low,legacy_zero_truncated,absolute,0.005,3,84,0.8701235335751465,,,,0.010684143562151638,0.012129939190443978,False,absolute_regret_exceeds_tolerance,False,{},,False,mean_jaccard > higher_locking_score > smaller_feature_count > lower_run_id,regret_constrained_medoid,absolute,0.005,0.005,1,macro_ovr_auroc,"{""candidate_run_seed_rule"": ""42 + run_id"", ""locking_cv_seed"": 42, ""run_seed"": 45}",0.1.0,8f3bfa007c55f1fda622aca6e0b4d821cb1c8a24c3ac132911b739bcba48cf65
AMP-AD,svm_l1,rush,low,legacy_zero_truncated,absolute,0.005,4,84,0.8808076771372981,,,,0.0,0.0,True,absolute_regret_within_tolerance,False,{},1.0,True,mean_jaccard > higher_locking_score > smaller_feature_count > lower_run_id,regret_constrained_medoid,absolute,0.005,0.005,1,macro_ovr_auroc,"{""candidate_run_seed_rule"": ""42 + run_id"", ""locking_cv_seed"": 42, ""run_seed"": 46}",0.1.0,8f3bfa007c55f1fda622aca6e0b4d821cb1c8a24c3ac132911b739bcba48cf65
AMP-AD,svm_l1,rush,low,legacy_zero_truncated,absolute,0.005,5,36,0.8605518298573853,,,,0.02025584727991281,0.022996901373232896,False,absolute_regret_exceeds_tolerance,False,{},,False,mean_jaccard > higher_locking_score > smaller_feature_count > lower_run_id,regret_constrained_medoid,absolute,0.005,0.005,1,macro_ovr_auroc,"{""candidate_run_seed_rule"": ""42 + run_id"", ""locking_cv_seed"": 42, ""run_seed"": 47}",0.1.0,8f3bfa007c55f1fda622aca6e0b4d821cb1c8a24c3ac132911b739bcba48cf65
AMP-AD,svm_l1,rush,low,legacy_zero_truncated,absolute,0.01,1,84,0.8554707212152168,,,,0.025336955922081295,0.028765593874509148,False,absolute_regret_exceeds_tolerance,False,{},,False,mean_jaccard > higher_locking_score > smaller_feature_count > lower_run_id,regret_constrained_medoid,absolute,0.01,0.01,1,macro_ovr_auroc,"{""candidate_run_seed_rule"": ""42 + run_id"", ""locking_cv_seed"": 42, ""run_seed"": 43}",0.1.0,80675b3d4d3e2199c6d5b1ce523d5b3832110776e2fad928fa1555eeb80be603
AMP-AD,svm_l1,rush,low,legacy_zero_truncated,absolute,0.01,2,84,0.8748515508973778,,,,0.005956126239920367,0.0067621188989613465,True,absolute_regret_within_tolerance,False,"{""4"": 0.48672566371681414}",0.48672566371681414,False,mean_jaccard > higher_locking_score > smaller_feature_count > lower_run_id,regret_constrained_medoid,absolute,0.01,0.01,1,macro_ovr_auroc,"{""candidate_run_seed_rule"": ""42 + run_id"", ""locking_cv_seed"": 42, ""run_seed"": 44}",0.1.0,80675b3d4d3e2199c6d5b1ce523d5b3832110776e2fad928fa1555eeb80be603
AMP-AD,svm_l1,rush,low,legacy_zero_truncated,absolute,0.01,3,84,0.8701235335751465,,,,0.010684143562151638,0.012129939190443978,False,absolute_regret_exceeds_tolerance,False,{},,False,mean_jaccard > higher_locking_score > smaller_feature_count > lower_run_id,regret_constrained_medoid,absolute,0.01,0.01,1,macro_ovr_auroc,"{""candidate_run_seed_rule"": ""42 + run_id"", ""locking_cv_seed"": 42, ""run_seed"": 45}",0.1.0,80675b3d4d3e2199c6d5b1ce523d5b3832110776e2fad928fa1555eeb80be603
AMP-AD,svm_l1,rush,low,legacy_zero_truncated,absolute,0.01,4,84,0.8808076771372981,,,,0.0,0.0,True,absolute_regret_within_tolerance,False,"{""2"": 0.48672566371681414}",0.48672566371681414,True,mean_jaccard > higher_locking_score > smaller_feature_count > lower_run_id,regret_constrained_medoid,absolute,0.01,0.01,1,macro_ovr_auroc,"{""candidate_run_seed_rule"": ""42 + run_id"", ""locking_cv_seed"": 42, ""run_seed"": 46}",0.1.0,80675b3d4d3e2199c6d5b1ce523d5b3832110776e2fad928fa1555eeb80be603
AMP-AD,svm_l1,rush,low,legacy_zero_truncated,absolute,0.01,5,36,0.8605518298573853,,,,0.02025584727991281,0.022996901373232896,False,absolute_regret_exceeds_tolerance,False,{},,False,mean_jaccard > higher_locking_score > smaller_feature_count > lower_run_id,regret_constrained_medoid,absolute,0.01,0.01,1,macro_ovr_auroc,"{""candidate_run_seed_rule"": ""42 + run_id"", ""locking_cv_seed"": 42, ""run_seed"": 47}",0.1.0,80675b3d4d3e2199c6d5b1ce523d5b3832110776e2fad928fa1555eeb80be603
AMP-AD,svm_l1,rush,low,legacy_zero_truncated,absolute,0.02,1,84,0.8554707212152168,,,,0.025336955922081295,0.028765593874509148,False,absolute_regret_exceeds_tolerance,False,{},,False,mean_jaccard > higher_locking_score > smaller_feature_count > lower_run_id,regret_constrained_medoid,absolute,0.02,0.02,1,macro_ovr_auroc,"{""candidate_run_seed_rule"": ""42 + run_id"", ""locking_cv_seed"": 42, ""run_seed"": 43}",0.1.0,734e36a1e2a161f131d4990233d0d344c554195dfbfaa24b833950485ca54df8
AMP-AD,svm_l1,rush,low,legacy_zero_truncated,absolute,0.02,2,84,0.8748515508973778,,,,0.005956126239920367,0.0067621188989613465,True,absolute_regret_within_tolerance,False,"{""3"": 0.5555555555555556, ""4"": 0.48672566371681414}",0.5211406096361848,False,mean_jaccard > higher_locking_score > smaller_feature_count > lower_run_id,regret_constrained_medoid,absolute,0.02,0.02,1,macro_ovr_auroc,"{""candidate_run_seed_rule"": ""42 + run_id"", ""locking_cv_seed"": 42, ""run_seed"": 44}",0.1.0,734e36a1e2a161f131d4990233d0d344c554195dfbfaa24b833950485ca54df8
AMP-AD,svm_l1,rush,low,legacy_zero_truncated,absolute,0.02,3,84,0.8701235335751465,,,,0.010684143562151638,0.012129939190443978,True,absolute_regret_within_tolerance,False,"{""2"": 0.5555555555555556, ""4"": 0.5412844036697247}",0.5484199796126401,True,mean_jaccard > higher_locking_score > smaller_feature_count > lower_run_id,regret_constrained_medoid,absolute,0.02,0.02,1,macro_ovr_auroc,"{""candidate_run_seed_rule"": ""42 + run_id"", ""locking_cv_seed"": 42, ""run_seed"": 45}",0.1.0,734e36a1e2a161f131d4990233d0d344c554195dfbfaa24b833950485ca54df8
AMP-AD,svm_l1,rush,low,legacy_zero_truncated,absolute,0.02,4,84,0.8808076771372981,,,,0.0,0.0,True,absolute_regret_within_tolerance,False,"{""2"": 0.48672566371681414, ""3"": 0.5412844036697247}",0.5140050336932694,False,mean_jaccard > higher_locking_score > smaller_feature_count > lower_run_id,regret_constrained_medoid,absolute,0.02,0.02,1,macro_ovr_auroc,"{""candidate_run_seed_rule"": ""42 + run_id"", ""locking_cv_seed"": 42, ""run_seed"": 46}",0.1.0,734e36a1e2a161f131d4990233d0d344c554195dfbfaa24b833950485ca54df8
AMP-AD,svm_l1,rush,low,legacy_zero_truncated,absolute,0.02,5,36,0.8605518298573853,,,,0.02025584727991281,0.022996901373232896,False,absolute_regret_exceeds_tolerance,False,{},,False,mean_jaccard > higher_locking_score > smaller_feature_count > lower_run_id,regret_constrained_medoid,absolute,0.02,0.02,1,macro_ovr_auroc,"{""candidate_run_seed_rule"": ""42 + run_id"", ""locking_cv_seed"": 42, ""run_seed"": 47}",0.1.0,734e36a1e2a161f131d4990233d0d344c554195dfbfaa24b833950485ca54df8
AMP-AD,svm_l1,rush,reference,legacy_zero_truncated,absolute,0.0,1,24,0.8670603188793151,,,,0.015612944436421361,0.017688248965162703,False,absolute_regret_exceeds_tolerance,False,{},,False,mean_jaccard > higher_locking_score > smaller_feature_count > lower_run_id,regret_constrained_medoid,absolute,0.0,0.0,1,macro_ovr_auroc,"{""candidate_run_seed_rule"": ""42 + run_id"", ""locking_cv_seed"": 42, ""run_seed"": 43}",0.1.0,256fb84b77af8bf76e381cfa088194f3c4ac9d86f47245c4c5948b27368d84e4
AMP-AD,svm_l1,rush,reference,legacy_zero_truncated,absolute,0.0,2,27,0.8523224424586431,,,,0.030350820857093397,0.03438511408296363,False,absolute_regret_exceeds_tolerance,False,{},,False,mean_jaccard > higher_locking_score > smaller_feature_count > lower_run_id,regret_constrained_medoid,absolute,0.0,0.0,1,macro_ovr_auroc,"{""candidate_run_seed_rule"": ""42 + run_id"", ""locking_cv_seed"": 42, ""run_seed"": 44}",0.1.0,256fb84b77af8bf76e381cfa088194f3c4ac9d86f47245c4c5948b27368d84e4
AMP-AD,svm_l1,rush,reference,legacy_zero_truncated,absolute,0.0,3,30,0.8826732633157365,,,,0.0,0.0,True,absolute_regret_within_tolerance,False,{},1.0,True,mean_jaccard > higher_locking_score > smaller_feature_count > lower_run_id,regret_constrained_medoid,absolute,0.0,0.0,1,macro_ovr_auroc,"{""candidate_run_seed_rule"": ""42 + run_id"", ""locking_cv_seed"": 42, ""run_seed"": 45}",0.1.0,256fb84b77af8bf76e381cfa088194f3c4ac9d86f47245c4c5948b27368d84e4
AMP-AD,svm_l1,rush,reference,legacy_zero_truncated,absolute,0.0,4,30,0.8486768767965644,,,,0.03399638651917203,0.038515255794047264,False,absolute_regret_exceeds_tolerance,False,{},,False,mean_jaccard > higher_locking_score > smaller_feature_count > lower_run_id,regret_constrained_medoid,absolute,0.0,0.0,1,macro_ovr_auroc,"{""candidate_run_seed_rule"": ""42 + run_id"", ""locking_cv_seed"": 42, ""run_seed"": 46}",0.1.0,256fb84b77af8bf76e381cfa088194f3c4ac9d86f47245c4c5948b27368d84e4
AMP-AD,svm_l1,rush,reference,legacy_zero_truncated,absolute,0.0,5,30,0.8606075935026268,,,,0.022065669813109645,0.02499868380539884,False,absolute_regret_exceeds_tolerance,False,{},,False,mean_jaccard > higher_locking_score > smaller_feature_count > lower_run_id,regret_constrained_medoid,absolute,0.0,0.0,1,macro_ovr_auroc,"{""candidate_run_seed_rule"": ""42 + run_id"", ""locking_cv_seed"": 42, ""run_seed"": 47}",0.1.0,256fb84b77af8bf76e381cfa088194f3c4ac9d86f47245c4c5948b27368d84e4
AMP-AD,svm_l1,rush,reference,legacy_zero_truncated,absolute,0.005,1,24,0.8670603188793151,,,,0.015612944436421361,0.017688248965162703,False,absolute_regret_exceeds_tolerance,False,{},,False,mean_jaccard > higher_locking_score > smaller_feature_count > lower_run_id,regret_constrained_medoid,absolute,0.005,0.005,1,macro_ovr_auroc,"{""candidate_run_seed_rule"": ""42 + run_id"", ""locking_cv_seed"": 42, ""run_seed"": 43}",0.1.0,8f3bfa007c55f1fda622aca6e0b4d821cb1c8a24c3ac132911b739bcba48cf65
AMP-AD,svm_l1,rush,reference,legacy_zero_truncated,absolute,0.005,2,27,0.8523224424586431,,,,0.030350820857093397,0.03438511408296363,False,absolute_regret_exceeds_tolerance,False,{},,False,mean_jaccard > higher_locking_score > smaller_feature_count > lower_run_id,regret_constrained_medoid,absolute,0.005,0.005,1,macro_ovr_auroc,"{""candidate_run_seed_rule"": ""42 + run_id"", ""locking_cv_seed"": 42, ""run_seed"": 44}",0.1.0,8f3bfa007c55f1fda622aca6e0b4d821cb1c8a24c3ac132911b739bcba48cf65
AMP-AD,svm_l1,rush,reference,legacy_zero_truncated,absolute,0.005,3,30,0.8826732633157365,,,,0.0,0.0,True,absolute_regret_within_tolerance,False,{},1.0,True,mean_jaccard > higher_locking_score > smaller_feature_count > lower_run_id,regret_constrained_medoid,absolute,0.005,0.005,1,macro_ovr_auroc,"{""candidate_run_seed_rule"": ""42 + run_id"", ""locking_cv_seed"": 42, ""run_seed"": 45}",0.1.0,8f3bfa007c55f1fda622aca6e0b4d821cb1c8a24c3ac132911b739bcba48cf65
AMP-AD,svm_l1,rush,reference,legacy_zero_truncated,absolute,0.005,4,30,0.8486768767965644,,,,0.03399638651917203,0.038515255794047264,False,absolute_regret_exceeds_tolerance,False,{},,False,mean_jaccard > higher_locking_score > smaller_feature_count > lower_run_id,regret_constrained_medoid,absolute,0.005,0.005,1,macro_ovr_auroc,"{""candidate_run_seed_rule"": ""42 + run_id"", ""locking_cv_seed"": 42, ""run_seed"": 46}",0.1.0,8f3bfa007c55f1fda622aca6e0b4d821cb1c8a24c3ac132911b739bcba48cf65
AMP-AD,svm_l1,rush,reference,legacy_zero_truncated,absolute,0.005,5,30,0.8606075935026268,,,,0.022065669813109645,0.02499868380539884,False,absolute_regret_exceeds_tolerance,False,{},,False,mean_jaccard > higher_locking_score > smaller_feature_count > lower_run_id,regret_constrained_medoid,absolute,0.005,0.005,1,macro_ovr_auroc,"{""candidate_run_seed_rule"": ""42 + run_id"", ""locking_cv_seed"": 42, ""run_seed"": 47}",0.1.0,8f3bfa007c55f1fda622aca6e0b4d821cb1c8a24c3ac132911b739bcba48cf65
AMP-AD,svm_l1,rush,reference,legacy_zero_truncated,absolute,0.01,1,24,0.8670603188793151,,,,0.015612944436421361,0.017688248965162703,False,absolute_regret_exceeds_tolerance,False,{},,False,mean_jaccard > higher_locking_score > smaller_feature_count > lower_run_id,regret_constrained_medoid,absolute,0.01,0.01,1,macro_ovr_auroc,"{""candidate_run_seed_rule"": ""42 + run_id"", ""locking_cv_seed"": 42, ""run_seed"": 43}",0.1.0,80675b3d4d3e2199c6d5b1ce523d5b3832110776e2fad928fa1555eeb80be603
AMP-AD,svm_l1,rush,reference,legacy_zero_truncated,absolute,0.01,2,27,0.8523224424586431,,,,0.030350820857093397,0.03438511408296363,False,absolute_regret_exceeds_tolerance,False,{},,False,mean_jaccard > higher_locking_score > smaller_feature_count > lower_run_id,regret_constrained_medoid,absolute,0.01,0.01,1,macro_ovr_auroc,"{""candidate_run_seed_rule"": ""42 + run_id"", ""locking_cv_seed"": 42, ""run_seed"": 44}",0.1.0,80675b3d4d3e2199c6d5b1ce523d5b3832110776e2fad928fa1555eeb80be603
AMP-AD,svm_l1,rush,reference,legacy_zero_truncated,absolute,0.01,3,30,0.8826732633157365,,,,0.0,0.0,True,absolute_regret_within_tolerance,False,{},1.0,True,mean_jaccard > higher_locking_score > smaller_feature_count > lower_run_id,regret_constrained_medoid,absolute,0.01,0.01,1,macro_ovr_auroc,"{""candidate_run_seed_rule"": ""42 + run_id"", ""locking_cv_seed"": 42, ""run_seed"": 45}",0.1.0,80675b3d4d3e2199c6d5b1ce523d5b3832110776e2fad928fa1555eeb80be603
AMP-AD,svm_l1,rush,reference,legacy_zero_truncated,absolute,0.01,4,30,0.8486768767965644,,,,0.03399638651917203,0.038515255794047264,False,absolute_regret_exceeds_tolerance,False,{},,False,mean_jaccard > higher_locking_score > smaller_feature_count > lower_run_id,regret_constrained_medoid,absolute,0.01,0.01,1,macro_ovr_auroc,"{""candidate_run_seed_rule"": ""42 + run_id"", ""locking_cv_seed"": 42, ""run_seed"": 46}",0.1.0,80675b3d4d3e2199c6d5b1ce523d5b3832110776e2fad928fa1555eeb80be603
AMP-AD,svm_l1,rush,reference,legacy_zero_truncated,absolute,0.01,5,30,0.8606075935026268,,,,0.022065669813109645,0.02499868380539884,False,absolute_regret_exceeds_tolerance,False,{},,False,mean_jaccard > higher_locking_score > smaller_feature_count > lower_run_id,regret_constrained_medoid,absolute,0.01,0.01,1,macro_ovr_auroc,"{""candidate_run_seed_rule"": ""42 + run_id"", ""locking_cv_seed"": 42, ""run_seed"": 47}",0.1.0,80675b3d4d3e2199c6d5b1ce523d5b3832110776e2fad928fa1555eeb80be603
AMP-AD,svm_l1,rush,reference,legacy_zero_truncated,absolute,0.02,1,24,0.8670603188793151,,,,0.015612944436421361,0.017688248965162703,True,absolute_regret_within_tolerance,False,"{""3"": 0.14893617021276595}",0.14893617021276595,False,mean_jaccard > higher_locking_score > smaller_feature_count > lower_run_id,regret_constrained_medoid,absolute,0.02,0.02,1,macro_ovr_auroc,"{""candidate_run_seed_rule"": ""42 + run_id"", ""locking_cv_seed"": 42, ""run_seed"": 43}",0.1.0,734e36a1e2a161f131d4990233d0d344c554195dfbfaa24b833950485ca54df8
AMP-AD,svm_l1,rush,reference,legacy_zero_truncated,absolute,0.02,2,27,0.8523224424586431,,,,0.030350820857093397,0.03438511408296363,False,absolute_regret_exceeds_tolerance,False,{},,False,mean_jaccard > higher_locking_score > smaller_feature_count > lower_run_id,regret_constrained_medoid,absolute,0.02,0.02,1,macro_ovr_auroc,"{""candidate_run_seed_rule"": ""42 + run_id"", ""locking_cv_seed"": 42, ""run_seed"": 44}",0.1.0,734e36a1e2a161f131d4990233d0d344c554195dfbfaa24b833950485ca54df8
AMP-AD,svm_l1,rush,reference,legacy_zero_truncated,absolute,0.02,3,30,0.8826732633157365,,,,0.0,0.0,True,absolute_regret_within_tolerance,False,"{""1"": 0.14893617021276595}",0.14893617021276595,True,mean_jaccard > higher_locking_score > smaller_feature_count > lower_run_id,regret_constrained_medoid,absolute,0.02,0.02,1,macro_ovr_auroc,"{""candidate_run_seed_rule"": ""42 + run_id"", ""locking_cv_seed"": 42, ""run_seed"": 45}",0.1.0,734e36a1e2a161f131d4990233d0d344c554195dfbfaa24b833950485ca54df8
AMP-AD,svm_l1,rush,reference,legacy_zero_truncated,absolute,0.02,4,30,0.8486768767965644,,,,0.03399638651917203,0.038515255794047264,False,absolute_regret_exceeds_tolerance,False,{},,False,mean_jaccard > higher_locking_score > smaller_feature_count > lower_run_id,regret_constrained_medoid,absolute,0.02,0.02,1,macro_ovr_auroc,"{""candidate_run_seed_rule"": ""42 + run_id"", ""locking_cv_seed"": 42, ""run_seed"": 46}",0.1.0,734e36a1e2a161f131d4990233d0d344c554195dfbfaa24b833950485ca54df8
AMP-AD,svm_l1,rush,reference,legacy_zero_truncated,absolute,0.02,5,30,0.8606075935026268,,,,0.022065669813109645,0.02499868380539884,False,absolute_regret_exceeds_tolerance,False,{},,False,mean_jaccard > higher_locking_score > smaller_feature_count > lower_run_id,regret_constrained_medoid,absolute,0.02,0.02,1,macro_ovr_auroc,"{""candidate_run_seed_rule"": ""42 + run_id"", ""locking_cv_seed"": 42, ""run_seed"": 47}",0.1.0,734e36a1e2a161f131d4990233d0d344c554195dfbfaa24b833950485ca54df8
AMP-AD,xgboost,emory,high,legacy_zero_truncated,absolute,0.0,1,31,0.8175829635521511,,,,0.00809305663549087,0.009801733897578439,False,absolute_regret_exceeds_tolerance,False,{},,False,mean_jaccard > higher_locking_score > smaller_feature_count > lower_run_id,regret_constrained_medoid,absolute,0.0,0.0,1,macro_ovr_auroc,"{""candidate_run_seed_rule"": ""42 + run_id"", ""locking_cv_seed"": 42, ""run_seed"": 43}",0.1.0,256fb84b77af8bf76e381cfa088194f3c4ac9d86f47245c4c5948b27368d84e4
AMP-AD,xgboost,emory,high,legacy_zero_truncated,absolute,0.0,2,31,0.8221516113181451,,,,0.003524408869496898,0.004268513052729745,False,absolute_regret_exceeds_tolerance,False,{},,False,mean_jaccard > higher_locking_score > smaller_feature_count > lower_run_id,regret_constrained_medoid,absolute,0.0,0.0,1,macro_ovr_auroc,"{""candidate_run_seed_rule"": ""42 + run_id"", ""locking_cv_seed"": 42, ""run_seed"": 44}",0.1.0,256fb84b77af8bf76e381cfa088194f3c4ac9d86f47245c4c5948b27368d84e4
AMP-AD,xgboost,emory,high,legacy_zero_truncated,absolute,0.0,3,31,0.8165714114203002,,,,0.00910460876734176,0.01102685380795322,False,absolute_regret_exceeds_tolerance,False,{},,False,mean_jaccard > higher_locking_score > smaller_feature_count > lower_run_id,regret_constrained_medoid,absolute,0.0,0.0,1,macro_ovr_auroc,"{""candidate_run_seed_rule"": ""42 + run_id"", ""locking_cv_seed"": 42, ""run_seed"": 45}",0.1.0,256fb84b77af8bf76e381cfa088194f3c4ac9d86f47245c4c5948b27368d84e4
AMP-AD,xgboost,emory,high,legacy_zero_truncated,absolute,0.0,4,31,0.825676020187642,,,,0.0,0.0,True,absolute_regret_within_tolerance,False,{},1.0,True,mean_jaccard > higher_locking_score > smaller_feature_count > lower_run_id,regret_constrained_medoid,absolute,0.0,0.0,1,macro_ovr_auroc,"{""candidate_run_seed_rule"": ""42 + run_id"", ""locking_cv_seed"": 42, ""run_seed"": 46}",0.1.0,256fb84b77af8bf76e381cfa088194f3c4ac9d86f47245c4c5948b27368d84e4
AMP-AD,xgboost,emory,high,legacy_zero_truncated,absolute,0.0,5,31,0.8149342247313761,,,,0.010741795456265857,0.013009697742977557,False,absolute_regret_exceeds_tolerance,False,{},,False,mean_jaccard > higher_locking_score > smaller_feature_count > lower_run_id,regret_constrained_medoid,absolute,0.0,0.0,1,macro_ovr_auroc,"{""candidate_run_seed_rule"": ""42 + run_id"", ""locking_cv_seed"": 42, ""run_seed"": 47}",0.1.0,256fb84b77af8bf76e381cfa088194f3c4ac9d86f47245c4c5948b27368d84e4
AMP-AD,xgboost,emory,high,legacy_zero_truncated,absolute,0.005,1,31,0.8175829635521511,,,,0.00809305663549087,0.009801733897578439,False,absolute_regret_exceeds_tolerance,False,{},,False,mean_jaccard > higher_locking_score > smaller_feature_count > lower_run_id,regret_constrained_medoid,absolute,0.005,0.005,1,macro_ovr_auroc,"{""candidate_run_seed_rule"": ""42 + run_id"", ""locking_cv_seed"": 42, ""run_seed"": 43}",0.1.0,8f3bfa007c55f1fda622aca6e0b4d821cb1c8a24c3ac132911b739bcba48cf65
AMP-AD,xgboost,emory,high,legacy_zero_truncated,absolute,0.005,2,31,0.8221516113181451,,,,0.003524408869496898,0.004268513052729745,True,absolute_regret_within_tolerance,False,"{""4"": 0.2653061224489796}",0.2653061224489796,False,mean_jaccard > higher_locking_score > smaller_feature_count > lower_run_id,regret_constrained_medoid,absolute,0.005,0.005,1,macro_ovr_auroc,"{""candidate_run_seed_rule"": ""42 + run_id"", ""locking_cv_seed"": 42, ""run_seed"": 44}",0.1.0,8f3bfa007c55f1fda622aca6e0b4d821cb1c8a24c3ac132911b739bcba48cf65
AMP-AD,xgboost,emory,high,legacy_zero_truncated,absolute,0.005,3,31,0.8165714114203002,,,,0.00910460876734176,0.01102685380795322,False,absolute_regret_exceeds_tolerance,False,{},,False,mean_jaccard > higher_locking_score > smaller_feature_count > lower_run_id,regret_constrained_medoid,absolute,0.005,0.005,1,macro_ovr_auroc,"{""candidate_run_seed_rule"": ""42 + run_id"", ""locking_cv_seed"": 42, ""run_seed"": 45}",0.1.0,8f3bfa007c55f1fda622aca6e0b4d821cb1c8a24c3ac132911b739bcba48cf65
AMP-AD,xgboost,emory,high,legacy_zero_truncated,absolute,0.005,4,31,0.825676020187642,,,,0.0,0.0,True,absolute_regret_within_tolerance,False,"{""2"": 0.2653061224489796}",0.2653061224489796,True,mean_jaccard > higher_locking_score > smaller_feature_count > lower_run_id,regret_constrained_medoid,absolute,0.005,0.005,1,macro_ovr_auroc,"{""candidate_run_seed_rule"": ""42 + run_id"", ""locking_cv_seed"": 42, ""run_seed"": 46}",0.1.0,8f3bfa007c55f1fda622aca6e0b4d821cb1c8a24c3ac132911b739bcba48cf65
AMP-AD,xgboost,emory,high,legacy_zero_truncated,absolute,0.005,5,31,0.8149342247313761,,,,0.010741795456265857,0.013009697742977557,False,absolute_regret_exceeds_tolerance,False,{},,False,mean_jaccard > higher_locking_score > smaller_feature_count > lower_run_id,regret_constrained_medoid,absolute,0.005,0.005,1,macro_ovr_auroc,"{""candidate_run_seed_rule"": ""42 + run_id"", ""locking_cv_seed"": 42, ""run_seed"": 47}",0.1.0,8f3bfa007c55f1fda622aca6e0b4d821cb1c8a24c3ac132911b739bcba48cf65
AMP-AD,xgboost,emory,high,legacy_zero_truncated,absolute,0.01,1,31,0.8175829635521511,,,,0.00809305663549087,0.009801733897578439,True,absolute_regret_within_tolerance,False,"{""2"": 0.10714285714285714, ""3"": 0.21568627450980393, ""4"": 0.24}",0.18760971055088702,False,mean_jaccard > higher_locking_score > smaller_feature_count > lower_run_id,regret_constrained_medoid,absolute,0.01,0.01,1,macro_ovr_auroc,"{""candidate_run_seed_rule"": ""42 + run_id"", ""locking_cv_seed"": 42, ""run_seed"": 43}",0.1.0,80675b3d4d3e2199c6d5b1ce523d5b3832110776e2fad928fa1555eeb80be603
AMP-AD,xgboost,emory,high,legacy_zero_truncated,absolute,0.01,2,31,0.8221516113181451,,,,0.003524408869496898,0.004268513052729745,True,absolute_regret_within_tolerance,False,"{""1"": 0.10714285714285714, ""3"": 0.14814814814814814, ""4"": 0.2653061224489796}",0.1735323759133283,False,mean_jaccard > higher_locking_score > smaller_feature_count > lower_run_id,regret_constrained_medoid,absolute,0.01,0.01,1,macro_ovr_auroc,"{""candidate_run_seed_rule"": ""42 + run_id"", ""locking_cv_seed"": 42, ""run_seed"": 44}",0.1.0,80675b3d4d3e2199c6d5b1ce523d5b3832110776e2fad928fa1555eeb80be603
AMP-AD,xgboost,emory,high,legacy_zero_truncated,absolute,0.01,3,31,0.8165714114203002,,,,0.00910460876734176,0.01102685380795322,True,absolute_regret_within_tolerance,False,"{""1"": 0.21568627450980393, ""2"": 0.14814814814814814, ""4"": 0.19230769230769232}",0.1853807049885481,False,mean_jaccard > higher_locking_score > smaller_feature_count > lower_run_id,regret_constrained_medoid,absolute,0.01,0.01,1,macro_ovr_auroc,"{""candidate_run_seed_rule"": ""42 + run_id"", ""locking_cv_seed"": 42, ""run_seed"": 45}",0.1.0,80675b3d4d3e2199c6d5b1ce523d5b3832110776e2fad928fa1555eeb80be603
AMP-AD,xgboost,emory,high,legacy_zero_truncated,absolute,0.01,4,31,0.825676020187642,,,,0.0,0.0,True,absolute_regret_within_tolerance,False,"{""1"": 0.24, ""2"": 0.2653061224489796, ""3"": 0.19230769230769232}",0.232537938252224,True,mean_jaccard > higher_locking_score > smaller_feature_count > lower_run_id,regret_constrained_medoid,absolute,0.01,0.01,1,macro_ovr_auroc,"{""candidate_run_seed_rule"": ""42 + run_id"", ""locking_cv_seed"": 42, ""run_seed"": 46}",0.1.0,80675b3d4d3e2199c6d5b1ce523d5b3832110776e2fad928fa1555eeb80be603
AMP-AD,xgboost,emory,high,legacy_zero_truncated,absolute,0.01,5,31,0.8149342247313761,,,,0.010741795456265857,0.013009697742977557,False,absolute_regret_exceeds_tolerance,False,{},,False,mean_jaccard > higher_locking_score > smaller_feature_count > lower_run_id,regret_constrained_medoid,absolute,0.01,0.01,1,macro_ovr_auroc,"{""candidate_run_seed_rule"": ""42 + run_id"", ""locking_cv_seed"": 42, ""run_seed"": 47}",0.1.0,80675b3d4d3e2199c6d5b1ce523d5b3832110776e2fad928fa1555eeb80be603
AMP-AD,xgboost,emory,high,legacy_zero_truncated,absolute,0.02,1,31,0.8175829635521511,,,,0.00809305663549087,0.009801733897578439,True,absolute_regret_within_tolerance,False,"{""2"": 0.10714285714285714, ""3"": 0.21568627450980393, ""4"": 0.24, ""5"": 0.21568627450980393}",0.19462885154061624,False,mean_jaccard > higher_locking_score > smaller_feature_count > lower_run_id,regret_constrained_medoid,absolute,0.02,0.02,1,macro_ovr_auroc,"{""candidate_run_seed_rule"": ""42 + run_id"", ""locking_cv_seed"": 42, ""run_seed"": 43}",0.1.0,734e36a1e2a161f131d4990233d0d344c554195dfbfaa24b833950485ca54df8
AMP-AD,xgboost,emory,high,legacy_zero_truncated,absolute,0.02,2,31,0.8221516113181451,,,,0.003524408869496898,0.004268513052729745,True,absolute_regret_within_tolerance,False,"{""1"": 0.10714285714285714, ""3"": 0.14814814814814814, ""4"": 0.2653061224489796, ""5"": 0.19230769230769232}",0.1782262050119193,False,mean_jaccard > higher_locking_score > smaller_feature_count > lower_run_id,regret_constrained_medoid,absolute,0.02,0.02,1,macro_ovr_auroc,"{""candidate_run_seed_rule"": ""42 + run_id"", ""locking_cv_seed"": 42, ""run_seed"": 44}",0.1.0,734e36a1e2a161f131d4990233d0d344c554195dfbfaa24b833950485ca54df8
AMP-AD,xgboost,emory,high,legacy_zero_truncated,absolute,0.02,3,31,0.8165714114203002,,,,0.00910460876734176,0.01102685380795322,True,absolute_regret_within_tolerance,False,"{""1"": 0.21568627450980393, ""2"": 0.14814814814814814, ""4"": 0.19230769230769232, ""5"": 0.21568627450980393}",0.19295709736886207,False,mean_jaccard > higher_locking_score > smaller_feature_count > lower_run_id,regret_constrained_medoid,absolute,0.02,0.02,1,macro_ovr_auroc,"{""candidate_run_seed_rule"": ""42 + run_id"", ""locking_cv_seed"": 42, ""run_seed"": 45}",0.1.0,734e36a1e2a161f131d4990233d0d344c554195dfbfaa24b833950485ca54df8
AMP-AD,xgboost,emory,high,legacy_zero_truncated,absolute,0.02,4,31,0.825676020187642,,,,0.0,0.0,True,absolute_regret_within_tolerance,False,"{""1"": 0.24, ""2"": 0.2653061224489796, ""3"": 0.19230769230769232, ""5"": 0.2916666666666667}",0.24732012035583467,True,mean_jaccard > higher_locking_score > smaller_feature_count > lower_run_id,regret_constrained_medoid,absolute,0.02,0.02,1,macro_ovr_auroc,"{""candidate_run_seed_rule"": ""42 + run_id"", ""locking_cv_seed"": 42, ""run_seed"": 46}",0.1.0,734e36a1e2a161f131d4990233d0d344c554195dfbfaa24b833950485ca54df8
AMP-AD,xgboost,emory,high,legacy_zero_truncated,absolute,0.02,5,31,0.8149342247313761,,,,0.010741795456265857,0.013009697742977557,True,absolute_regret_within_tolerance,False,"{""1"": 0.21568627450980393, ""2"": 0.19230769230769232, ""3"": 0.21568627450980393, ""4"": 0.2916666666666667}",0.22883672699849172,False,mean_jaccard > higher_locking_score > smaller_feature_count > lower_run_id,regret_constrained_medoid,absolute,0.02,0.02,1,macro_ovr_auroc,"{""candidate_run_seed_rule"": ""42 + run_id"", ""locking_cv_seed"": 42, ""run_seed"": 47}",0.1.0,734e36a1e2a161f131d4990233d0d344c554195dfbfaa24b833950485ca54df8
AMP-AD,xgboost,emory,low,legacy_zero_truncated,absolute,0.0,1,17,0.7869641070128959,,,,0.0324059903670777,0.03954988163553861,False,absolute_regret_exceeds_tolerance,False,{},,False,mean_jaccard > higher_locking_score > smaller_feature_count > lower_run_id,regret_constrained_medoid,absolute,0.0,0.0,1,macro_ovr_auroc,"{""candidate_run_seed_rule"": ""42 + run_id"", ""locking_cv_seed"": 42, ""run_seed"": 43}",0.1.0,256fb84b77af8bf76e381cfa088194f3c4ac9d86f47245c4c5948b27368d84e4
AMP-AD,xgboost,emory,low,legacy_zero_truncated,absolute,0.0,2,20,0.8184073463503154,,,,0.0009627510296581487,0.0011749892176156434,False,absolute_regret_exceeds_tolerance,False,{},,False,mean_jaccard > higher_locking_score > smaller_feature_count > lower_run_id,regret_constrained_medoid,absolute,0.0,0.0,1,macro_ovr_auroc,"{""candidate_run_seed_rule"": ""42 + run_id"", ""locking_cv_seed"": 42, ""run_seed"": 44}",0.1.0,256fb84b77af8bf76e381cfa088194f3c4ac9d86f47245c4c5948b27368d84e4
AMP-AD,xgboost,emory,low,legacy_zero_truncated,absolute,0.0,3,19,0.7958007798485005,,,,0.023569317531473066,0.028765166811479406,False,absolute_regret_exceeds_tolerance,False,{},,False,mean_jaccard > higher_locking_score > smaller_feature_count > lower_run_id,regret_constrained_medoid,absolute,0.0,0.0,1,macro_ovr_auroc,"{""candidate_run_seed_rule"": ""42 + run_id"", ""locking_cv_seed"": 42, ""run_seed"": 45}",0.1.0,256fb84b77af8bf76e381cfa088194f3c4ac9d86f47245c4c5948b27368d84e4
AMP-AD,xgboost,emory,low,legacy_zero_truncated,absolute,0.0,4,20,0.7943394901652984,,,,0.025030607214675205,0.03054859738561773,False,absolute_regret_exceeds_tolerance,False,{},,False,mean_jaccard > higher_locking_score > smaller_feature_count > lower_run_id,regret_constrained_medoid,absolute,0.0,0.0,1,macro_ovr_auroc,"{""candidate_run_seed_rule"": ""42 + run_id"", ""locking_cv_seed"": 42, ""run_seed"": 46}",0.1.0,256fb84b77af8bf76e381cfa088194f3c4ac9d86f47245c4c5948b27368d84e4
AMP-AD,xgboost,emory,low,legacy_zero_truncated,absolute,0.0,5,22,0.8193700973799736,,,,0.0,0.0,True,absolute_regret_within_tolerance,False,{},1.0,True,mean_jaccard > higher_locking_score > smaller_feature_count > lower_run_id,regret_constrained_medoid,absolute,0.0,0.0,1,macro_ovr_auroc,"{""candidate_run_seed_rule"": ""42 + run_id"", ""locking_cv_seed"": 42, ""run_seed"": 47}",0.1.0,256fb84b77af8bf76e381cfa088194f3c4ac9d86f47245c4c5948b27368d84e4
AMP-AD,xgboost,emory,low,legacy_zero_truncated,absolute,0.005,1,17,0.7869641070128959,,,,0.0324059903670777,0.03954988163553861,False,absolute_regret_exceeds_tolerance,False,{},,False,mean_jaccard > higher_locking_score > smaller_feature_count > lower_run_id,regret_constrained_medoid,absolute,0.005,0.005,1,macro_ovr_auroc,"{""candidate_run_seed_rule"": ""42 + run_id"", ""locking_cv_seed"": 42, ""run_seed"": 43}",0.1.0,8f3bfa007c55f1fda622aca6e0b4d821cb1c8a24c3ac132911b739bcba48cf65
AMP-AD,xgboost,emory,low,legacy_zero_truncated,absolute,0.005,2,20,0.8184073463503154,,,,0.0009627510296581487,0.0011749892176156434,True,absolute_regret_within_tolerance,False,"{""5"": 0.23529411764705882}",0.23529411764705882,False,mean_jaccard > higher_locking_score > smaller_feature_count > lower_run_id,regret_constrained_medoid,absolute,0.005,0.005,1,macro_ovr_auroc,"{""candidate_run_seed_rule"": ""42 + run_id"", ""locking_cv_seed"": 42, ""run_seed"": 44}",0.1.0,8f3bfa007c55f1fda622aca6e0b4d821cb1c8a24c3ac132911b739bcba48cf65
AMP-AD,xgboost,emory,low,legacy_zero_truncated,absolute,0.005,3,19,0.7958007798485005,,,,0.023569317531473066,0.028765166811479406,False,absolute_regret_exceeds_tolerance,False,{},,False,mean_jaccard > higher_locking_score > smaller_feature_count > lower_run_id,regret_constrained_medoid,absolute,0.005,0.005,1,macro_ovr_auroc,"{""candidate_run_seed_rule"": ""42 + run_id"", ""locking_cv_seed"": 42, ""run_seed"": 45}",0.1.0,8f3bfa007c55f1fda622aca6e0b4d821cb1c8a24c3ac132911b739bcba48cf65
AMP-AD,xgboost,emory,low,legacy_zero_truncated,absolute,0.005,4,20,0.7943394901652984,,,,0.025030607214675205,0.03054859738561773,False,absolute_regret_exceeds_tolerance,False,{},,False,mean_jaccard > higher_locking_score > smaller_feature_count > lower_run_id,regret_constrained_medoid,absolute,0.005,0.005,1,macro_ovr_auroc,"{""candidate_run_seed_rule"": ""42 + run_id"", ""locking_cv_seed"": 42, ""run_seed"": 46}",0.1.0,8f3bfa007c55f1fda622aca6e0b4d821cb1c8a24c3ac132911b739bcba48cf65
AMP-AD,xgboost,emory,low,legacy_zero_truncated,absolute,0.005,5,22,0.8193700973799736,,,,0.0,0.0,True,absolute_regret_within_tolerance,False,"{""2"": 0.23529411764705882}",0.23529411764705882,True,mean_jaccard > higher_locking_score > smaller_feature_count > lower_run_id,regret_constrained_medoid,absolute,0.005,0.005,1,macro_ovr_auroc,"{""candidate_run_seed_rule"": ""42 + run_id"", ""locking_cv_seed"": 42, ""run_seed"": 47}",0.1.0,8f3bfa007c55f1fda622aca6e0b4d821cb1c8a24c3ac132911b739bcba48cf65
AMP-AD,xgboost,emory,low,legacy_zero_truncated,absolute,0.01,1,17,0.7869641070128959,,,,0.0324059903670777,0.03954988163553861,False,absolute_regret_exceeds_tolerance,False,{},,False,mean_jaccard > higher_locking_score > smaller_feature_count > lower_run_id,regret_constrained_medoid,absolute,0.01,0.01,1,macro_ovr_auroc,"{""candidate_run_seed_rule"": ""42 + run_id"", ""locking_cv_seed"": 42, ""run_seed"": 43}",0.1.0,80675b3d4d3e2199c6d5b1ce523d5b3832110776e2fad928fa1555eeb80be603
AMP-AD,xgboost,emory,low,legacy_zero_truncated,absolute,0.01,2,20,0.8184073463503154,,,,0.0009627510296581487,0.0011749892176156434,True,absolute_regret_within_tolerance,False,"{""5"": 0.23529411764705882}",0.23529411764705882,False,mean_jaccard > higher_locking_score > smaller_feature_count > lower_run_id,regret_constrained_medoid,absolute,0.01,0.01,1,macro_ovr_auroc,"{""candidate_run_seed_rule"": ""42 + run_id"", ""locking_cv_seed"": 42, ""run_seed"": 44}",0.1.0,80675b3d4d3e2199c6d5b1ce523d5b3832110776e2fad928fa1555eeb80be603
AMP-AD,xgboost,emory,low,legacy_zero_truncated,absolute,0.01,3,19,0.7958007798485005,,,,0.023569317531473066,0.028765166811479406,False,absolute_regret_exceeds_tolerance,False,{},,False,mean_jaccard > higher_locking_score > smaller_feature_count > lower_run_id,regret_constrained_medoid,absolute,0.01,0.01,1,macro_ovr_auroc,"{""candidate_run_seed_rule"": ""42 + run_id"", ""locking_cv_seed"": 42, ""run_seed"": 45}",0.1.0,80675b3d4d3e2199c6d5b1ce523d5b3832110776e2fad928fa1555eeb80be603
AMP-AD,xgboost,emory,low,legacy_zero_truncated,absolute,0.01,4,20,0.7943394901652984,,,,0.025030607214675205,0.03054859738561773,False,absolute_regret_exceeds_tolerance,False,{},,False,mean_jaccard > higher_locking_score > smaller_feature_count > lower_run_id,regret_constrained_medoid,absolute,0.01,0.01,1,macro_ovr_auroc,"{""candidate_run_seed_rule"": ""42 + run_id"", ""locking_cv_seed"": 42, ""run_seed"": 46}",0.1.0,80675b3d4d3e2199c6d5b1ce523d5b3832110776e2fad928fa1555eeb80be603
AMP-AD,xgboost,emory,low,legacy_zero_truncated,absolute,0.01,5,22,0.8193700973799736,,,,0.0,0.0,True,absolute_regret_within_tolerance,False,"{""2"": 0.23529411764705882}",0.23529411764705882,True,mean_jaccard > higher_locking_score > smaller_feature_count > lower_run_id,regret_constrained_medoid,absolute,0.01,0.01,1,macro_ovr_auroc,"{""candidate_run_seed_rule"": ""42 + run_id"", ""locking_cv_seed"": 42, ""run_seed"": 47}",0.1.0,80675b3d4d3e2199c6d5b1ce523d5b3832110776e2fad928fa1555eeb80be603
AMP-AD,xgboost,emory,low,legacy_zero_truncated,absolute,0.02,1,17,0.7869641070128959,,,,0.0324059903670777,0.03954988163553861,False,absolute_regret_exceeds_tolerance,False,{},,False,mean_jaccard > higher_locking_score > smaller_feature_count > lower_run_id,regret_constrained_medoid,absolute,0.02,0.02,1,macro_ovr_auroc,"{""candidate_run_seed_rule"": ""42 + run_id"", ""locking_cv_seed"": 42, ""run_seed"": 43}",0.1.0,734e36a1e2a161f131d4990233d0d344c554195dfbfaa24b833950485ca54df8
AMP-AD,xgboost,emory,low,legacy_zero_truncated,absolute,0.02,2,20,0.8184073463503154,,,,0.0009627510296581487,0.0011749892176156434,True,absolute_regret_within_tolerance,False,"{""5"": 0.23529411764705882}",0.23529411764705882,False,mean_jaccard > higher_locking_score > smaller_feature_count > lower_run_id,regret_constrained_medoid,absolute,0.02,0.02,1,macro_ovr_auroc,"{""candidate_run_seed_rule"": ""42 + run_id"", ""locking_cv_seed"": 42, ""run_seed"": 44}",0.1.0,734e36a1e2a161f131d4990233d0d344c554195dfbfaa24b833950485ca54df8
AMP-AD,xgboost,emory,low,legacy_zero_truncated,absolute,0.02,3,19,0.7958007798485005,,,,0.023569317531473066,0.028765166811479406,False,absolute_regret_exceeds_tolerance,False,{},,False,mean_jaccard > higher_locking_score > smaller_feature_count > lower_run_id,regret_constrained_medoid,absolute,0.02,0.02,1,macro_ovr_auroc,"{""candidate_run_seed_rule"": ""42 + run_id"", ""locking_cv_seed"": 42, ""run_seed"": 45}",0.1.0,734e36a1e2a161f131d4990233d0d344c554195dfbfaa24b833950485ca54df8
AMP-AD,xgboost,emory,low,legacy_zero_truncated,absolute,0.02,4,20,0.7943394901652984,,,,0.025030607214675205,0.03054859738561773,False,absolute_regret_exceeds_tolerance,False,{},,False,mean_jaccard > higher_locking_score > smaller_feature_count > lower_run_id,regret_constrained_medoid,absolute,0.02,0.02,1,macro_ovr_auroc,"{""candidate_run_seed_rule"": ""42 + run_id"", ""locking_cv_seed"": 42, ""run_seed"": 46}",0.1.0,734e36a1e2a161f131d4990233d0d344c554195dfbfaa24b833950485ca54df8
AMP-AD,xgboost,emory,low,legacy_zero_truncated,absolute,0.02,5,22,0.8193700973799736,,,,0.0,0.0,True,absolute_regret_within_tolerance,False,"{""2"": 0.23529411764705882}",0.23529411764705882,True,mean_jaccard > higher_locking_score > smaller_feature_count > lower_run_id,regret_constrained_medoid,absolute,0.02,0.02,1,macro_ovr_auroc,"{""candidate_run_seed_rule"": ""42 + run_id"", ""locking_cv_seed"": 42, ""run_seed"": 47}",0.1.0,734e36a1e2a161f131d4990233d0d344c554195dfbfaa24b833950485ca54df8
AMP-AD,xgboost,emory,reference,legacy_zero_truncated,absolute,0.0,1,20,0.8206914964893934,,,,0.0,0.0,True,absolute_regret_within_tolerance,False,{},1.0,True,mean_jaccard > higher_locking_score > smaller_feature_count > lower_run_id,regret_constrained_medoid,absolute,0.0,0.0,1,macro_ovr_auroc,"{""candidate_run_seed_rule"": ""42 + run_id"", ""locking_cv_seed"": 42, ""run_seed"": 43}",0.1.0,256fb84b77af8bf76e381cfa088194f3c4ac9d86f47245c4c5948b27368d84e4
AMP-AD,xgboost,emory,reference,legacy_zero_truncated,absolute,0.0,2,25,0.808907221709827,,,,0.01178427477956645,0.014358958061555533,False,absolute_regret_exceeds_tolerance,False,{},,False,mean_jaccard > higher_locking_score > smaller_feature_count > lower_run_id,regret_constrained_medoid,absolute,0.0,0.0,1,macro_ovr_auroc,"{""candidate_run_seed_rule"": ""42 + run_id"", ""locking_cv_seed"": 42, ""run_seed"": 44}",0.1.0,256fb84b77af8bf76e381cfa088194f3c4ac9d86f47245c4c5948b27368d84e4
AMP-AD,xgboost,emory,reference,legacy_zero_truncated,absolute,0.0,3,18,0.8089146016752136,,,,0.011776894814179872,0.014349965686932246,False,absolute_regret_exceeds_tolerance,False,{},,False,mean_jaccard > higher_locking_score > smaller_feature_count > lower_run_id,regret_constrained_medoid,absolute,0.0,0.0,1,macro_ovr_auroc,"{""candidate_run_seed_rule"": ""42 + run_id"", ""locking_cv_seed"": 42, ""run_seed"": 45}",0.1.0,256fb84b77af8bf76e381cfa088194f3c4ac9d86f47245c4c5948b27368d84e4
AMP-AD,xgboost,emory,reference,legacy_zero_truncated,absolute,0.0,4,21,0.8015749194324681,,,,0.019116577056925377,0.023293255917356075,False,absolute_regret_exceeds_tolerance,False,{},,False,mean_jaccard > higher_locking_score > smaller_feature_count > lower_run_id,regret_constrained_medoid,absolute,0.0,0.0,1,macro_ovr_auroc,"{""candidate_run_seed_rule"": ""42 + run_id"", ""locking_cv_seed"": 42, ""run_seed"": 46}",0.1.0,256fb84b77af8bf76e381cfa088194f3c4ac9d86f47245c4c5948b27368d84e4
AMP-AD,xgboost,emory,reference,legacy_zero_truncated,absolute,0.0,5,20,0.8144466560895918,,,,0.0062448403998016655,0.00760924223842299,False,absolute_regret_exceeds_tolerance,False,{},,False,mean_jaccard > higher_locking_score > smaller_feature_count > lower_run_id,regret_constrained_medoid,absolute,0.0,0.0,1,macro_ovr_auroc,"{""candidate_run_seed_rule"": ""42 + run_id"", ""locking_cv_seed"": 42, ""run_seed"": 47}",0.1.0,256fb84b77af8bf76e381cfa088194f3c4ac9d86f47245c4c5948b27368d84e4
AMP-AD,xgboost,emory,reference,legacy_zero_truncated,absolute,0.005,1,20,0.8206914964893934,,,,0.0,0.0,True,absolute_regret_within_tolerance,False,{},1.0,True,mean_jaccard > higher_locking_score > smaller_feature_count > lower_run_id,regret_constrained_medoid,absolute,0.005,0.005,1,macro_ovr_auroc,"{""candidate_run_seed_rule"": ""42 + run_id"", ""locking_cv_seed"": 42, ""run_seed"": 43}",0.1.0,8f3bfa007c55f1fda622aca6e0b4d821cb1c8a24c3ac132911b739bcba48cf65
AMP-AD,xgboost,emory,reference,legacy_zero_truncated,absolute,0.005,2,25,0.808907221709827,,,,0.01178427477956645,0.014358958061555533,False,absolute_regret_exceeds_tolerance,False,{},,False,mean_jaccard > higher_locking_score > smaller_feature_count > lower_run_id,regret_constrained_medoid,absolute,0.005,0.005,1,macro_ovr_auroc,"{""candidate_run_seed_rule"": ""42 + run_id"", ""locking_cv_seed"": 42, ""run_seed"": 44}",0.1.0,8f3bfa007c55f1fda622aca6e0b4d821cb1c8a24c3ac132911b739bcba48cf65
AMP-AD,xgboost,emory,reference,legacy_zero_truncated,absolute,0.005,3,18,0.8089146016752136,,,,0.011776894814179872,0.014349965686932246,False,absolute_regret_exceeds_tolerance,False,{},,False,mean_jaccard > higher_locking_score > smaller_feature_count > lower_run_id,regret_constrained_medoid,absolute,0.005,0.005,1,macro_ovr_auroc,"{""candidate_run_seed_rule"": ""42 + run_id"", ""locking_cv_seed"": 42, ""run_seed"": 45}",0.1.0,8f3bfa007c55f1fda622aca6e0b4d821cb1c8a24c3ac132911b739bcba48cf65
AMP-AD,xgboost,emory,reference,legacy_zero_truncated,absolute,0.005,4,21,0.8015749194324681,,,,0.019116577056925377,0.023293255917356075,False,absolute_regret_exceeds_tolerance,False,{},,False,mean_jaccard > higher_locking_score > smaller_feature_count > lower_run_id,regret_constrained_medoid,absolute,0.005,0.005,1,macro_ovr_auroc,"{""candidate_run_seed_rule"": ""42 + run_id"", ""locking_cv_seed"": 42, ""run_seed"": 46}",0.1.0,8f3bfa007c55f1fda622aca6e0b4d821cb1c8a24c3ac132911b739bcba48cf65
AMP-AD,xgboost,emory,reference,legacy_zero_truncated,absolute,0.005,5,20,0.8144466560895918,,,,0.0062448403998016655,0.00760924223842299,False,absolute_regret_exceeds_tolerance,False,{},,False,mean_jaccard > higher_locking_score > smaller_feature_count > lower_run_id,regret_constrained_medoid,absolute,0.005,0.005,1,macro_ovr_auroc,"{""candidate_run_seed_rule"": ""42 + run_id"", ""locking_cv_seed"": 42, ""run_seed"": 47}",0.1.0,8f3bfa007c55f1fda622aca6e0b4d821cb1c8a24c3ac132911b739bcba48cf65
AMP-AD,xgboost,emory,reference,legacy_zero_truncated,absolute,0.01,1,20,0.8206914964893934,,,,0.0,0.0,True,absolute_regret_within_tolerance,False,"{""5"": 0.21212121212121213}",0.21212121212121213,True,mean_jaccard > higher_locking_score > smaller_feature_count > lower_run_id,regret_constrained_medoid,absolute,0.01,0.01,1,macro_ovr_auroc,"{""candidate_run_seed_rule"": ""42 + run_id"", ""locking_cv_seed"": 42, ""run_seed"": 43}",0.1.0,80675b3d4d3e2199c6d5b1ce523d5b3832110776e2fad928fa1555eeb80be603
AMP-AD,xgboost,emory,reference,legacy_zero_truncated,absolute,0.01,2,25,0.808907221709827,,,,0.01178427477956645,0.014358958061555533,False,absolute_regret_exceeds_tolerance,False,{},,False,mean_jaccard > higher_locking_score > smaller_feature_count > lower_run_id,regret_constrained_medoid,absolute,0.01,0.01,1,macro_ovr_auroc,"{""candidate_run_seed_rule"": ""42 + run_id"", ""locking_cv_seed"": 42, ""run_seed"": 44}",0.1.0,80675b3d4d3e2199c6d5b1ce523d5b3832110776e2fad928fa1555eeb80be603
AMP-AD,xgboost,emory,reference,legacy_zero_truncated,absolute,0.01,3,18,0.8089146016752136,,,,0.011776894814179872,0.014349965686932246,False,absolute_regret_exceeds_tolerance,False,{},,False,mean_jaccard > higher_locking_score > smaller_feature_count > lower_run_id,regret_constrained_medoid,absolute,0.01,0.01,1,macro_ovr_auroc,"{""candidate_run_seed_rule"": ""42 + run_id"", ""locking_cv_seed"": 42, ""run_seed"": 45}",0.1.0,80675b3d4d3e2199c6d5b1ce523d5b3832110776e2fad928fa1555eeb80be603
AMP-AD,xgboost,emory,reference,legacy_zero_truncated,absolute,0.01,4,21,0.8015749194324681,,,,0.019116577056925377,0.023293255917356075,False,absolute_regret_exceeds_tolerance,False,{},,False,mean_jaccard > higher_locking_score > smaller_feature_count > lower_run_id,regret_constrained_medoid,absolute,0.01,0.01,1,macro_ovr_auroc,"{""candidate_run_seed_rule"": ""42 + run_id"", ""locking_cv_seed"": 42, ""run_seed"": 46}",0.1.0,80675b3d4d3e2199c6d5b1ce523d5b3832110776e2fad928fa1555eeb80be603
AMP-AD,xgboost,emory,reference,legacy_zero_truncated,absolute,0.01,5,20,0.8144466560895918,,,,0.0062448403998016655,0.00760924223842299,True,absolute_regret_within_tolerance,False,"{""1"": 0.21212121212121213}",0.21212121212121213,False,mean_jaccard > higher_locking_score > smaller_feature_count > lower_run_id,regret_constrained_medoid,absolute,0.01,0.01,1,macro_ovr_auroc,"{""candidate_run_seed_rule"": ""42 + run_id"", ""locking_cv_seed"": 42, ""run_seed"": 47}",0.1.0,80675b3d4d3e2199c6d5b1ce523d5b3832110776e2fad928fa1555eeb80be603
AMP-AD,xgboost,emory,reference,legacy_zero_truncated,absolute,0.02,1,20,0.8206914964893934,,,,0.0,0.0,True,absolute_regret_within_tolerance,False,"{""2"": 0.0975609756097561, ""3"": 0.11764705882352941, ""4"": 0.10810810810810811, ""5"": 0.21212121212121213}",0.13385933866565145,False,mean_jaccard > higher_locking_score > smaller_feature_count > lower_run_id,regret_constrained_medoid,absolute,0.02,0.02,1,macro_ovr_auroc,"{""candidate_run_seed_rule"": ""42 + run_id"", ""locking_cv_seed"": 42, ""run_seed"": 43}",0.1.0,734e36a1e2a161f131d4990233d0d344c554195dfbfaa24b833950485ca54df8
AMP-AD,xgboost,emory,reference,legacy_zero_truncated,absolute,0.02,2,25,0.808907221709827,,,,0.01178427477956645,0.014358958061555533,True,absolute_regret_within_tolerance,False,"{""1"": 0.0975609756097561, ""3"": 0.16216216216216217, ""4"": 0.12195121951219512, ""5"": 0.21621621621621623}",0.1494726433750824,False,mean_jaccard > higher_locking_score > smaller_feature_count > lower_run_id,regret_constrained_medoid,absolute,0.02,0.02,1,macro_ovr_auroc,"{""candidate_run_seed_rule"": ""42 + run_id"", ""locking_cv_seed"": 42, ""run_seed"": 44}",0.1.0,734e36a1e2a161f131d4990233d0d344c554195dfbfaa24b833950485ca54df8
AMP-AD,xgboost,emory,reference,legacy_zero_truncated,absolute,0.02,3,18,0.8089146016752136,,,,0.011776894814179872,0.014349965686932246,True,absolute_regret_within_tolerance,False,"{""1"": 0.11764705882352941, ""2"": 0.16216216216216217, ""4"": 0.14705882352941177, ""5"": 0.11764705882352941}",0.1361287758346582,False,mean_jaccard > higher_locking_score > smaller_feature_count > lower_run_id,regret_constrained_medoid,absolute,0.02,0.02,1,macro_ovr_auroc,"{""candidate_run_seed_rule"": ""42 + run_id"", ""locking_cv_seed"": 42, ""run_seed"": 45}",0.1.0,734e36a1e2a161f131d4990233d0d344c554195dfbfaa24b833950485ca54df8
AMP-AD,xgboost,emory,reference,legacy_zero_truncated,absolute,0.02,4,21,0.8015749194324681,,,,0.019116577056925377,0.023293255917356075,True,absolute_regret_within_tolerance,False,"{""1"": 0.10810810810810811, ""2"": 0.12195121951219512, ""3"": 0.14705882352941177, ""5"": 0.10810810810810811}",0.12130656481445579,False,mean_jaccard > higher_locking_score > smaller_feature_count > lower_run_id,regret_constrained_medoid,absolute,0.02,0.02,1,macro_ovr_auroc,"{""candidate_run_seed_rule"": ""42 + run_id"", ""locking_cv_seed"": 42, ""run_seed"": 46}",0.1.0,734e36a1e2a161f131d4990233d0d344c554195dfbfaa24b833950485ca54df8
AMP-AD,xgboost,emory,reference,legacy_zero_truncated,absolute,0.02,5,20,0.8144466560895918,,,,0.0062448403998016655,0.00760924223842299,True,absolute_regret_within_tolerance,False,"{""1"": 0.21212121212121213, ""2"": 0.21621621621621623, ""3"": 0.11764705882352941, ""4"": 0.10810810810810811}",0.16352314881726648,True,mean_jaccard > higher_locking_score > smaller_feature_count > lower_run_id,regret_constrained_medoid,absolute,0.02,0.02,1,macro_ovr_auroc,"{""candidate_run_seed_rule"": ""42 + run_id"", ""locking_cv_seed"": 42, ""run_seed"": 47}",0.1.0,734e36a1e2a161f131d4990233d0d344c554195dfbfaa24b833950485ca54df8
AMP-AD,xgboost,mayo,high,legacy_zero_truncated,absolute,0.0,1,27,0.8422361595044523,,,,0.010251572404326614,0.012025477928430284,False,absolute_regret_exceeds_tolerance,False,{},,False,mean_jaccard > higher_locking_score > smaller_feature_count > lower_run_id,regret_constrained_medoid,absolute,0.0,0.0,1,macro_ovr_auroc,"{""candidate_run_seed_rule"": ""42 + run_id"", ""locking_cv_seed"": 42, ""run_seed"": 43}",0.1.0,256fb84b77af8bf76e381cfa088194f3c4ac9d86f47245c4c5948b27368d84e4
AMP-AD,xgboost,mayo,high,legacy_zero_truncated,absolute,0.0,2,23,0.8357625074789707,,,,0.016725224429808172,0.019619313925326808,False,absolute_regret_exceeds_tolerance,False,{},,False,mean_jaccard > higher_locking_score > smaller_feature_count > lower_run_id,regret_constrained_medoid,absolute,0.0,0.0,1,macro_ovr_auroc,"{""candidate_run_seed_rule"": ""42 + run_id"", ""locking_cv_seed"": 42, ""run_seed"": 44}",0.1.0,256fb84b77af8bf76e381cfa088194f3c4ac9d86f47245c4c5948b27368d84e4
AMP-AD,xgboost,mayo,high,legacy_zero_truncated,absolute,0.0,3,26,0.8524877319087789,,,,0.0,0.0,True,absolute_regret_within_tolerance,False,{},1.0,True,mean_jaccard > higher_locking_score > smaller_feature_count > lower_run_id,regret_constrained_medoid,absolute,0.0,0.0,1,macro_ovr_auroc,"{""candidate_run_seed_rule"": ""42 + run_id"", ""locking_cv_seed"": 42, ""run_seed"": 45}",0.1.0,256fb84b77af8bf76e381cfa088194f3c4ac9d86f47245c4c5948b27368d84e4
AMP-AD,xgboost,mayo,high,legacy_zero_truncated,absolute,0.0,4,23,0.831249570072951,,,,0.02123816183582794,0.02491315832577934,False,absolute_regret_exceeds_tolerance,False,{},,False,mean_jaccard > higher_locking_score > smaller_feature_count > lower_run_id,regret_constrained_medoid,absolute,0.0,0.0,1,macro_ovr_auroc,"{""candidate_run_seed_rule"": ""42 + run_id"", ""locking_cv_seed"": 42, ""run_seed"": 46}",0.1.0,256fb84b77af8bf76e381cfa088194f3c4ac9d86f47245c4c5948b27368d84e4
AMP-AD,xgboost,mayo,high,legacy_zero_truncated,absolute,0.0,5,22,0.8334926188777114,,,,0.01899511303106749,0.022281978168220813,False,absolute_regret_exceeds_tolerance,False,{},,False,mean_jaccard > higher_locking_score > smaller_feature_count > lower_run_id,regret_constrained_medoid,absolute,0.0,0.0,1,macro_ovr_auroc,"{""candidate_run_seed_rule"": ""42 + run_id"", ""locking_cv_seed"": 42, ""run_seed"": 47}",0.1.0,256fb84b77af8bf76e381cfa088194f3c4ac9d86f47245c4c5948b27368d84e4
AMP-AD,xgboost,mayo,high,legacy_zero_truncated,absolute,0.005,1,27,0.8422361595044523,,,,0.010251572404326614,0.012025477928430284,False,absolute_regret_exceeds_tolerance,False,{},,False,mean_jaccard > higher_locking_score > smaller_feature_count > lower_run_id,regret_constrained_medoid,absolute,0.005,0.005,1,macro_ovr_auroc,"{""candidate_run_seed_rule"": ""42 + run_id"", ""locking_cv_seed"": 42, ""run_seed"": 43}",0.1.0,8f3bfa007c55f1fda622aca6e0b4d821cb1c8a24c3ac132911b739bcba48cf65
AMP-AD,xgboost,mayo,high,legacy_zero_truncated,absolute,0.005,2,23,0.8357625074789707,,,,0.016725224429808172,0.019619313925326808,False,absolute_regret_exceeds_tolerance,False,{},,False,mean_jaccard > higher_locking_score > smaller_feature_count > lower_run_id,regret_constrained_medoid,absolute,0.005,0.005,1,macro_ovr_auroc,"{""candidate_run_seed_rule"": ""42 + run_id"", ""locking_cv_seed"": 42, ""run_seed"": 44}",0.1.0,8f3bfa007c55f1fda622aca6e0b4d821cb1c8a24c3ac132911b739bcba48cf65
AMP-AD,xgboost,mayo,high,legacy_zero_truncated,absolute,0.005,3,26,0.8524877319087789,,,,0.0,0.0,True,absolute_regret_within_tolerance,False,{},1.0,True,mean_jaccard > higher_locking_score > smaller_feature_count > lower_run_id,regret_constrained_medoid,absolute,0.005,0.005,1,macro_ovr_auroc,"{""candidate_run_seed_rule"": ""42 + run_id"", ""locking_cv_seed"": 42, ""run_seed"": 45}",0.1.0,8f3bfa007c55f1fda622aca6e0b4d821cb1c8a24c3ac132911b739bcba48cf65
AMP-AD,xgboost,mayo,high,legacy_zero_truncated,absolute,0.005,4,23,0.831249570072951,,,,0.02123816183582794,0.02491315832577934,False,absolute_regret_exceeds_tolerance,False,{},,False,mean_jaccard > higher_locking_score > smaller_feature_count > lower_run_id,regret_constrained_medoid,absolute,0.005,0.005,1,macro_ovr_auroc,"{""candidate_run_seed_rule"": ""42 + run_id"", ""locking_cv_seed"": 42, ""run_seed"": 46}",0.1.0,8f3bfa007c55f1fda622aca6e0b4d821cb1c8a24c3ac132911b739bcba48cf65
AMP-AD,xgboost,mayo,high,legacy_zero_truncated,absolute,0.005,5,22,0.8334926188777114,,,,0.01899511303106749,0.022281978168220813,False,absolute_regret_exceeds_tolerance,False,{},,False,mean_jaccard > higher_locking_score > smaller_feature_count > lower_run_id,regret_constrained_medoid,absolute,0.005,0.005,1,macro_ovr_auroc,"{""candidate_run_seed_rule"": ""42 + run_id"", ""locking_cv_seed"": 42, ""run_seed"": 47}",0.1.0,8f3bfa007c55f1fda622aca6e0b4d821cb1c8a24c3ac132911b739bcba48cf65
AMP-AD,xgboost,mayo,high,legacy_zero_truncated,absolute,0.01,1,27,0.8422361595044523,,,,0.010251572404326614,0.012025477928430284,False,absolute_regret_exceeds_tolerance,False,{},,False,mean_jaccard > higher_locking_score > smaller_feature_count > lower_run_id,regret_constrained_medoid,absolute,0.01,0.01,1,macro_ovr_auroc,"{""candidate_run_seed_rule"": ""42 + run_id"", ""locking_cv_seed"": 42, ""run_seed"": 43}",0.1.0,80675b3d4d3e2199c6d5b1ce523d5b3832110776e2fad928fa1555eeb80be603
AMP-AD,xgboost,mayo,high,legacy_zero_truncated,absolute,0.01,2,23,0.8357625074789707,,,,0.016725224429808172,0.019619313925326808,False,absolute_regret_exceeds_tolerance,False,{},,False,mean_jaccard > higher_locking_score > smaller_feature_count > lower_run_id,regret_constrained_medoid,absolute,0.01,0.01,1,macro_ovr_auroc,"{""candidate_run_seed_rule"": ""42 + run_id"", ""locking_cv_seed"": 42, ""run_seed"": 44}",0.1.0,80675b3d4d3e2199c6d5b1ce523d5b3832110776e2fad928fa1555eeb80be603
AMP-AD,xgboost,mayo,high,legacy_zero_truncated,absolute,0.01,3,26,0.8524877319087789,,,,0.0,0.0,True,absolute_regret_within_tolerance,False,{},1.0,True,mean_jaccard > higher_locking_score > smaller_feature_count > lower_run_id,regret_constrained_medoid,absolute,0.01,0.01,1,macro_ovr_auroc,"{""candidate_run_seed_rule"": ""42 + run_id"", ""locking_cv_seed"": 42, ""run_seed"": 45}",0.1.0,80675b3d4d3e2199c6d5b1ce523d5b3832110776e2fad928fa1555eeb80be603
AMP-AD,xgboost,mayo,high,legacy_zero_truncated,absolute,0.01,4,23,0.831249570072951,,,,0.02123816183582794,0.02491315832577934,False,absolute_regret_exceeds_tolerance,False,{},,False,mean_jaccard > higher_locking_score > smaller_feature_count > lower_run_id,regret_constrained_medoid,absolute,0.01,0.01,1,macro_ovr_auroc,"{""candidate_run_seed_rule"": ""42 + run_id"", ""locking_cv_seed"": 42, ""run_seed"": 46}",0.1.0,80675b3d4d3e2199c6d5b1ce523d5b3832110776e2fad928fa1555eeb80be603
AMP-AD,xgboost,mayo,high,legacy_zero_truncated,absolute,0.01,5,22,0.8334926188777114,,,,0.01899511303106749,0.022281978168220813,False,absolute_regret_exceeds_tolerance,False,{},,False,mean_jaccard > higher_locking_score > smaller_feature_count > lower_run_id,regret_constrained_medoid,absolute,0.01,0.01,1,macro_ovr_auroc,"{""candidate_run_seed_rule"": ""42 + run_id"", ""locking_cv_seed"": 42, ""run_seed"": 47}",0.1.0,80675b3d4d3e2199c6d5b1ce523d5b3832110776e2fad928fa1555eeb80be603
AMP-AD,xgboost,mayo,high,legacy_zero_truncated,absolute,0.02,1,27,0.8422361595044523,,,,0.010251572404326614,0.012025477928430284,True,absolute_regret_within_tolerance,False,"{""2"": 0.21951219512195122, ""3"": 0.15217391304347827, ""5"": 0.1951219512195122}",0.18893601979498054,True,mean_jaccard > higher_locking_score > smaller_feature_count > lower_run_id,regret_constrained_medoid,absolute,0.02,0.02,1,macro_ovr_auroc,"{""candidate_run_seed_rule"": ""42 + run_id"", ""locking_cv_seed"": 42, ""run_seed"": 43}",0.1.0,734e36a1e2a161f131d4990233d0d344c554195dfbfaa24b833950485ca54df8
AMP-AD,xgboost,mayo,high,legacy_zero_truncated,absolute,0.02,2,23,0.8357625074789707,,,,0.016725224429808172,0.019619313925326808,True,absolute_regret_within_tolerance,False,"{""1"": 0.21951219512195122, ""3"": 0.06521739130434782, ""5"": 0.18421052631578946}",0.1563133709140295,False,mean_jaccard > higher_locking_score > smaller_feature_count > lower_run_id,regret_constrained_medoid,absolute,0.02,0.02,1,macro_ovr_auroc,"{""candidate_run_seed_rule"": ""42 + run_id"", ""locking_cv_seed"": 42, ""run_seed"": 44}",0.1.0,734e36a1e2a161f131d4990233d0d344c554195dfbfaa24b833950485ca54df8
AMP-AD,xgboost,mayo,high,legacy_zero_truncated,absolute,0.02,3,26,0.8524877319087789,,,,0.0,0.0,True,absolute_regret_within_tolerance,False,"{""1"": 0.15217391304347827, ""2"": 0.06521739130434782, ""5"": 0.043478260869565216}",0.08695652173913045,False,mean_jaccard > higher_locking_score > smaller_feature_count > lower_run_id,regret_constrained_medoid,absolute,0.02,0.02,1,macro_ovr_auroc,"{""candidate_run_seed_rule"": ""42 + run_id"", ""locking_cv_seed"": 42, ""run_seed"": 45}",0.1.0,734e36a1e2a161f131d4990233d0d344c554195dfbfaa24b833950485ca54df8
AMP-AD,xgboost,mayo,high,legacy_zero_truncated,absolute,0.02,4,23,0.831249570072951,,,,0.02123816183582794,0.02491315832577934,False,absolute_regret_exceeds_tolerance,False,{},,False,mean_jaccard > higher_locking_score > smaller_feature_count > lower_run_id,regret_constrained_medoid,absolute,0.02,0.02,1,macro_ovr_auroc,"{""candidate_run_seed_rule"": ""42 + run_id"", ""locking_cv_seed"": 42, ""run_seed"": 46}",0.1.0,734e36a1e2a161f131d4990233d0d344c554195dfbfaa24b833950485ca54df8
AMP-AD,xgboost,mayo,high,legacy_zero_truncated,absolute,0.02,5,22,0.8334926188777114,,,,0.01899511303106749,0.022281978168220813,True,absolute_regret_within_tolerance,False,"{""1"": 0.1951219512195122, ""2"": 0.18421052631578946, ""3"": 0.043478260869565216}",0.14093691280162227,False,mean_jaccard > higher_locking_score > smaller_feature_count > lower_run_id,regret_constrained_medoid,absolute,0.02,0.02,1,macro_ovr_auroc,"{""candidate_run_seed_rule"": ""42 + run_id"", ""locking_cv_seed"": 42, ""run_seed"": 47}",0.1.0,734e36a1e2a161f131d4990233d0d344c554195dfbfaa24b833950485ca54df8
AMP-AD,xgboost,mayo,low,legacy_zero_truncated,absolute,0.0,1,24,0.8297291212315392,,,,0.032349929670367095,0.03752547940530817,False,absolute_regret_exceeds_tolerance,False,{},,False,mean_jaccard > higher_locking_score > smaller_feature_count > lower_run_id,regret_constrained_medoid,absolute,0.0,0.0,1,macro_ovr_auroc,"{""candidate_run_seed_rule"": ""42 + run_id"", ""locking_cv_seed"": 42, ""run_seed"": 43}",0.1.0,256fb84b77af8bf76e381cfa088194f3c4ac9d86f47245c4c5948b27368d84e4
AMP-AD,xgboost,mayo,low,legacy_zero_truncated,absolute,0.0,2,22,0.8620790509019063,,,,0.0,0.0,True,absolute_regret_within_tolerance,False,{},1.0,True,mean_jaccard > higher_locking_score > smaller_feature_count > lower_run_id,regret_constrained_medoid,absolute,0.0,0.0,1,macro_ovr_auroc,"{""candidate_run_seed_rule"": ""42 + run_id"", ""locking_cv_seed"": 42, ""run_seed"": 44}",0.1.0,256fb84b77af8bf76e381cfa088194f3c4ac9d86f47245c4c5948b27368d84e4
AMP-AD,xgboost,mayo,low,legacy_zero_truncated,absolute,0.0,3,19,0.8197907006202841,,,,0.042288350281622145,0.04905391244269318,False,absolute_regret_exceeds_tolerance,False,{},,False,mean_jaccard > higher_locking_score > smaller_feature_count > lower_run_id,regret_constrained_medoid,absolute,0.0,0.0,1,macro_ovr_auroc,"{""candidate_run_seed_rule"": ""42 + run_id"", ""locking_cv_seed"": 42, ""run_seed"": 45}",0.1.0,256fb84b77af8bf76e381cfa088194f3c4ac9d86f47245c4c5948b27368d84e4
AMP-AD,xgboost,mayo,low,legacy_zero_truncated,absolute,0.0,4,22,0.8517705406218863,,,,0.01030851028002,0.01195773203076359,False,absolute_regret_exceeds_tolerance,False,{},,False,mean_jaccard > higher_locking_score > smaller_feature_count > lower_run_id,regret_constrained_medoid,absolute,0.0,0.0,1,macro_ovr_auroc,"{""candidate_run_seed_rule"": ""42 + run_id"", ""locking_cv_seed"": 42, ""run_seed"": 46}",0.1.0,256fb84b77af8bf76e381cfa088194f3c4ac9d86f47245c4c5948b27368d84e4
AMP-AD,xgboost,mayo,low,legacy_zero_truncated,absolute,0.0,5,21,0.8164439823563037,,,,0.04563506854560262,0.05293606021148438,False,absolute_regret_exceeds_tolerance,False,{},,False,mean_jaccard > higher_locking_score > smaller_feature_count > lower_run_id,regret_constrained_medoid,absolute,0.0,0.0,1,macro_ovr_auroc,"{""candidate_run_seed_rule"": ""42 + run_id"", ""locking_cv_seed"": 42, ""run_seed"": 47}",0.1.0,256fb84b77af8bf76e381cfa088194f3c4ac9d86f47245c4c5948b27368d84e4
AMP-AD,xgboost,mayo,low,legacy_zero_truncated,absolute,0.005,1,24,0.8297291212315392,,,,0.032349929670367095,0.03752547940530817,False,absolute_regret_exceeds_tolerance,False,{},,False,mean_jaccard > higher_locking_score > smaller_feature_count > lower_run_id,regret_constrained_medoid,absolute,0.005,0.005,1,macro_ovr_auroc,"{""candidate_run_seed_rule"": ""42 + run_id"", ""locking_cv_seed"": 42, ""run_seed"": 43}",0.1.0,8f3bfa007c55f1fda622aca6e0b4d821cb1c8a24c3ac132911b739bcba48cf65
AMP-AD,xgboost,mayo,low,legacy_zero_truncated,absolute,0.005,2,22,0.8620790509019063,,,,0.0,0.0,True,absolute_regret_within_tolerance,False,{},1.0,True,mean_jaccard > higher_locking_score > smaller_feature_count > lower_run_id,regret_constrained_medoid,absolute,0.005,0.005,1,macro_ovr_auroc,"{""candidate_run_seed_rule"": ""42 + run_id"", ""locking_cv_seed"": 42, ""run_seed"": 44}",0.1.0,8f3bfa007c55f1fda622aca6e0b4d821cb1c8a24c3ac132911b739bcba48cf65
AMP-AD,xgboost,mayo,low,legacy_zero_truncated,absolute,0.005,3,19,0.8197907006202841,,,,0.042288350281622145,0.04905391244269318,False,absolute_regret_exceeds_tolerance,False,{},,False,mean_jaccard > higher_locking_score > smaller_feature_count > lower_run_id,regret_constrained_medoid,absolute,0.005,0.005,1,macro_ovr_auroc,"{""candidate_run_seed_rule"": ""42 + run_id"", ""locking_cv_seed"": 42, ""run_seed"": 45}",0.1.0,8f3bfa007c55f1fda622aca6e0b4d821cb1c8a24c3ac132911b739bcba48cf65
AMP-AD,xgboost,mayo,low,legacy_zero_truncated,absolute,0.005,4,22,0.8517705406218863,,,,0.01030851028002,0.01195773203076359,False,absolute_regret_exceeds_tolerance,False,{},,False,mean_jaccard > higher_locking_score > smaller_feature_count > lower_run_id,regret_constrained_medoid,absolute,0.005,0.005,1,macro_ovr_auroc,"{""candidate_run_seed_rule"": ""42 + run_id"", ""locking_cv_seed"": 42, ""run_seed"": 46}",0.1.0,8f3bfa007c55f1fda622aca6e0b4d821cb1c8a24c3ac132911b739bcba48cf65
AMP-AD,xgboost,mayo,low,legacy_zero_truncated,absolute,0.005,5,21,0.8164439823563037,,,,0.04563506854560262,0.05293606021148438,False,absolute_regret_exceeds_tolerance,False,{},,False,mean_jaccard > higher_locking_score > smaller_feature_count > lower_run_id,regret_constrained_medoid,absolute,0.005,0.005,1,macro_ovr_auroc,"{""candidate_run_seed_rule"": ""42 + run_id"", ""locking_cv_seed"": 42, ""run_seed"": 47}",0.1.0,8f3bfa007c55f1fda622aca6e0b4d821cb1c8a24c3ac132911b739bcba48cf65
AMP-AD,xgboost,mayo,low,legacy_zero_truncated,absolute,0.01,1,24,0.8297291212315392,,,,0.032349929670367095,0.03752547940530817,False,absolute_regret_exceeds_tolerance,False,{},,False,mean_jaccard > higher_locking_score > smaller_feature_count > lower_run_id,regret_constrained_medoid,absolute,0.01,0.01,1,macro_ovr_auroc,"{""candidate_run_seed_rule"": ""42 + run_id"", ""locking_cv_seed"": 42, ""run_seed"": 43}",0.1.0,80675b3d4d3e2199c6d5b1ce523d5b3832110776e2fad928fa1555eeb80be603
AMP-AD,xgboost,mayo,low,legacy_zero_truncated,absolute,0.01,2,22,0.8620790509019063,,,,0.0,0.0,True,absolute_regret_within_tolerance,False,{},1.0,True,mean_jaccard > higher_locking_score > smaller_feature_count > lower_run_id,regret_constrained_medoid,absolute,0.01,0.01,1,macro_ovr_auroc,"{""candidate_run_seed_rule"": ""42 + run_id"", ""locking_cv_seed"": 42, ""run_seed"": 44}",0.1.0,80675b3d4d3e2199c6d5b1ce523d5b3832110776e2fad928fa1555eeb80be603
AMP-AD,xgboost,mayo,low,legacy_zero_truncated,absolute,0.01,3,19,0.8197907006202841,,,,0.042288350281622145,0.04905391244269318,False,absolute_regret_exceeds_tolerance,False,{},,False,mean_jaccard > higher_locking_score > smaller_feature_count > lower_run_id,regret_constrained_medoid,absolute,0.01,0.01,1,macro_ovr_auroc,"{""candidate_run_seed_rule"": ""42 + run_id"", ""locking_cv_seed"": 42, ""run_seed"": 45}",0.1.0,80675b3d4d3e2199c6d5b1ce523d5b3832110776e2fad928fa1555eeb80be603
AMP-AD,xgboost,mayo,low,legacy_zero_truncated,absolute,0.01,4,22,0.8517705406218863,,,,0.01030851028002,0.01195773203076359,False,absolute_regret_exceeds_tolerance,False,{},,False,mean_jaccard > higher_locking_score > smaller_feature_count > lower_run_id,regret_constrained_medoid,absolute,0.01,0.01,1,macro_ovr_auroc,"{""candidate_run_seed_rule"": ""42 + run_id"", ""locking_cv_seed"": 42, ""run_seed"": 46}",0.1.0,80675b3d4d3e2199c6d5b1ce523d5b3832110776e2fad928fa1555eeb80be603
AMP-AD,xgboost,mayo,low,legacy_zero_truncated,absolute,0.01,5,21,0.8164439823563037,,,,0.04563506854560262,0.05293606021148438,False,absolute_regret_exceeds_tolerance,False,{},,False,mean_jaccard > higher_locking_score > smaller_feature_count > lower_run_id,regret_constrained_medoid,absolute,0.01,0.01,1,macro_ovr_auroc,"{""candidate_run_seed_rule"": ""42 + run_id"", ""locking_cv_seed"": 42, ""run_seed"": 47}",0.1.0,80675b3d4d3e2199c6d5b1ce523d5b3832110776e2fad928fa1555eeb80be603
AMP-AD,xgboost,mayo,low,legacy_zero_truncated,absolute,0.02,1,24,0.8297291212315392,,,,0.032349929670367095,0.03752547940530817,False,absolute_regret_exceeds_tolerance,False,{},,False,mean_jaccard > higher_locking_score > smaller_feature_count > lower_run_id,regret_constrained_medoid,absolute,0.02,0.02,1,macro_ovr_auroc,"{""candidate_run_seed_rule"": ""42 + run_id"", ""locking_cv_seed"": 42, ""run_seed"": 43}",0.1.0,734e36a1e2a161f131d4990233d0d344c554195dfbfaa24b833950485ca54df8
AMP-AD,xgboost,mayo,low,legacy_zero_truncated,absolute,0.02,2,22,0.8620790509019063,,,,0.0,0.0,True,absolute_regret_within_tolerance,False,"{""4"": 0.1891891891891892}",0.1891891891891892,True,mean_jaccard > higher_locking_score > smaller_feature_count > lower_run_id,regret_constrained_medoid,absolute,0.02,0.02,1,macro_ovr_auroc,"{""candidate_run_seed_rule"": ""42 + run_id"", ""locking_cv_seed"": 42, ""run_seed"": 44}",0.1.0,734e36a1e2a161f131d4990233d0d344c554195dfbfaa24b833950485ca54df8
AMP-AD,xgboost,mayo,low,legacy_zero_truncated,absolute,0.02,3,19,0.8197907006202841,,,,0.042288350281622145,0.04905391244269318,False,absolute_regret_exceeds_tolerance,False,{},,False,mean_jaccard > higher_locking_score > smaller_feature_count > lower_run_id,regret_constrained_medoid,absolute,0.02,0.02,1,macro_ovr_auroc,"{""candidate_run_seed_rule"": ""42 + run_id"", ""locking_cv_seed"": 42, ""run_seed"": 45}",0.1.0,734e36a1e2a161f131d4990233d0d344c554195dfbfaa24b833950485ca54df8
AMP-AD,xgboost,mayo,low,legacy_zero_truncated,absolute,0.02,4,22,0.8517705406218863,,,,0.01030851028002,0.01195773203076359,True,absolute_regret_within_tolerance,False,"{""2"": 0.1891891891891892}",0.1891891891891892,False,mean_jaccard > higher_locking_score > smaller_feature_count > lower_run_id,regret_constrained_medoid,absolute,0.02,0.02,1,macro_ovr_auroc,"{""candidate_run_seed_rule"": ""42 + run_id"", ""locking_cv_seed"": 42, ""run_seed"": 46}",0.1.0,734e36a1e2a161f131d4990233d0d344c554195dfbfaa24b833950485ca54df8
AMP-AD,xgboost,mayo,low,legacy_zero_truncated,absolute,0.02,5,21,0.8164439823563037,,,,0.04563506854560262,0.05293606021148438,False,absolute_regret_exceeds_tolerance,False,{},,False,mean_jaccard > higher_locking_score > smaller_feature_count > lower_run_id,regret_constrained_medoid,absolute,0.02,0.02,1,macro_ovr_auroc,"{""candidate_run_seed_rule"": ""42 + run_id"", ""locking_cv_seed"": 42, ""run_seed"": 47}",0.1.0,734e36a1e2a161f131d4990233d0d344c554195dfbfaa24b833950485ca54df8
AMP-AD,xgboost,mayo,reference,legacy_zero_truncated,absolute,0.0,1,25,0.8426673910497502,,,,0.0053144329271326285,0.00626715429136074,False,absolute_regret_exceeds_tolerance,False,{},,False,mean_jaccard > higher_locking_score > smaller_feature_count > lower_run_id,regret_constrained_medoid,absolute,0.0,0.0,1,macro_ovr_auroc,"{""candidate_run_seed_rule"": ""42 + run_id"", ""locking_cv_seed"": 42, ""run_seed"": 43}",0.1.0,256fb84b77af8bf76e381cfa088194f3c4ac9d86f47245c4c5948b27368d84e4
AMP-AD,xgboost,mayo,reference,legacy_zero_truncated,absolute,0.0,2,28,0.8266542084912564,,,,0.02132761548562645,0.025151029046358277,False,absolute_regret_exceeds_tolerance,False,{},,False,mean_jaccard > higher_locking_score > smaller_feature_count > lower_run_id,regret_constrained_medoid,absolute,0.0,0.0,1,macro_ovr_auroc,"{""candidate_run_seed_rule"": ""42 + run_id"", ""locking_cv_seed"": 42, ""run_seed"": 44}",0.1.0,256fb84b77af8bf76e381cfa088194f3c4ac9d86f47245c4c5948b27368d84e4
AMP-AD,xgboost,mayo,reference,legacy_zero_truncated,absolute,0.0,3,20,0.8268715220509796,,,,0.02111030192590324,0.024894757563198356,False,absolute_regret_exceeds_tolerance,False,{},,False,mean_jaccard > higher_locking_score > smaller_feature_count > lower_run_id,regret_constrained_medoid,absolute,0.0,0.0,1,macro_ovr_auroc,"{""candidate_run_seed_rule"": ""42 + run_id"", ""locking_cv_seed"": 42, ""run_seed"": 45}",0.1.0,256fb84b77af8bf76e381cfa088194f3c4ac9d86f47245c4c5948b27368d84e4
AMP-AD,xgboost,mayo,reference,legacy_zero_truncated,absolute,0.0,4,23,0.8133283729400214,,,,0.03465345103686146,0.0408657945925574,False,absolute_regret_exceeds_tolerance,False,{},,False,mean_jaccard > higher_locking_score > smaller_feature_count > lower_run_id,regret_constrained_medoid,absolute,0.0,0.0,1,macro_ovr_auroc,"{""candidate_run_seed_rule"": ""42 + run_id"", ""locking_cv_seed"": 42, ""run_seed"": 46}",0.1.0,256fb84b77af8bf76e381cfa088194f3c4ac9d86f47245c4c5948b27368d84e4
AMP-AD,xgboost,mayo,reference,legacy_zero_truncated,absolute,0.0,5,21,0.8479818239768828,,,,0.0,0.0,True,absolute_regret_within_tolerance,False,{},1.0,True,mean_jaccard > higher_locking_score > smaller_feature_count > lower_run_id,regret_constrained_medoid,absolute,0.0,0.0,1,macro_ovr_auroc,"{""candidate_run_seed_rule"": ""42 + run_id"", ""locking_cv_seed"": 42, ""run_seed"": 47}",0.1.0,256fb84b77af8bf76e381cfa088194f3c4ac9d86f47245c4c5948b27368d84e4
AMP-AD,xgboost,mayo,reference,legacy_zero_truncated,absolute,0.005,1,25,0.8426673910497502,,,,0.0053144329271326285,0.00626715429136074,False,absolute_regret_exceeds_tolerance,False,{},,False,mean_jaccard > higher_locking_score > smaller_feature_count > lower_run_id,regret_constrained_medoid,absolute,0.005,0.005,1,macro_ovr_auroc,"{""candidate_run_seed_rule"": ""42 + run_id"", ""locking_cv_seed"": 42, ""run_seed"": 43}",0.1.0,8f3bfa007c55f1fda622aca6e0b4d821cb1c8a24c3ac132911b739bcba48cf65
AMP-AD,xgboost,mayo,reference,legacy_zero_truncated,absolute,0.005,2,28,0.8266542084912564,,,,0.02132761548562645,0.025151029046358277,False,absolute_regret_exceeds_tolerance,False,{},,False,mean_jaccard > higher_locking_score > smaller_feature_count > lower_run_id,regret_constrained_medoid,absolute,0.005,0.005,1,macro_ovr_auroc,"{""candidate_run_seed_rule"": ""42 + run_id"", ""locking_cv_seed"": 42, ""run_seed"": 44}",0.1.0,8f3bfa007c55f1fda622aca6e0b4d821cb1c8a24c3ac132911b739bcba48cf65
AMP-AD,xgboost,mayo,reference,legacy_zero_truncated,absolute,0.005,3,20,0.8268715220509796,,,,0.02111030192590324,0.024894757563198356,False,absolute_regret_exceeds_tolerance,False,{},,False,mean_jaccard > higher_locking_score > smaller_feature_count > lower_run_id,regret_constrained_medoid,absolute,0.005,0.005,1,macro_ovr_auroc,"{""candidate_run_seed_rule"": ""42 + run_id"", ""locking_cv_seed"": 42, ""run_seed"": 45}",0.1.0,8f3bfa007c55f1fda622aca6e0b4d821cb1c8a24c3ac132911b739bcba48cf65
AMP-AD,xgboost,mayo,reference,legacy_zero_truncated,absolute,0.005,4,23,0.8133283729400214,,,,0.03465345103686146,0.0408657945925574,False,absolute_regret_exceeds_tolerance,False,{},,False,mean_jaccard > higher_locking_score > smaller_feature_count > lower_run_id,regret_constrained_medoid,absolute,0.005,0.005,1,macro_ovr_auroc,"{""candidate_run_seed_rule"": ""42 + run_id"", ""locking_cv_seed"": 42, ""run_seed"": 46}",0.1.0,8f3bfa007c55f1fda622aca6e0b4d821cb1c8a24c3ac132911b739bcba48cf65
AMP-AD,xgboost,mayo,reference,legacy_zero_truncated,absolute,0.005,5,21,0.8479818239768828,,,,0.0,0.0,True,absolute_regret_within_tolerance,False,{},1.0,True,mean_jaccard > higher_locking_score > smaller_feature_count > lower_run_id,regret_constrained_medoid,absolute,0.005,0.005,1,macro_ovr_auroc,"{""candidate_run_seed_rule"": ""42 + run_id"", ""locking_cv_seed"": 42, ""run_seed"": 47}",0.1.0,8f3bfa007c55f1fda622aca6e0b4d821cb1c8a24c3ac132911b739bcba48cf65
AMP-AD,xgboost,mayo,reference,legacy_zero_truncated,absolute,0.01,1,25,0.8426673910497502,,,,0.0053144329271326285,0.00626715429136074,True,absolute_regret_within_tolerance,False,"{""5"": 0.09523809523809523}",0.09523809523809523,False,mean_jaccard > higher_locking_score > smaller_feature_count > lower_run_id,regret_constrained_medoid,absolute,0.01,0.01,1,macro_ovr_auroc,"{""candidate_run_seed_rule"": ""42 + run_id"", ""locking_cv_seed"": 42, ""run_seed"": 43}",0.1.0,80675b3d4d3e2199c6d5b1ce523d5b3832110776e2fad928fa1555eeb80be603
AMP-AD,xgboost,mayo,reference,legacy_zero_truncated,absolute,0.01,2,28,0.8266542084912564,,,,0.02132761548562645,0.025151029046358277,False,absolute_regret_exceeds_tolerance,False,{},,False,mean_jaccard > higher_locking_score > smaller_feature_count > lower_run_id,regret_constrained_medoid,absolute,0.01,0.01,1,macro_ovr_auroc,"{""candidate_run_seed_rule"": ""42 + run_id"", ""locking_cv_seed"": 42, ""run_seed"": 44}",0.1.0,80675b3d4d3e2199c6d5b1ce523d5b3832110776e2fad928fa1555eeb80be603
AMP-AD,xgboost,mayo,reference,legacy_zero_truncated,absolute,0.01,3,20,0.8268715220509796,,,,0.02111030192590324,0.024894757563198356,False,absolute_regret_exceeds_tolerance,False,{},,False,mean_jaccard > higher_locking_score > smaller_feature_count > lower_run_id,regret_constrained_medoid,absolute,0.01,0.01,1,macro_ovr_auroc,"{""candidate_run_seed_rule"": ""42 + run_id"", ""locking_cv_seed"": 42, ""run_seed"": 45}",0.1.0,80675b3d4d3e2199c6d5b1ce523d5b3832110776e2fad928fa1555eeb80be603
AMP-AD,xgboost,mayo,reference,legacy_zero_truncated,absolute,0.01,4,23,0.8133283729400214,,,,0.03465345103686146,0.0408657945925574,False,absolute_regret_exceeds_tolerance,False,{},,False,mean_jaccard > higher_locking_score > smaller_feature_count > lower_run_id,regret_constrained_medoid,absolute,0.01,0.01,1,macro_ovr_auroc,"{""candidate_run_seed_rule"": ""42 + run_id"", ""locking_cv_seed"": 42, ""run_seed"": 46}",0.1.0,80675b3d4d3e2199c6d5b1ce523d5b3832110776e2fad928fa1555eeb80be603
AMP-AD,xgboost,mayo,reference,legacy_zero_truncated,absolute,0.01,5,21,0.8479818239768828,,,,0.0,0.0,True,absolute_regret_within_tolerance,False,"{""1"": 0.09523809523809523}",0.09523809523809523,True,mean_jaccard > higher_locking_score > smaller_feature_count > lower_run_id,regret_constrained_medoid,absolute,0.01,0.01,1,macro_ovr_auroc,"{""candidate_run_seed_rule"": ""42 + run_id"", ""locking_cv_seed"": 42, ""run_seed"": 47}",0.1.0,80675b3d4d3e2199c6d5b1ce523d5b3832110776e2fad928fa1555eeb80be603
AMP-AD,xgboost,mayo,reference,legacy_zero_truncated,absolute,0.02,1,25,0.8426673910497502,,,,0.0053144329271326285,0.00626715429136074,True,absolute_regret_within_tolerance,False,"{""5"": 0.09523809523809523}",0.09523809523809523,False,mean_jaccard > higher_locking_score > smaller_feature_count > lower_run_id,regret_constrained_medoid,absolute,0.02,0.02,1,macro_ovr_auroc,"{""candidate_run_seed_rule"": ""42 + run_id"", ""locking_cv_seed"": 42, ""run_seed"": 43}",0.1.0,734e36a1e2a161f131d4990233d0d344c554195dfbfaa24b833950485ca54df8
AMP-AD,xgboost,mayo,reference,legacy_zero_truncated,absolute,0.02,2,28,0.8266542084912564,,,,0.02132761548562645,0.025151029046358277,False,absolute_regret_exceeds_tolerance,False,{},,False,mean_jaccard > higher_locking_score > smaller_feature_count > lower_run_id,regret_constrained_medoid,absolute,0.02,0.02,1,macro_ovr_auroc,"{""candidate_run_seed_rule"": ""42 + run_id"", ""locking_cv_seed"": 42, ""run_seed"": 44}",0.1.0,734e36a1e2a161f131d4990233d0d344c554195dfbfaa24b833950485ca54df8
AMP-AD,xgboost,mayo,reference,legacy_zero_truncated,absolute,0.02,3,20,0.8268715220509796,,,,0.02111030192590324,0.024894757563198356,False,absolute_regret_exceeds_tolerance,False,{},,False,mean_jaccard > higher_locking_score > smaller_feature_count > lower_run_id,regret_constrained_medoid,absolute,0.02,0.02,1,macro_ovr_auroc,"{""candidate_run_seed_rule"": ""42 + run_id"", ""locking_cv_seed"": 42, ""run_seed"": 45}",0.1.0,734e36a1e2a161f131d4990233d0d344c554195dfbfaa24b833950485ca54df8
AMP-AD,xgboost,mayo,reference,legacy_zero_truncated,absolute,0.02,4,23,0.8133283729400214,,,,0.03465345103686146,0.0408657945925574,False,absolute_regret_exceeds_tolerance,False,{},,False,mean_jaccard > higher_locking_score > smaller_feature_count > lower_run_id,regret_constrained_medoid,absolute,0.02,0.02,1,macro_ovr_auroc,"{""candidate_run_seed_rule"": ""42 + run_id"", ""locking_cv_seed"": 42, ""run_seed"": 46}",0.1.0,734e36a1e2a161f131d4990233d0d344c554195dfbfaa24b833950485ca54df8
AMP-AD,xgboost,mayo,reference,legacy_zero_truncated,absolute,0.02,5,21,0.8479818239768828,,,,0.0,0.0,True,absolute_regret_within_tolerance,False,"{""1"": 0.09523809523809523}",0.09523809523809523,True,mean_jaccard > higher_locking_score > smaller_feature_count > lower_run_id,regret_constrained_medoid,absolute,0.02,0.02,1,macro_ovr_auroc,"{""candidate_run_seed_rule"": ""42 + run_id"", ""locking_cv_seed"": 42, ""run_seed"": 47}",0.1.0,734e36a1e2a161f131d4990233d0d344c554195dfbfaa24b833950485ca54df8
AMP-AD,xgboost,mount_sinai,high,legacy_zero_truncated,absolute,0.0,1,34,0.8706924967595201,,,,0.0,0.0,True,absolute_regret_within_tolerance,False,{},1.0,True,mean_jaccard > higher_locking_score > smaller_feature_count > lower_run_id,regret_constrained_medoid,absolute,0.0,0.0,1,macro_ovr_auroc,"{""candidate_run_seed_rule"": ""42 + run_id"", ""locking_cv_seed"": 42, ""run_seed"": 43}",0.1.0,256fb84b77af8bf76e381cfa088194f3c4ac9d86f47245c4c5948b27368d84e4
AMP-AD,xgboost,mount_sinai,high,legacy_zero_truncated,absolute,0.0,2,34,0.864186876832141,,,,0.0065056199273790805,0.007471776719784795,False,absolute_regret_exceeds_tolerance,False,{},,False,mean_jaccard > higher_locking_score > smaller_feature_count > lower_run_id,regret_constrained_medoid,absolute,0.0,0.0,1,macro_ovr_auroc,"{""candidate_run_seed_rule"": ""42 + run_id"", ""locking_cv_seed"": 42, ""run_seed"": 44}",0.1.0,256fb84b77af8bf76e381cfa088194f3c4ac9d86f47245c4c5948b27368d84e4
AMP-AD,xgboost,mount_sinai,high,legacy_zero_truncated,absolute,0.0,3,34,0.8628646133300732,,,,0.007827883429446847,0.008990411033263859,False,absolute_regret_exceeds_tolerance,False,{},,False,mean_jaccard > higher_locking_score > smaller_feature_count > lower_run_id,regret_constrained_medoid,absolute,0.0,0.0,1,macro_ovr_auroc,"{""candidate_run_seed_rule"": ""42 + run_id"", ""locking_cv_seed"": 42, ""run_seed"": 45}",0.1.0,256fb84b77af8bf76e381cfa088194f3c4ac9d86f47245c4c5948b27368d84e4
AMP-AD,xgboost,mount_sinai,high,legacy_zero_truncated,absolute,0.0,4,34,0.8666303130806611,,,,0.0040621836788590215,0.00466546305840163,False,absolute_regret_exceeds_tolerance,False,{},,False,mean_jaccard > higher_locking_score > smaller_feature_count > lower_run_id,regret_constrained_medoid,absolute,0.0,0.0,1,macro_ovr_auroc,"{""candidate_run_seed_rule"": ""42 + run_id"", ""locking_cv_seed"": 42, ""run_seed"": 46}",0.1.0,256fb84b77af8bf76e381cfa088194f3c4ac9d86f47245c4c5948b27368d84e4
AMP-AD,xgboost,mount_sinai,high,legacy_zero_truncated,absolute,0.0,5,34,0.8579492178984369,,,,0.012743278861083174,0.014635797263109743,False,absolute_regret_exceeds_tolerance,False,{},,False,mean_jaccard > higher_locking_score > smaller_feature_count > lower_run_id,regret_constrained_medoid,absolute,0.0,0.0,1,macro_ovr_auroc,"{""candidate_run_seed_rule"": ""42 + run_id"", ""locking_cv_seed"": 42, ""run_seed"": 47}",0.1.0,256fb84b77af8bf76e381cfa088194f3c4ac9d86f47245c4c5948b27368d84e4
AMP-AD,xgboost,mount_sinai,high,legacy_zero_truncated,absolute,0.005,1,34,0.8706924967595201,,,,0.0,0.0,True,absolute_regret_within_tolerance,False,"{""4"": 0.25925925925925924}",0.25925925925925924,True,mean_jaccard > higher_locking_score > smaller_feature_count > lower_run_id,regret_constrained_medoid,absolute,0.005,0.005,1,macro_ovr_auroc,"{""candidate_run_seed_rule"": ""42 + run_id"", ""locking_cv_seed"": 42, ""run_seed"": 43}",0.1.0,8f3bfa007c55f1fda622aca6e0b4d821cb1c8a24c3ac132911b739bcba48cf65
AMP-AD,xgboost,mount_sinai,high,legacy_zero_truncated,absolute,0.005,2,34,0.864186876832141,,,,0.0065056199273790805,0.007471776719784795,False,absolute_regret_exceeds_tolerance,False,{},,False,mean_jaccard > higher_locking_score > smaller_feature_count > lower_run_id,regret_constrained_medoid,absolute,0.005,0.005,1,macro_ovr_auroc,"{""candidate_run_seed_rule"": ""42 + run_id"", ""locking_cv_seed"": 42, ""run_seed"": 44}",0.1.0,8f3bfa007c55f1fda622aca6e0b4d821cb1c8a24c3ac132911b739bcba48cf65
AMP-AD,xgboost,mount_sinai,high,legacy_zero_truncated,absolute,0.005,3,34,0.8628646133300732,,,,0.007827883429446847,0.008990411033263859,False,absolute_regret_exceeds_tolerance,False,{},,False,mean_jaccard > higher_locking_score > smaller_feature_count > lower_run_id,regret_constrained_medoid,absolute,0.005,0.005,1,macro_ovr_auroc,"{""candidate_run_seed_rule"": ""42 + run_id"", ""locking_cv_seed"": 42, ""run_seed"": 45}",0.1.0,8f3bfa007c55f1fda622aca6e0b4d821cb1c8a24c3ac132911b739bcba48cf65
AMP-AD,xgboost,mount_sinai,high,legacy_zero_truncated,absolute,0.005,4,34,0.8666303130806611,,,,0.0040621836788590215,0.00466546305840163,True,absolute_regret_within_tolerance,False,"{""1"": 0.25925925925925924}",0.25925925925925924,False,mean_jaccard > higher_locking_score > smaller_feature_count > lower_run_id,regret_constrained_medoid,absolute,0.005,0.005,1,macro_ovr_auroc,"{""candidate_run_seed_rule"": ""42 + run_id"", ""locking_cv_seed"": 42, ""run_seed"": 46}",0.1.0,8f3bfa007c55f1fda622aca6e0b4d821cb1c8a24c3ac132911b739bcba48cf65
AMP-AD,xgboost,mount_sinai,high,legacy_zero_truncated,absolute,0.005,5,34,0.8579492178984369,,,,0.012743278861083174,0.014635797263109743,False,absolute_regret_exceeds_tolerance,False,{},,False,mean_jaccard > higher_locking_score > smaller_feature_count > lower_run_id,regret_constrained_medoid,absolute,0.005,0.005,1,macro_ovr_auroc,"{""candidate_run_seed_rule"": ""42 + run_id"", ""locking_cv_seed"": 42, ""run_seed"": 47}",0.1.0,8f3bfa007c55f1fda622aca6e0b4d821cb1c8a24c3ac132911b739bcba48cf65
AMP-AD,xgboost,mount_sinai,high,legacy_zero_truncated,absolute,0.01,1,34,0.8706924967595201,,,,0.0,0.0,True,absolute_regret_within_tolerance,False,"{""2"": 0.11475409836065574, ""3"": 0.19298245614035087, ""4"": 0.25925925925925924}",0.1889986045867553,False,mean_jaccard > higher_locking_score > smaller_feature_count > lower_run_id,regret_constrained_medoid,absolute,0.01,0.01,1,macro_ovr_auroc,"{""candidate_run_seed_rule"": ""42 + run_id"", ""locking_cv_seed"": 42, ""run_seed"": 43}",0.1.0,80675b3d4d3e2199c6d5b1ce523d5b3832110776e2fad928fa1555eeb80be603
AMP-AD,xgboost,mount_sinai,high,legacy_zero_truncated,absolute,0.01,2,34,0.864186876832141,,,,0.0065056199273790805,0.007471776719784795,True,absolute_regret_within_tolerance,False,"{""1"": 0.11475409836065574, ""3"": 0.23636363636363636, ""4"": 0.23636363636363636}",0.19582712369597613,False,mean_jaccard > higher_locking_score > smaller_feature_count > lower_run_id,regret_constrained_medoid,absolute,0.01,0.01,1,macro_ovr_auroc,"{""candidate_run_seed_rule"": ""42 + run_id"", ""locking_cv_seed"": 42, ""run_seed"": 44}",0.1.0,80675b3d4d3e2199c6d5b1ce523d5b3832110776e2fad928fa1555eeb80be603
AMP-AD,xgboost,mount_sinai,high,legacy_zero_truncated,absolute,0.01,3,34,0.8628646133300732,,,,0.007827883429446847,0.008990411033263859,True,absolute_regret_within_tolerance,False,"{""1"": 0.19298245614035087, ""2"": 0.23636363636363636, ""4"": 0.3333333333333333}",0.25422647527910686,False,mean_jaccard > higher_locking_score > smaller_feature_count > lower_run_id,regret_constrained_medoid,absolute,0.01,0.01,1,macro_ovr_auroc,"{""candidate_run_seed_rule"": ""42 + run_id"", ""locking_cv_seed"": 42, ""run_seed"": 45}",0.1.0,80675b3d4d3e2199c6d5b1ce523d5b3832110776e2fad928fa1555eeb80be603
AMP-AD,xgboost,mount_sinai,high,legacy_zero_truncated,absolute,0.01,4,34,0.8666303130806611,,,,0.0040621836788590215,0.00466546305840163,True,absolute_regret_within_tolerance,False,"{""1"": 0.25925925925925924, ""2"": 0.23636363636363636, ""3"": 0.3333333333333333}",0.27631874298540965,True,mean_jaccard > higher_locking_score > smaller_feature_count > lower_run_id,regret_constrained_medoid,absolute,0.01,0.01,1,macro_ovr_auroc,"{""candidate_run_seed_rule"": ""42 + run_id"", ""locking_cv_seed"": 42, ""run_seed"": 46}",0.1.0,80675b3d4d3e2199c6d5b1ce523d5b3832110776e2fad928fa1555eeb80be603
AMP-AD,xgboost,mount_sinai,high,legacy_zero_truncated,absolute,0.01,5,34,0.8579492178984369,,,,0.012743278861083174,0.014635797263109743,False,absolute_regret_exceeds_tolerance,False,{},,False,mean_jaccard > higher_locking_score > smaller_feature_count > lower_run_id,regret_constrained_medoid,absolute,0.01,0.01,1,macro_ovr_auroc,"{""candidate_run_seed_rule"": ""42 + run_id"", ""locking_cv_seed"": 42, ""run_seed"": 47}",0.1.0,80675b3d4d3e2199c6d5b1ce523d5b3832110776e2fad928fa1555eeb80be603
AMP-AD,xgboost,mount_sinai,high,legacy_zero_truncated,absolute,0.02,1,34,0.8706924967595201,,,,0.0,0.0,True,absolute_regret_within_tolerance,False,"{""2"": 0.11475409836065574, ""3"": 0.19298245614035087, ""4"": 0.25925925925925924, ""5"": 0.21428571428571427}",0.19532038201149504,False,mean_jaccard > higher_locking_score > smaller_feature_count > lower_run_id,regret_constrained_medoid,absolute,0.02,0.02,1,macro_ovr_auroc,"{""candidate_run_seed_rule"": ""42 + run_id"", ""locking_cv_seed"": 42, ""run_seed"": 43}",0.1.0,734e36a1e2a161f131d4990233d0d344c554195dfbfaa24b833950485ca54df8
AMP-AD,xgboost,mount_sinai,high,legacy_zero_truncated,absolute,0.02,2,34,0.864186876832141,,,,0.0065056199273790805,0.007471776719784795,True,absolute_regret_within_tolerance,False,"{""1"": 0.11475409836065574, ""3"": 0.23636363636363636, ""4"": 0.23636363636363636, ""5"": 0.19298245614035087}",0.19511595680706983,False,mean_jaccard > higher_locking_score > smaller_feature_count > lower_run_id,regret_constrained_medoid,absolute,0.02,0.02,1,macro_ovr_auroc,"{""candidate_run_seed_rule"": ""42 + run_id"", ""locking_cv_seed"": 42, ""run_seed"": 44}",0.1.0,734e36a1e2a161f131d4990233d0d344c554195dfbfaa24b833950485ca54df8
AMP-AD,xgboost,mount_sinai,high,legacy_zero_truncated,absolute,0.02,3,34,0.8628646133300732,,,,0.007827883429446847,0.008990411033263859,True,absolute_regret_within_tolerance,False,"{""1"": 0.19298245614035087, ""2"": 0.23636363636363636, ""4"": 0.3333333333333333, ""5"": 0.23636363636363636}",0.24976076555023924,False,mean_jaccard > higher_locking_score > smaller_feature_count > lower_run_id,regret_constrained_medoid,absolute,0.02,0.02,1,macro_ovr_auroc,"{""candidate_run_seed_rule"": ""42 + run_id"", ""locking_cv_seed"": 42, ""run_seed"": 45}",0.1.0,734e36a1e2a161f131d4990233d0d344c554195dfbfaa24b833950485ca54df8
AMP-AD,xgboost,mount_sinai,high,legacy_zero_truncated,absolute,0.02,4,34,0.8666303130806611,,,,0.0040621836788590215,0.00466546305840163,True,absolute_regret_within_tolerance,False,"{""1"": 0.25925925925925924, ""2"": 0.23636363636363636, ""3"": 0.3333333333333333, ""5"": 0.1724137931034483}",0.2503425055149193,True,mean_jaccard > higher_locking_score > smaller_feature_count > lower_run_id,regret_constrained_medoid,absolute,0.02,0.02,1,macro_ovr_auroc,"{""candidate_run_seed_rule"": ""42 + run_id"", ""locking_cv_seed"": 42, ""run_seed"": 46}",0.1.0,734e36a1e2a161f131d4990233d0d344c554195dfbfaa24b833950485ca54df8
AMP-AD,xgboost,mount_sinai,high,legacy_zero_truncated,absolute,0.02,5,34,0.8579492178984369,,,,0.012743278861083174,0.014635797263109743,True,absolute_regret_within_tolerance,False,"{""1"": 0.21428571428571427, ""2"": 0.19298245614035087, ""3"": 0.23636363636363636, ""4"": 0.1724137931034483}",0.20401139997328743,False,mean_jaccard > higher_locking_score > smaller_feature_count > lower_run_id,regret_constrained_medoid,absolute,0.02,0.02,1,macro_ovr_auroc,"{""candidate_run_seed_rule"": ""42 + run_id"", ""locking_cv_seed"": 42, ""run_seed"": 47}",0.1.0,734e36a1e2a161f131d4990233d0d344c554195dfbfaa24b833950485ca54df8
AMP-AD,xgboost,mount_sinai,low,legacy_zero_truncated,absolute,0.0,1,17,0.8347203613618879,,,,0.026590308465099355,0.030871913464674237,False,absolute_regret_exceeds_tolerance,False,{},,False,mean_jaccard > higher_locking_score > smaller_feature_count > lower_run_id,regret_constrained_medoid,absolute,0.0,0.0,1,macro_ovr_auroc,"{""candidate_run_seed_rule"": ""42 + run_id"", ""locking_cv_seed"": 42, ""run_seed"": 43}",0.1.0,256fb84b77af8bf76e381cfa088194f3c4ac9d86f47245c4c5948b27368d84e4
AMP-AD,xgboost,mount_sinai,low,legacy_zero_truncated,absolute,0.0,2,20,0.8613106698269872,,,,0.0,0.0,True,absolute_regret_within_tolerance,False,{},1.0,True,mean_jaccard > higher_locking_score > smaller_feature_count > lower_run_id,regret_constrained_medoid,absolute,0.0,0.0,1,macro_ovr_auroc,"{""candidate_run_seed_rule"": ""42 + run_id"", ""locking_cv_seed"": 42, ""run_seed"": 44}",0.1.0,256fb84b77af8bf76e381cfa088194f3c4ac9d86f47245c4c5948b27368d84e4
AMP-AD,xgboost,mount_sinai,low,legacy_zero_truncated,absolute,0.0,3,20,0.8497635378852753,,,,0.011547131941711974,0.013406465687963049,False,absolute_regret_exceeds_tolerance,False,{},,False,mean_jaccard > higher_locking_score > smaller_feature_count > lower_run_id,regret_constrained_medoid,absolute,0.0,0.0,1,macro_ovr_auroc,"{""candidate_run_seed_rule"": ""42 + run_id"", ""locking_cv_seed"": 42, ""run_seed"": 45}",0.1.0,256fb84b77af8bf76e381cfa088194f3c4ac9d86f47245c4c5948b27368d84e4
AMP-AD,xgboost,mount_sinai,low,legacy_zero_truncated,absolute,0.0,4,19,0.8553900542002568,,,,0.005920615626730408,0.006873960620875265,False,absolute_regret_exceeds_tolerance,False,{},,False,mean_jaccard > higher_locking_score > smaller_feature_count > lower_run_id,regret_constrained_medoid,absolute,0.0,0.0,1,macro_ovr_auroc,"{""candidate_run_seed_rule"": ""42 + run_id"", ""locking_cv_seed"": 42, ""run_seed"": 46}",0.1.0,256fb84b77af8bf76e381cfa088194f3c4ac9d86f47245c4c5948b27368d84e4
AMP-AD,xgboost,mount_sinai,low,legacy_zero_truncated,absolute,0.0,5,20,0.8471216303451952,,,,0.014189039481792065,0.01647377651160671,False,absolute_regret_exceeds_tolerance,False,{},,False,mean_jaccard > higher_locking_score > smaller_feature_count > lower_run_id,regret_constrained_medoid,absolute,0.0,0.0,1,macro_ovr_auroc,"{""candidate_run_seed_rule"": ""42 + run_id"", ""locking_cv_seed"": 42, ""run_seed"": 47}",0.1.0,256fb84b77af8bf76e381cfa088194f3c4ac9d86f47245c4c5948b27368d84e4
AMP-AD,xgboost,mount_sinai,low,legacy_zero_truncated,absolute,0.005,1,17,0.8347203613618879,,,,0.026590308465099355,0.030871913464674237,False,absolute_regret_exceeds_tolerance,False,{},,False,mean_jaccard > higher_locking_score > smaller_feature_count > lower_run_id,regret_constrained_medoid,absolute,0.005,0.005,1,macro_ovr_auroc,"{""candidate_run_seed_rule"": ""42 + run_id"", ""locking_cv_seed"": 42, ""run_seed"": 43}",0.1.0,8f3bfa007c55f1fda622aca6e0b4d821cb1c8a24c3ac132911b739bcba48cf65
AMP-AD,xgboost,mount_sinai,low,legacy_zero_truncated,absolute,0.005,2,20,0.8613106698269872,,,,0.0,0.0,True,absolute_regret_within_tolerance,False,{},1.0,True,mean_jaccard > higher_locking_score > smaller_feature_count > lower_run_id,regret_constrained_medoid,absolute,0.005,0.005,1,macro_ovr_auroc,"{""candidate_run_seed_rule"": ""42 + run_id"", ""locking_cv_seed"": 42, ""run_seed"": 44}",0.1.0,8f3bfa007c55f1fda622aca6e0b4d821cb1c8a24c3ac132911b739bcba48cf65
AMP-AD,xgboost,mount_sinai,low,legacy_zero_truncated,absolute,0.005,3,20,0.8497635378852753,,,,0.011547131941711974,0.013406465687963049,False,absolute_regret_exceeds_tolerance,False,{},,False,mean_jaccard > higher_locking_score > smaller_feature_count > lower_run_id,regret_constrained_medoid,absolute,0.005,0.005,1,macro_ovr_auroc,"{""candidate_run_seed_rule"": ""42 + run_id"", ""locking_cv_seed"": 42, ""run_seed"": 45}",0.1.0,8f3bfa007c55f1fda622aca6e0b4d821cb1c8a24c3ac132911b739bcba48cf65
AMP-AD,xgboost,mount_sinai,low,legacy_zero_truncated,absolute,0.005,4,19,0.8553900542002568,,,,0.005920615626730408,0.006873960620875265,False,absolute_regret_exceeds_tolerance,False,{},,False,mean_jaccard > higher_locking_score > smaller_feature_count > lower_run_id,regret_constrained_medoid,absolute,0.005,0.005,1,macro_ovr_auroc,"{""candidate_run_seed_rule"": ""42 + run_id"", ""locking_cv_seed"": 42, ""run_seed"": 46}",0.1.0,8f3bfa007c55f1fda622aca6e0b4d821cb1c8a24c3ac132911b739bcba48cf65
AMP-AD,xgboost,mount_sinai,low,legacy_zero_truncated,absolute,0.005,5,20,0.8471216303451952,,,,0.014189039481792065,0.01647377651160671,False,absolute_regret_exceeds_tolerance,False,{},,False,mean_jaccard > higher_locking_score > smaller_feature_count > lower_run_id,regret_constrained_medoid,absolute,0.005,0.005,1,macro_ovr_auroc,"{""candidate_run_seed_rule"": ""42 + run_id"", ""locking_cv_seed"": 42, ""run_seed"": 47}",0.1.0,8f3bfa007c55f1fda622aca6e0b4d821cb1c8a24c3ac132911b739bcba48cf65
AMP-AD,xgboost,mount_sinai,low,legacy_zero_truncated,absolute,0.01,1,17,0.8347203613618879,,,,0.026590308465099355,0.030871913464674237,False,absolute_regret_exceeds_tolerance,False,{},,False,mean_jaccard > higher_locking_score > smaller_feature_count > lower_run_id,regret_constrained_medoid,absolute,0.01,0.01,1,macro_ovr_auroc,"{""candidate_run_seed_rule"": ""42 + run_id"", ""locking_cv_seed"": 42, ""run_seed"": 43}",0.1.0,80675b3d4d3e2199c6d5b1ce523d5b3832110776e2fad928fa1555eeb80be603
AMP-AD,xgboost,mount_sinai,low,legacy_zero_truncated,absolute,0.01,2,20,0.8613106698269872,,,,0.0,0.0,True,absolute_regret_within_tolerance,False,"{""4"": 0.18181818181818182}",0.18181818181818182,True,mean_jaccard > higher_locking_score > smaller_feature_count > lower_run_id,regret_constrained_medoid,absolute,0.01,0.01,1,macro_ovr_auroc,"{""candidate_run_seed_rule"": ""42 + run_id"", ""locking_cv_seed"": 42, ""run_seed"": 44}",0.1.0,80675b3d4d3e2199c6d5b1ce523d5b3832110776e2fad928fa1555eeb80be603
AMP-AD,xgboost,mount_sinai,low,legacy_zero_truncated,absolute,0.01,3,20,0.8497635378852753,,,,0.011547131941711974,0.013406465687963049,False,absolute_regret_exceeds_tolerance,False,{},,False,mean_jaccard > higher_locking_score > smaller_feature_count > lower_run_id,regret_constrained_medoid,absolute,0.01,0.01,1,macro_ovr_auroc,"{""candidate_run_seed_rule"": ""42 + run_id"", ""locking_cv_seed"": 42, ""run_seed"": 45}",0.1.0,80675b3d4d3e2199c6d5b1ce523d5b3832110776e2fad928fa1555eeb80be603
AMP-AD,xgboost,mount_sinai,low,legacy_zero_truncated,absolute,0.01,4,19,0.8553900542002568,,,,0.005920615626730408,0.006873960620875265,True,absolute_regret_within_tolerance,False,"{""2"": 0.18181818181818182}",0.18181818181818182,False,mean_jaccard > higher_locking_score > smaller_feature_count > lower_run_id,regret_constrained_medoid,absolute,0.01,0.01,1,macro_ovr_auroc,"{""candidate_run_seed_rule"": ""42 + run_id"", ""locking_cv_seed"": 42, ""run_seed"": 46}",0.1.0,80675b3d4d3e2199c6d5b1ce523d5b3832110776e2fad928fa1555eeb80be603
AMP-AD,xgboost,mount_sinai,low,legacy_zero_truncated,absolute,0.01,5,20,0.8471216303451952,,,,0.014189039481792065,0.01647377651160671,False,absolute_regret_exceeds_tolerance,False,{},,False,mean_jaccard > higher_locking_score > smaller_feature_count > lower_run_id,regret_constrained_medoid,absolute,0.01,0.01,1,macro_ovr_auroc,"{""candidate_run_seed_rule"": ""42 + run_id"", ""locking_cv_seed"": 42, ""run_seed"": 47}",0.1.0,80675b3d4d3e2199c6d5b1ce523d5b3832110776e2fad928fa1555eeb80be603
AMP-AD,xgboost,mount_sinai,low,legacy_zero_truncated,absolute,0.02,1,17,0.8347203613618879,,,,0.026590308465099355,0.030871913464674237,False,absolute_regret_exceeds_tolerance,False,{},,False,mean_jaccard > higher_locking_score > smaller_feature_count > lower_run_id,regret_constrained_medoid,absolute,0.02,0.02,1,macro_ovr_auroc,"{""candidate_run_seed_rule"": ""42 + run_id"", ""locking_cv_seed"": 42, ""run_seed"": 43}",0.1.0,734e36a1e2a161f131d4990233d0d344c554195dfbfaa24b833950485ca54df8
AMP-AD,xgboost,mount_sinai,low,legacy_zero_truncated,absolute,0.02,2,20,0.8613106698269872,,,,0.0,0.0,True,absolute_regret_within_tolerance,False,"{""3"": 0.2903225806451613, ""4"": 0.18181818181818182, ""5"": 0.05263157894736842}",0.1749241138035705,True,mean_jaccard > higher_locking_score > smaller_feature_count > lower_run_id,regret_constrained_medoid,absolute,0.02,0.02,1,macro_ovr_auroc,"{""candidate_run_seed_rule"": ""42 + run_id"", ""locking_cv_seed"": 42, ""run_seed"": 44}",0.1.0,734e36a1e2a161f131d4990233d0d344c554195dfbfaa24b833950485ca54df8
AMP-AD,xgboost,mount_sinai,low,legacy_zero_truncated,absolute,0.02,3,20,0.8497635378852753,,,,0.011547131941711974,0.013406465687963049,True,absolute_regret_within_tolerance,False,"{""2"": 0.2903225806451613, ""4"": 0.14705882352941177, ""5"": 0.08108108108108109}",0.17282082841855137,False,mean_jaccard > higher_locking_score > smaller_feature_count > lower_run_id,regret_constrained_medoid,absolute,0.02,0.02,1,macro_ovr_auroc,"{""candidate_run_seed_rule"": ""42 + run_id"", ""locking_cv_seed"": 42, ""run_seed"": 45}",0.1.0,734e36a1e2a161f131d4990233d0d344c554195dfbfaa24b833950485ca54df8
AMP-AD,xgboost,mount_sinai,low,legacy_zero_truncated,absolute,0.02,4,19,0.8553900542002568,,,,0.005920615626730408,0.006873960620875265,True,absolute_regret_within_tolerance,False,"{""2"": 0.18181818181818182, ""3"": 0.14705882352941177, ""5"": 0.08333333333333333}",0.13740344622697562,False,mean_jaccard > higher_locking_score > smaller_feature_count > lower_run_id,regret_constrained_medoid,absolute,0.02,0.02,1,macro_ovr_auroc,"{""candidate_run_seed_rule"": ""42 + run_id"", ""locking_cv_seed"": 42, ""run_seed"": 46}",0.1.0,734e36a1e2a161f131d4990233d0d344c554195dfbfaa24b833950485ca54df8
AMP-AD,xgboost,mount_sinai,low,legacy_zero_truncated,absolute,0.02,5,20,0.8471216303451952,,,,0.014189039481792065,0.01647377651160671,True,absolute_regret_within_tolerance,False,"{""2"": 0.05263157894736842, ""3"": 0.08108108108108109, ""4"": 0.08333333333333333}",0.07234866445392761,False,mean_jaccard > higher_locking_score > smaller_feature_count > lower_run_id,regret_constrained_medoid,absolute,0.02,0.02,1,macro_ovr_auroc,"{""candidate_run_seed_rule"": ""42 + run_id"", ""locking_cv_seed"": 42, ""run_seed"": 47}",0.1.0,734e36a1e2a161f131d4990233d0d344c554195dfbfaa24b833950485ca54df8
AMP-AD,xgboost,mount_sinai,reference,legacy_zero_truncated,absolute,0.0,1,23,0.8563246912825093,,,,0.007016890063145431,0.00812759423936062,False,absolute_regret_exceeds_tolerance,False,{},,False,mean_jaccard > higher_locking_score > smaller_feature_count > lower_run_id,regret_constrained_medoid,absolute,0.0,0.0,1,macro_ovr_auroc,"{""candidate_run_seed_rule"": ""42 + run_id"", ""locking_cv_seed"": 42, ""run_seed"": 43}",0.1.0,256fb84b77af8bf76e381cfa088194f3c4ac9d86f47245c4c5948b27368d84e4
AMP-AD,xgboost,mount_sinai,reference,legacy_zero_truncated,absolute,0.0,2,25,0.8629695054912657,,,,0.00037207585438903124,0.0004309717757473143,False,absolute_regret_exceeds_tolerance,False,{},,False,mean_jaccard > higher_locking_score > smaller_feature_count > lower_run_id,regret_constrained_medoid,absolute,0.0,0.0,1,macro_ovr_auroc,"{""candidate_run_seed_rule"": ""42 + run_id"", ""locking_cv_seed"": 42, ""run_seed"": 44}",0.1.0,256fb84b77af8bf76e381cfa088194f3c4ac9d86f47245c4c5948b27368d84e4
AMP-AD,xgboost,mount_sinai,reference,legacy_zero_truncated,absolute,0.0,3,23,0.8633415813456548,,,,0.0,0.0,True,absolute_regret_within_tolerance,False,{},1.0,True,mean_jaccard > higher_locking_score > smaller_feature_count > lower_run_id,regret_constrained_medoid,absolute,0.0,0.0,1,macro_ovr_auroc,"{""candidate_run_seed_rule"": ""42 + run_id"", ""locking_cv_seed"": 42, ""run_seed"": 45}",0.1.0,256fb84b77af8bf76e381cfa088194f3c4ac9d86f47245c4c5948b27368d84e4
AMP-AD,xgboost,mount_sinai,reference,legacy_zero_truncated,absolute,0.0,4,20,0.8447872386950017,,,,0.018554342650653033,0.02149131126260958,False,absolute_regret_exceeds_tolerance,False,{},,False,mean_jaccard > higher_locking_score > smaller_feature_count > lower_run_id,regret_constrained_medoid,absolute,0.0,0.0,1,macro_ovr_auroc,"{""candidate_run_seed_rule"": ""42 + run_id"", ""locking_cv_seed"": 42, ""run_seed"": 46}",0.1.0,256fb84b77af8bf76e381cfa088194f3c4ac9d86f47245c4c5948b27368d84e4
AMP-AD,xgboost,mount_sinai,reference,legacy_zero_truncated,absolute,0.0,5,22,0.8614270087849387,,,,0.0019145725607160324,0.0022176304281925903,False,absolute_regret_exceeds_tolerance,False,{},,False,mean_jaccard > higher_locking_score > smaller_feature_count > lower_run_id,regret_constrained_medoid,absolute,0.0,0.0,1,macro_ovr_auroc,"{""candidate_run_seed_rule"": ""42 + run_id"", ""locking_cv_seed"": 42, ""run_seed"": 47}",0.1.0,256fb84b77af8bf76e381cfa088194f3c4ac9d86f47245c4c5948b27368d84e4
AMP-AD,xgboost,mount_sinai,reference,legacy_zero_truncated,absolute,0.005,1,23,0.8563246912825093,,,,0.007016890063145431,0.00812759423936062,False,absolute_regret_exceeds_tolerance,False,{},,False,mean_jaccard > higher_locking_score > smaller_feature_count > lower_run_id,regret_constrained_medoid,absolute,0.005,0.005,1,macro_ovr_auroc,"{""candidate_run_seed_rule"": ""42 + run_id"", ""locking_cv_seed"": 42, ""run_seed"": 43}",0.1.0,8f3bfa007c55f1fda622aca6e0b4d821cb1c8a24c3ac132911b739bcba48cf65
AMP-AD,xgboost,mount_sinai,reference,legacy_zero_truncated,absolute,0.005,2,25,0.8629695054912657,,,,0.00037207585438903124,0.0004309717757473143,True,absolute_regret_within_tolerance,False,"{""3"": 0.14285714285714285, ""5"": 0.175}",0.15892857142857142,False,mean_jaccard > higher_locking_score > smaller_feature_count > lower_run_id,regret_constrained_medoid,absolute,0.005,0.005,1,macro_ovr_auroc,"{""candidate_run_seed_rule"": ""42 + run_id"", ""locking_cv_seed"": 42, ""run_seed"": 44}",0.1.0,8f3bfa007c55f1fda622aca6e0b4d821cb1c8a24c3ac132911b739bcba48cf65
AMP-AD,xgboost,mount_sinai,reference,legacy_zero_truncated,absolute,0.005,3,23,0.8633415813456548,,,,0.0,0.0,True,absolute_regret_within_tolerance,False,"{""2"": 0.14285714285714285, ""5"": 0.15384615384615385}",0.14835164835164835,False,mean_jaccard > higher_locking_score > smaller_feature_count > lower_run_id,regret_constrained_medoid,absolute,0.005,0.005,1,macro_ovr_auroc,"{""candidate_run_seed_rule"": ""42 + run_id"", ""locking_cv_seed"": 42, ""run_seed"": 45}",0.1.0,8f3bfa007c55f1fda622aca6e0b4d821cb1c8a24c3ac132911b739bcba48cf65
AMP-AD,xgboost,mount_sinai,reference,legacy_zero_truncated,absolute,0.005,4,20,0.8447872386950017,,,,0.018554342650653033,0.02149131126260958,False,absolute_regret_exceeds_tolerance,False,{},,False,mean_jaccard > higher_locking_score > smaller_feature_count > lower_run_id,regret_constrained_medoid,absolute,0.005,0.005,1,macro_ovr_auroc,"{""candidate_run_seed_rule"": ""42 + run_id"", ""locking_cv_seed"": 42, ""run_seed"": 46}",0.1.0,8f3bfa007c55f1fda622aca6e0b4d821cb1c8a24c3ac132911b739bcba48cf65
AMP-AD,xgboost,mount_sinai,reference,legacy_zero_truncated,absolute,0.005,5,22,0.8614270087849387,,,,0.0019145725607160324,0.0022176304281925903,True,absolute_regret_within_tolerance,False,"{""2"": 0.175, ""3"": 0.15384615384615385}",0.16442307692307692,True,mean_jaccard > higher_locking_score > smaller_feature_count > lower_run_id,regret_constrained_medoid,absolute,0.005,0.005,1,macro_ovr_auroc,"{""candidate_run_seed_rule"": ""42 + run_id"", ""locking_cv_seed"": 42, ""run_seed"": 47}",0.1.0,8f3bfa007c55f1fda622aca6e0b4d821cb1c8a24c3ac132911b739bcba48cf65
AMP-AD,xgboost,mount_sinai,reference,legacy_zero_truncated,absolute,0.01,1,23,0.8563246912825093,,,,0.007016890063145431,0.00812759423936062,True,absolute_regret_within_tolerance,False,"{""2"": 0.2, ""3"": 0.09523809523809523, ""5"": 0.15384615384615385}",0.1496947496947497,False,mean_jaccard > higher_locking_score > smaller_feature_count > lower_run_id,regret_constrained_medoid,absolute,0.01,0.01,1,macro_ovr_auroc,"{""candidate_run_seed_rule"": ""42 + run_id"", ""locking_cv_seed"": 42, ""run_seed"": 43}",0.1.0,80675b3d4d3e2199c6d5b1ce523d5b3832110776e2fad928fa1555eeb80be603
AMP-AD,xgboost,mount_sinai,reference,legacy_zero_truncated,absolute,0.01,2,25,0.8629695054912657,,,,0.00037207585438903124,0.0004309717757473143,True,absolute_regret_within_tolerance,False,"{""1"": 0.2, ""3"": 0.14285714285714285, ""5"": 0.175}",0.1726190476190476,True,mean_jaccard > higher_locking_score > smaller_feature_count > lower_run_id,regret_constrained_medoid,absolute,0.01,0.01,1,macro_ovr_auroc,"{""candidate_run_seed_rule"": ""42 + run_id"", ""locking_cv_seed"": 42, ""run_seed"": 44}",0.1.0,80675b3d4d3e2199c6d5b1ce523d5b3832110776e2fad928fa1555eeb80be603
AMP-AD,xgboost,mount_sinai,reference,legacy_zero_truncated,absolute,0.01,3,23,0.8633415813456548,,,,0.0,0.0,True,absolute_regret_within_tolerance,False,"{""1"": 0.09523809523809523, ""2"": 0.14285714285714285, ""5"": 0.15384615384615385}",0.13064713064713065,False,mean_jaccard > higher_locking_score > smaller_feature_count > lower_run_id,regret_constrained_medoid,absolute,0.01,0.01,1,macro_ovr_auroc,"{""candidate_run_seed_rule"": ""42 + run_id"", ""locking_cv_seed"": 42, ""run_seed"": 45}",0.1.0,80675b3d4d3e2199c6d5b1ce523d5b3832110776e2fad928fa1555eeb80be603
AMP-AD,xgboost,mount_sinai,reference,legacy_zero_truncated,absolute,0.01,4,20,0.8447872386950017,,,,0.018554342650653033,0.02149131126260958,False,absolute_regret_exceeds_tolerance,False,{},,False,mean_jaccard > higher_locking_score > smaller_feature_count > lower_run_id,regret_constrained_medoid,absolute,0.01,0.01,1,macro_ovr_auroc,"{""candidate_run_seed_rule"": ""42 + run_id"", ""locking_cv_seed"": 42, ""run_seed"": 46}",0.1.0,80675b3d4d3e2199c6d5b1ce523d5b3832110776e2fad928fa1555eeb80be603
AMP-AD,xgboost,mount_sinai,reference,legacy_zero_truncated,absolute,0.01,5,22,0.8614270087849387,,,,0.0019145725607160324,0.0022176304281925903,True,absolute_regret_within_tolerance,False,"{""1"": 0.15384615384615385, ""2"": 0.175, ""3"": 0.15384615384615385}",0.1608974358974359,False,mean_jaccard > higher_locking_score > smaller_feature_count > lower_run_id,regret_constrained_medoid,absolute,0.01,0.01,1,macro_ovr_auroc,"{""candidate_run_seed_rule"": ""42 + run_id"", ""locking_cv_seed"": 42, ""run_seed"": 47}",0.1.0,80675b3d4d3e2199c6d5b1ce523d5b3832110776e2fad928fa1555eeb80be603
AMP-AD,xgboost,mount_sinai,reference,legacy_zero_truncated,absolute,0.02,1,23,0.8563246912825093,,,,0.007016890063145431,0.00812759423936062,True,absolute_regret_within_tolerance,False,"{""2"": 0.2, ""3"": 0.09523809523809523, ""4"": 0.19444444444444445, ""5"": 0.15384615384615385}",0.1608821733821734,False,mean_jaccard > higher_locking_score > smaller_feature_count > lower_run_id,regret_constrained_medoid,absolute,0.02,0.02,1,macro_ovr_auroc,"{""candidate_run_seed_rule"": ""42 + run_id"", ""locking_cv_seed"": 42, ""run_seed"": 43}",0.1.0,734e36a1e2a161f131d4990233d0d344c554195dfbfaa24b833950485ca54df8
AMP-AD,xgboost,mount_sinai,reference,legacy_zero_truncated,absolute,0.02,2,25,0.8629695054912657,,,,0.00037207585438903124,0.0004309717757473143,True,absolute_regret_within_tolerance,False,"{""1"": 0.2, ""3"": 0.14285714285714285, ""4"": 0.15384615384615385, ""5"": 0.175}",0.1679258241758242,False,mean_jaccard > higher_locking_score > smaller_feature_count > lower_run_id,regret_constrained_medoid,absolute,0.02,0.02,1,macro_ovr_auroc,"{""candidate_run_seed_rule"": ""42 + run_id"", ""locking_cv_seed"": 42, ""run_seed"": 44}",0.1.0,734e36a1e2a161f131d4990233d0d344c554195dfbfaa24b833950485ca54df8
AMP-AD,xgboost,mount_sinai,reference,legacy_zero_truncated,absolute,0.02,3,23,0.8633415813456548,,,,0.0,0.0,True,absolute_regret_within_tolerance,False,"{""1"": 0.09523809523809523, ""2"": 0.14285714285714285, ""4"": 0.19444444444444445, ""5"": 0.15384615384615385}",0.1465964590964591,False,mean_jaccard > higher_locking_score > smaller_feature_count > lower_run_id,regret_constrained_medoid,absolute,0.02,0.02,1,macro_ovr_auroc,"{""candidate_run_seed_rule"": ""42 + run_id"", ""locking_cv_seed"": 42, ""run_seed"": 45}",0.1.0,734e36a1e2a161f131d4990233d0d344c554195dfbfaa24b833950485ca54df8
AMP-AD,xgboost,mount_sinai,reference,legacy_zero_truncated,absolute,0.02,4,20,0.8447872386950017,,,,0.018554342650653033,0.02149131126260958,True,absolute_regret_within_tolerance,False,"{""1"": 0.19444444444444445, ""2"": 0.15384615384615385, ""3"": 0.19444444444444445, ""5"": 0.16666666666666666}",0.17735042735042733,True,mean_jaccard > higher_locking_score > smaller_feature_count > lower_run_id,regret_constrained_medoid,absolute,0.02,0.02,1,macro_ovr_auroc,"{""candidate_run_seed_rule"": ""42 + run_id"", ""locking_cv_seed"": 42, ""run_seed"": 46}",0.1.0,734e36a1e2a161f131d4990233d0d344c554195dfbfaa24b833950485ca54df8
AMP-AD,xgboost,mount_sinai,reference,legacy_zero_truncated,absolute,0.02,5,22,0.8614270087849387,,,,0.0019145725607160324,0.0022176304281925903,True,absolute_regret_within_tolerance,False,"{""1"": 0.15384615384615385, ""2"": 0.175, ""3"": 0.15384615384615385, ""4"": 0.16666666666666666}",0.1623397435897436,False,mean_jaccard > higher_locking_score > smaller_feature_count > lower_run_id,regret_constrained_medoid,absolute,0.02,0.02,1,macro_ovr_auroc,"{""candidate_run_seed_rule"": ""42 + run_id"", ""locking_cv_seed"": 42, ""run_seed"": 47}",0.1.0,734e36a1e2a161f131d4990233d0d344c554195dfbfaa24b833950485ca54df8
AMP-AD,xgboost,rush,high,legacy_zero_truncated,absolute,0.0,1,40,0.8686749458133228,,,,0.0,0.0,True,absolute_regret_within_tolerance,False,{},1.0,True,mean_jaccard > higher_locking_score > smaller_feature_count > lower_run_id,regret_constrained_medoid,absolute,0.0,0.0,1,macro_ovr_auroc,"{""candidate_run_seed_rule"": ""42 + run_id"", ""locking_cv_seed"": 42, ""run_seed"": 43}",0.1.0,256fb84b77af8bf76e381cfa088194f3c4ac9d86f47245c4c5948b27368d84e4
AMP-AD,xgboost,rush,high,legacy_zero_truncated,absolute,0.0,2,40,0.8575209631259298,,,,0.011153982687392983,0.012840226072077783,False,absolute_regret_exceeds_tolerance,False,{},,False,mean_jaccard > higher_locking_score > smaller_feature_count > lower_run_id,regret_constrained_medoid,absolute,0.0,0.0,1,macro_ovr_auroc,"{""candidate_run_seed_rule"": ""42 + run_id"", ""locking_cv_seed"": 42, ""run_seed"": 44}",0.1.0,256fb84b77af8bf76e381cfa088194f3c4ac9d86f47245c4c5948b27368d84e4
AMP-AD,xgboost,rush,high,legacy_zero_truncated,absolute,0.0,3,40,0.867622853919705,,,,0.0010520918936178791,0.0012111456635057279,False,absolute_regret_exceeds_tolerance,False,{},,False,mean_jaccard > higher_locking_score > smaller_feature_count > lower_run_id,regret_constrained_medoid,absolute,0.0,0.0,1,macro_ovr_auroc,"{""candidate_run_seed_rule"": ""42 + run_id"", ""locking_cv_seed"": 42, ""run_seed"": 45}",0.1.0,256fb84b77af8bf76e381cfa088194f3c4ac9d86f47245c4c5948b27368d84e4
AMP-AD,xgboost,rush,high,legacy_zero_truncated,absolute,0.0,4,40,0.856123983661746,,,,0.012550962151576806,0.014448398923058145,False,absolute_regret_exceeds_tolerance,False,{},,False,mean_jaccard > higher_locking_score > smaller_feature_count > lower_run_id,regret_constrained_medoid,absolute,0.0,0.0,1,macro_ovr_auroc,"{""candidate_run_seed_rule"": ""42 + run_id"", ""locking_cv_seed"": 42, ""run_seed"": 46}",0.1.0,256fb84b77af8bf76e381cfa088194f3c4ac9d86f47245c4c5948b27368d84e4
AMP-AD,xgboost,rush,high,legacy_zero_truncated,absolute,0.0,5,40,0.856744386594233,,,,0.011930559219089809,0.013734204349498612,False,absolute_regret_exceeds_tolerance,False,{},,False,mean_jaccard > higher_locking_score > smaller_feature_count > lower_run_id,regret_constrained_medoid,absolute,0.0,0.0,1,macro_ovr_auroc,"{""candidate_run_seed_rule"": ""42 + run_id"", ""locking_cv_seed"": 42, ""run_seed"": 47}",0.1.0,256fb84b77af8bf76e381cfa088194f3c4ac9d86f47245c4c5948b27368d84e4
AMP-AD,xgboost,rush,high,legacy_zero_truncated,absolute,0.005,1,40,0.8686749458133228,,,,0.0,0.0,True,absolute_regret_within_tolerance,False,"{""3"": 0.2903225806451613}",0.2903225806451613,True,mean_jaccard > higher_locking_score > smaller_feature_count > lower_run_id,regret_constrained_medoid,absolute,0.005,0.005,1,macro_ovr_auroc,"{""candidate_run_seed_rule"": ""42 + run_id"", ""locking_cv_seed"": 42, ""run_seed"": 43}",0.1.0,8f3bfa007c55f1fda622aca6e0b4d821cb1c8a24c3ac132911b739bcba48cf65
AMP-AD,xgboost,rush,high,legacy_zero_truncated,absolute,0.005,2,40,0.8575209631259298,,,,0.011153982687392983,0.012840226072077783,False,absolute_regret_exceeds_tolerance,False,{},,False,mean_jaccard > higher_locking_score > smaller_feature_count > lower_run_id,regret_constrained_medoid,absolute,0.005,0.005,1,macro_ovr_auroc,"{""candidate_run_seed_rule"": ""42 + run_id"", ""locking_cv_seed"": 42, ""run_seed"": 44}",0.1.0,8f3bfa007c55f1fda622aca6e0b4d821cb1c8a24c3ac132911b739bcba48cf65
AMP-AD,xgboost,rush,high,legacy_zero_truncated,absolute,0.005,3,40,0.867622853919705,,,,0.0010520918936178791,0.0012111456635057279,True,absolute_regret_within_tolerance,False,"{""1"": 0.2903225806451613}",0.2903225806451613,False,mean_jaccard > higher_locking_score > smaller_feature_count > lower_run_id,regret_constrained_medoid,absolute,0.005,0.005,1,macro_ovr_auroc,"{""candidate_run_seed_rule"": ""42 + run_id"", ""locking_cv_seed"": 42, ""run_seed"": 45}",0.1.0,8f3bfa007c55f1fda622aca6e0b4d821cb1c8a24c3ac132911b739bcba48cf65
AMP-AD,xgboost,rush,high,legacy_zero_truncated,absolute,0.005,4,40,0.856123983661746,,,,0.012550962151576806,0.014448398923058145,False,absolute_regret_exceeds_tolerance,False,{},,False,mean_jaccard > higher_locking_score > smaller_feature_count > lower_run_id,regret_constrained_medoid,absolute,0.005,0.005,1,macro_ovr_auroc,"{""candidate_run_seed_rule"": ""42 + run_id"", ""locking_cv_seed"": 42, ""run_seed"": 46}",0.1.0,8f3bfa007c55f1fda622aca6e0b4d821cb1c8a24c3ac132911b739bcba48cf65
AMP-AD,xgboost,rush,high,legacy_zero_truncated,absolute,0.005,5,40,0.856744386594233,,,,0.011930559219089809,0.013734204349498612,False,absolute_regret_exceeds_tolerance,False,{},,False,mean_jaccard > higher_locking_score > smaller_feature_count > lower_run_id,regret_constrained_medoid,absolute,0.005,0.005,1,macro_ovr_auroc,"{""candidate_run_seed_rule"": ""42 + run_id"", ""locking_cv_seed"": 42, ""run_seed"": 47}",0.1.0,8f3bfa007c55f1fda622aca6e0b4d821cb1c8a24c3ac132911b739bcba48cf65
AMP-AD,xgboost,rush,high,legacy_zero_truncated,absolute,0.01,1,40,0.8686749458133228,,,,0.0,0.0,True,absolute_regret_within_tolerance,False,"{""3"": 0.2903225806451613}",0.2903225806451613,True,mean_jaccard > higher_locking_score > smaller_feature_count > lower_run_id,regret_constrained_medoid,absolute,0.01,0.01,1,macro_ovr_auroc,"{""candidate_run_seed_rule"": ""42 + run_id"", ""locking_cv_seed"": 42, ""run_seed"": 43}",0.1.0,80675b3d4d3e2199c6d5b1ce523d5b3832110776e2fad928fa1555eeb80be603
AMP-AD,xgboost,rush,high,legacy_zero_truncated,absolute,0.01,2,40,0.8575209631259298,,,,0.011153982687392983,0.012840226072077783,False,absolute_regret_exceeds_tolerance,False,{},,False,mean_jaccard > higher_locking_score > smaller_feature_count > lower_run_id,regret_constrained_medoid,absolute,0.01,0.01,1,macro_ovr_auroc,"{""candidate_run_seed_rule"": ""42 + run_id"", ""locking_cv_seed"": 42, ""run_seed"": 44}",0.1.0,80675b3d4d3e2199c6d5b1ce523d5b3832110776e2fad928fa1555eeb80be603
AMP-AD,xgboost,rush,high,legacy_zero_truncated,absolute,0.01,3,40,0.867622853919705,,,,0.0010520918936178791,0.0012111456635057279,True,absolute_regret_within_tolerance,False,"{""1"": 0.2903225806451613}",0.2903225806451613,False,mean_jaccard > higher_locking_score > smaller_feature_count > lower_run_id,regret_constrained_medoid,absolute,0.01,0.01,1,macro_ovr_auroc,"{""candidate_run_seed_rule"": ""42 + run_id"", ""locking_cv_seed"": 42, ""run_seed"": 45}",0.1.0,80675b3d4d3e2199c6d5b1ce523d5b3832110776e2fad928fa1555eeb80be603
AMP-AD,xgboost,rush,high,legacy_zero_truncated,absolute,0.01,4,40,0.856123983661746,,,,0.012550962151576806,0.014448398923058145,False,absolute_regret_exceeds_tolerance,False,{},,False,mean_jaccard > higher_locking_score > smaller_feature_count > lower_run_id,regret_constrained_medoid,absolute,0.01,0.01,1,macro_ovr_auroc,"{""candidate_run_seed_rule"": ""42 + run_id"", ""locking_cv_seed"": 42, ""run_seed"": 46}",0.1.0,80675b3d4d3e2199c6d5b1ce523d5b3832110776e2fad928fa1555eeb80be603
AMP-AD,xgboost,rush,high,legacy_zero_truncated,absolute,0.01,5,40,0.856744386594233,,,,0.011930559219089809,0.013734204349498612,False,absolute_regret_exceeds_tolerance,False,{},,False,mean_jaccard > higher_locking_score > smaller_feature_count > lower_run_id,regret_constrained_medoid,absolute,0.01,0.01,1,macro_ovr_auroc,"{""candidate_run_seed_rule"": ""42 + run_id"", ""locking_cv_seed"": 42, ""run_seed"": 47}",0.1.0,80675b3d4d3e2199c6d5b1ce523d5b3832110776e2fad928fa1555eeb80be603
AMP-AD,xgboost,rush,high,legacy_zero_truncated,absolute,0.02,1,40,0.8686749458133228,,,,0.0,0.0,True,absolute_regret_within_tolerance,False,"{""2"": 0.3559322033898305, ""3"": 0.2903225806451613, ""4"": 0.21212121212121213, ""5"": 0.2903225806451613}",0.28717464420034133,True,mean_jaccard > higher_locking_score > smaller_feature_count > lower_run_id,regret_constrained_medoid,absolute,0.02,0.02,1,macro_ovr_auroc,"{""candidate_run_seed_rule"": ""42 + run_id"", ""locking_cv_seed"": 42, ""run_seed"": 43}",0.1.0,734e36a1e2a161f131d4990233d0d344c554195dfbfaa24b833950485ca54df8
AMP-AD,xgboost,rush,high,legacy_zero_truncated,absolute,0.02,2,40,0.8575209631259298,,,,0.011153982687392983,0.012840226072077783,True,absolute_regret_within_tolerance,False,"{""1"": 0.3559322033898305, ""3"": 0.2698412698412698, ""4"": 0.2698412698412698, ""5"": 0.21212121212121213}",0.2769339887983956,False,mean_jaccard > higher_locking_score > smaller_feature_count > lower_run_id,regret_constrained_medoid,absolute,0.02,0.02,1,macro_ovr_auroc,"{""candidate_run_seed_rule"": ""42 + run_id"", ""locking_cv_seed"": 42, ""run_seed"": 44}",0.1.0,734e36a1e2a161f131d4990233d0d344c554195dfbfaa24b833950485ca54df8
AMP-AD,xgboost,rush,high,legacy_zero_truncated,absolute,0.02,3,40,0.867622853919705,,,,0.0010520918936178791,0.0012111456635057279,True,absolute_regret_within_tolerance,False,"{""1"": 0.2903225806451613, ""2"": 0.2698412698412698, ""4"": 0.23076923076923078, ""5"": 0.23076923076923078}",0.2554255780062232,False,mean_jaccard > higher_locking_score > smaller_feature_count > lower_run_id,regret_constrained_medoid,absolute,0.02,0.02,1,macro_ovr_auroc,"{""candidate_run_seed_rule"": ""42 + run_id"", ""locking_cv_seed"": 42, ""run_seed"": 45}",0.1.0,734e36a1e2a161f131d4990233d0d344c554195dfbfaa24b833950485ca54df8
AMP-AD,xgboost,rush,high,legacy_zero_truncated,absolute,0.02,4,40,0.856123983661746,,,,0.012550962151576806,0.014448398923058145,True,absolute_regret_within_tolerance,False,"{""1"": 0.21212121212121213, ""2"": 0.2698412698412698, ""3"": 0.23076923076923078, ""5"": 0.2903225806451613}",0.2507635733442185,False,mean_jaccard > higher_locking_score > smaller_feature_count > lower_run_id,regret_constrained_medoid,absolute,0.02,0.02,1,macro_ovr_auroc,"{""candidate_run_seed_rule"": ""42 + run_id"", ""locking_cv_seed"": 42, ""run_seed"": 46}",0.1.0,734e36a1e2a161f131d4990233d0d344c554195dfbfaa24b833950485ca54df8
AMP-AD,xgboost,rush,high,legacy_zero_truncated,absolute,0.02,5,40,0.856744386594233,,,,0.011930559219089809,0.013734204349498612,True,absolute_regret_within_tolerance,False,"{""1"": 0.2903225806451613, ""2"": 0.21212121212121213, ""3"": 0.23076923076923078, ""4"": 0.2903225806451613}",0.2558839010451914,False,mean_jaccard > higher_locking_score > smaller_feature_count > lower_run_id,regret_constrained_medoid,absolute,0.02,0.02,1,macro_ovr_auroc,"{""candidate_run_seed_rule"": ""42 + run_id"", ""locking_cv_seed"": 42, ""run_seed"": 47}",0.1.0,734e36a1e2a161f131d4990233d0d344c554195dfbfaa24b833950485ca54df8
AMP-AD,xgboost,rush,low,legacy_zero_truncated,absolute,0.0,1,21,0.8637190165990729,,,,0.00144867051459463,0.0016744389974013218,False,absolute_regret_exceeds_tolerance,False,{},,False,mean_jaccard > higher_locking_score > smaller_feature_count > lower_run_id,regret_constrained_medoid,absolute,0.0,0.0,1,macro_ovr_auroc,"{""candidate_run_seed_rule"": ""42 + run_id"", ""locking_cv_seed"": 42, ""run_seed"": 43}",0.1.0,256fb84b77af8bf76e381cfa088194f3c4ac9d86f47245c4c5948b27368d84e4
AMP-AD,xgboost,rush,low,legacy_zero_truncated,absolute,0.0,2,23,0.8651676871136675,,,,0.0,0.0,True,absolute_regret_within_tolerance,False,{},1.0,True,mean_jaccard > higher_locking_score > smaller_feature_count > lower_run_id,regret_constrained_medoid,absolute,0.0,0.0,1,macro_ovr_auroc,"{""candidate_run_seed_rule"": ""42 + run_id"", ""locking_cv_seed"": 42, ""run_seed"": 44}",0.1.0,256fb84b77af8bf76e381cfa088194f3c4ac9d86f47245c4c5948b27368d84e4
AMP-AD,xgboost,rush,low,legacy_zero_truncated,absolute,0.0,3,22,0.8438102509322428,,,,0.021357436181424716,0.02468589211032188,False,absolute_regret_exceeds_tolerance,False,{},,False,mean_jaccard > higher_locking_score > smaller_feature_count > lower_run_id,regret_constrained_medoid,absolute,0.0,0.0,1,macro_ovr_auroc,"{""candidate_run_seed_rule"": ""42 + run_id"", ""locking_cv_seed"": 42, ""run_seed"": 45}",0.1.0,256fb84b77af8bf76e381cfa088194f3c4ac9d86f47245c4c5948b27368d84e4
AMP-AD,xgboost,rush,low,legacy_zero_truncated,absolute,0.0,4,19,0.8500514241997216,,,,0.015116262913945966,0.017472061357696037,False,absolute_regret_exceeds_tolerance,False,{},,False,mean_jaccard > higher_locking_score > smaller_feature_count > lower_run_id,regret_constrained_medoid,absolute,0.0,0.0,1,macro_ovr_auroc,"{""candidate_run_seed_rule"": ""42 + run_id"", ""locking_cv_seed"": 42, ""run_seed"": 46}",0.1.0,256fb84b77af8bf76e381cfa088194f3c4ac9d86f47245c4c5948b27368d84e4
AMP-AD,xgboost,rush,low,legacy_zero_truncated,absolute,0.0,5,20,0.844049159247572,,,,0.021118527866095582,0.02440975105826044,False,absolute_regret_exceeds_tolerance,False,{},,False,mean_jaccard > higher_locking_score > smaller_feature_count > lower_run_id,regret_constrained_medoid,absolute,0.0,0.0,1,macro_ovr_auroc,"{""candidate_run_seed_rule"": ""42 + run_id"", ""locking_cv_seed"": 42, ""run_seed"": 47}",0.1.0,256fb84b77af8bf76e381cfa088194f3c4ac9d86f47245c4c5948b27368d84e4
AMP-AD,xgboost,rush,low,legacy_zero_truncated,absolute,0.005,1,21,0.8637190165990729,,,,0.00144867051459463,0.0016744389974013218,True,absolute_regret_within_tolerance,False,"{""2"": 0.1891891891891892}",0.1891891891891892,False,mean_jaccard > higher_locking_score > smaller_feature_count > lower_run_id,regret_constrained_medoid,absolute,0.005,0.005,1,macro_ovr_auroc,"{""candidate_run_seed_rule"": ""42 + run_id"", ""locking_cv_seed"": 42, ""run_seed"": 43}",0.1.0,8f3bfa007c55f1fda622aca6e0b4d821cb1c8a24c3ac132911b739bcba48cf65
AMP-AD,xgboost,rush,low,legacy_zero_truncated,absolute,0.005,2,23,0.8651676871136675,,,,0.0,0.0,True,absolute_regret_within_tolerance,False,"{""1"": 0.1891891891891892}",0.1891891891891892,True,mean_jaccard > higher_locking_score > smaller_feature_count > lower_run_id,regret_constrained_medoid,absolute,0.005,0.005,1,macro_ovr_auroc,"{""candidate_run_seed_rule"": ""42 + run_id"", ""locking_cv_seed"": 42, ""run_seed"": 44}",0.1.0,8f3bfa007c55f1fda622aca6e0b4d821cb1c8a24c3ac132911b739bcba48cf65
AMP-AD,xgboost,rush,low,legacy_zero_truncated,absolute,0.005,3,22,0.8438102509322428,,,,0.021357436181424716,0.02468589211032188,False,absolute_regret_exceeds_tolerance,False,{},,False,mean_jaccard > higher_locking_score > smaller_feature_count > lower_run_id,regret_constrained_medoid,absolute,0.005,0.005,1,macro_ovr_auroc,"{""candidate_run_seed_rule"": ""42 + run_id"", ""locking_cv_seed"": 42, ""run_seed"": 45}",0.1.0,8f3bfa007c55f1fda622aca6e0b4d821cb1c8a24c3ac132911b739bcba48cf65
AMP-AD,xgboost,rush,low,legacy_zero_truncated,absolute,0.005,4,19,0.8500514241997216,,,,0.015116262913945966,0.017472061357696037,False,absolute_regret_exceeds_tolerance,False,{},,False,mean_jaccard > higher_locking_score > smaller_feature_count > lower_run_id,regret_constrained_medoid,absolute,0.005,0.005,1,macro_ovr_auroc,"{""candidate_run_seed_rule"": ""42 + run_id"", ""locking_cv_seed"": 42, ""run_seed"": 46}",0.1.0,8f3bfa007c55f1fda622aca6e0b4d821cb1c8a24c3ac132911b739bcba48cf65
AMP-AD,xgboost,rush,low,legacy_zero_truncated,absolute,0.005,5,20,0.844049159247572,,,,0.021118527866095582,0.02440975105826044,False,absolute_regret_exceeds_tolerance,False,{},,False,mean_jaccard > higher_locking_score > smaller_feature_count > lower_run_id,regret_constrained_medoid,absolute,0.005,0.005,1,macro_ovr_auroc,"{""candidate_run_seed_rule"": ""42 + run_id"", ""locking_cv_seed"": 42, ""run_seed"": 47}",0.1.0,8f3bfa007c55f1fda622aca6e0b4d821cb1c8a24c3ac132911b739bcba48cf65
AMP-AD,xgboost,rush,low,legacy_zero_truncated,absolute,0.01,1,21,0.8637190165990729,,,,0.00144867051459463,0.0016744389974013218,True,absolute_regret_within_tolerance,False,"{""2"": 0.1891891891891892}",0.1891891891891892,False,mean_jaccard > higher_locking_score > smaller_feature_count > lower_run_id,regret_constrained_medoid,absolute,0.01,0.01,1,macro_ovr_auroc,"{""candidate_run_seed_rule"": ""42 + run_id"", ""locking_cv_seed"": 42, ""run_seed"": 43}",0.1.0,80675b3d4d3e2199c6d5b1ce523d5b3832110776e2fad928fa1555eeb80be603
AMP-AD,xgboost,rush,low,legacy_zero_truncated,absolute,0.01,2,23,0.8651676871136675,,,,0.0,0.0,True,absolute_regret_within_tolerance,False,"{""1"": 0.1891891891891892}",0.1891891891891892,True,mean_jaccard > higher_locking_score > smaller_feature_count > lower_run_id,regret_constrained_medoid,absolute,0.01,0.01,1,macro_ovr_auroc,"{""candidate_run_seed_rule"": ""42 + run_id"", ""locking_cv_seed"": 42, ""run_seed"": 44}",0.1.0,80675b3d4d3e2199c6d5b1ce523d5b3832110776e2fad928fa1555eeb80be603
AMP-AD,xgboost,rush,low,legacy_zero_truncated,absolute,0.01,3,22,0.8438102509322428,,,,0.021357436181424716,0.02468589211032188,False,absolute_regret_exceeds_tolerance,False,{},,False,mean_jaccard > higher_locking_score > smaller_feature_count > lower_run_id,regret_constrained_medoid,absolute,0.01,0.01,1,macro_ovr_auroc,"{""candidate_run_seed_rule"": ""42 + run_id"", ""locking_cv_seed"": 42, ""run_seed"": 45}",0.1.0,80675b3d4d3e2199c6d5b1ce523d5b3832110776e2fad928fa1555eeb80be603
AMP-AD,xgboost,rush,low,legacy_zero_truncated,absolute,0.01,4,19,0.8500514241997216,,,,0.015116262913945966,0.017472061357696037,False,absolute_regret_exceeds_tolerance,False,{},,False,mean_jaccard > higher_locking_score > smaller_feature_count > lower_run_id,regret_constrained_medoid,absolute,0.01,0.01,1,macro_ovr_auroc,"{""candidate_run_seed_rule"": ""42 + run_id"", ""locking_cv_seed"": 42, ""run_seed"": 46}",0.1.0,80675b3d4d3e2199c6d5b1ce523d5b3832110776e2fad928fa1555eeb80be603
AMP-AD,xgboost,rush,low,legacy_zero_truncated,absolute,0.01,5,20,0.844049159247572,,,,0.021118527866095582,0.02440975105826044,False,absolute_regret_exceeds_tolerance,False,{},,False,mean_jaccard > higher_locking_score > smaller_feature_count > lower_run_id,regret_constrained_medoid,absolute,0.01,0.01,1,macro_ovr_auroc,"{""candidate_run_seed_rule"": ""42 + run_id"", ""locking_cv_seed"": 42, ""run_seed"": 47}",0.1.0,80675b3d4d3e2199c6d5b1ce523d5b3832110776e2fad928fa1555eeb80be603
AMP-AD,xgboost,rush,low,legacy_zero_truncated,absolute,0.02,1,21,0.8637190165990729,,,,0.00144867051459463,0.0016744389974013218,True,absolute_regret_within_tolerance,False,"{""2"": 0.1891891891891892, ""4"": 0.05263157894736842}",0.12091038406827881,False,mean_jaccard > higher_locking_score > smaller_feature_count > lower_run_id,regret_constrained_medoid,absolute,0.02,0.02,1,macro_ovr_auroc,"{""candidate_run_seed_rule"": ""42 + run_id"", ""locking_cv_seed"": 42, ""run_seed"": 43}",0.1.0,734e36a1e2a161f131d4990233d0d344c554195dfbfaa24b833950485ca54df8
AMP-AD,xgboost,rush,low,legacy_zero_truncated,absolute,0.02,2,23,0.8651676871136675,,,,0.0,0.0,True,absolute_regret_within_tolerance,False,"{""1"": 0.1891891891891892, ""4"": 0.10526315789473684}",0.14722617354196302,True,mean_jaccard > higher_locking_score > smaller_feature_count > lower_run_id,regret_constrained_medoid,absolute,0.02,0.02,1,macro_ovr_auroc,"{""candidate_run_seed_rule"": ""42 + run_id"", ""locking_cv_seed"": 42, ""run_seed"": 44}",0.1.0,734e36a1e2a161f131d4990233d0d344c554195dfbfaa24b833950485ca54df8
AMP-AD,xgboost,rush,low,legacy_zero_truncated,absolute,0.02,3,22,0.8438102509322428,,,,0.021357436181424716,0.02468589211032188,False,absolute_regret_exceeds_tolerance,False,{},,False,mean_jaccard > higher_locking_score > smaller_feature_count > lower_run_id,regret_constrained_medoid,absolute,0.02,0.02,1,macro_ovr_auroc,"{""candidate_run_seed_rule"": ""42 + run_id"", ""locking_cv_seed"": 42, ""run_seed"": 45}",0.1.0,734e36a1e2a161f131d4990233d0d344c554195dfbfaa24b833950485ca54df8
AMP-AD,xgboost,rush,low,legacy_zero_truncated,absolute,0.02,4,19,0.8500514241997216,,,,0.015116262913945966,0.017472061357696037,True,absolute_regret_within_tolerance,False,"{""1"": 0.05263157894736842, ""2"": 0.10526315789473684}",0.07894736842105263,False,mean_jaccard > higher_locking_score > smaller_feature_count > lower_run_id,regret_constrained_medoid,absolute,0.02,0.02,1,macro_ovr_auroc,"{""candidate_run_seed_rule"": ""42 + run_id"", ""locking_cv_seed"": 42, ""run_seed"": 46}",0.1.0,734e36a1e2a161f131d4990233d0d344c554195dfbfaa24b833950485ca54df8
AMP-AD,xgboost,rush,low,legacy_zero_truncated,absolute,0.02,5,20,0.844049159247572,,,,0.021118527866095582,0.02440975105826044,False,absolute_regret_exceeds_tolerance,False,{},,False,mean_jaccard > higher_locking_score > smaller_feature_count > lower_run_id,regret_constrained_medoid,absolute,0.02,0.02,1,macro_ovr_auroc,"{""candidate_run_seed_rule"": ""42 + run_id"", ""locking_cv_seed"": 42, ""run_seed"": 47}",0.1.0,734e36a1e2a161f131d4990233d0d344c554195dfbfaa24b833950485ca54df8
AMP-AD,xgboost,rush,reference,legacy_zero_truncated,absolute,0.0,1,22,0.8588683746938995,,,,0.0006003900567392861,0.0006985594839080391,False,absolute_regret_exceeds_tolerance,False,{},,False,mean_jaccard > higher_locking_score > smaller_feature_count > lower_run_id,regret_constrained_medoid,absolute,0.0,0.0,1,macro_ovr_auroc,"{""candidate_run_seed_rule"": ""42 + run_id"", ""locking_cv_seed"": 42, ""run_seed"": 43}",0.1.0,256fb84b77af8bf76e381cfa088194f3c4ac9d86f47245c4c5948b27368d84e4
AMP-AD,xgboost,rush,reference,legacy_zero_truncated,absolute,0.0,2,20,0.8594687647506388,,,,0.0,0.0,True,absolute_regret_within_tolerance,False,{},1.0,True,mean_jaccard > higher_locking_score > smaller_feature_count > lower_run_id,regret_constrained_medoid,absolute,0.0,0.0,1,macro_ovr_auroc,"{""candidate_run_seed_rule"": ""42 + run_id"", ""locking_cv_seed"": 42, ""run_seed"": 44}",0.1.0,256fb84b77af8bf76e381cfa088194f3c4ac9d86f47245c4c5948b27368d84e4
AMP-AD,xgboost,rush,reference,legacy_zero_truncated,absolute,0.0,3,22,0.8382870137344023,,,,0.02118175101623654,0.024645166741320827,False,absolute_regret_exceeds_tolerance,False,{},,False,mean_jaccard > higher_locking_score > smaller_feature_count > lower_run_id,regret_constrained_medoid,absolute,0.0,0.0,1,macro_ovr_auroc,"{""candidate_run_seed_rule"": ""42 + run_id"", ""locking_cv_seed"": 42, ""run_seed"": 45}",0.1.0,256fb84b77af8bf76e381cfa088194f3c4ac9d86f47245c4c5948b27368d84e4
AMP-AD,xgboost,rush,reference,legacy_zero_truncated,absolute,0.0,4,27,0.8492755407556356,,,,0.01019322399500322,0.011859912091116682,False,absolute_regret_exceeds_tolerance,False,{},,False,mean_jaccard > higher_locking_score > smaller_feature_count > lower_run_id,regret_constrained_medoid,absolute,0.0,0.0,1,macro_ovr_auroc,"{""candidate_run_seed_rule"": ""42 + run_id"", ""locking_cv_seed"": 42, ""run_seed"": 46}",0.1.0,256fb84b77af8bf76e381cfa088194f3c4ac9d86f47245c4c5948b27368d84e4
AMP-AD,xgboost,rush,reference,legacy_zero_truncated,absolute,0.0,5,20,0.8440443257317298,,,,0.015424439018908997,0.017946480025232973,False,absolute_regret_exceeds_tolerance,False,{},,False,mean_jaccard > higher_locking_score > smaller_feature_count > lower_run_id,regret_constrained_medoid,absolute,0.0,0.0,1,macro_ovr_auroc,"{""candidate_run_seed_rule"": ""42 + run_id"", ""locking_cv_seed"": 42, ""run_seed"": 47}",0.1.0,256fb84b77af8bf76e381cfa088194f3c4ac9d86f47245c4c5948b27368d84e4
AMP-AD,xgboost,rush,reference,legacy_zero_truncated,absolute,0.005,1,22,0.8588683746938995,,,,0.0006003900567392861,0.0006985594839080391,True,absolute_regret_within_tolerance,False,"{""2"": 0.16666666666666666}",0.16666666666666666,False,mean_jaccard > higher_locking_score > smaller_feature_count > lower_run_id,regret_constrained_medoid,absolute,0.005,0.005,1,macro_ovr_auroc,"{""candidate_run_seed_rule"": ""42 + run_id"", ""locking_cv_seed"": 42, ""run_seed"": 43}",0.1.0,8f3bfa007c55f1fda622aca6e0b4d821cb1c8a24c3ac132911b739bcba48cf65
AMP-AD,xgboost,rush,reference,legacy_zero_truncated,absolute,0.005,2,20,0.8594687647506388,,,,0.0,0.0,True,absolute_regret_within_tolerance,False,"{""1"": 0.16666666666666666}",0.16666666666666666,True,mean_jaccard > higher_locking_score > smaller_feature_count > lower_run_id,regret_constrained_medoid,absolute,0.005,0.005,1,macro_ovr_auroc,"{""candidate_run_seed_rule"": ""42 + run_id"", ""locking_cv_seed"": 42, ""run_seed"": 44}",0.1.0,8f3bfa007c55f1fda622aca6e0b4d821cb1c8a24c3ac132911b739bcba48cf65
AMP-AD,xgboost,rush,reference,legacy_zero_truncated,absolute,0.005,3,22,0.8382870137344023,,,,0.02118175101623654,0.024645166741320827,False,absolute_regret_exceeds_tolerance,False,{},,False,mean_jaccard > higher_locking_score > smaller_feature_count > lower_run_id,regret_constrained_medoid,absolute,0.005,0.005,1,macro_ovr_auroc,"{""candidate_run_seed_rule"": ""42 + run_id"", ""locking_cv_seed"": 42, ""run_seed"": 45}",0.1.0,8f3bfa007c55f1fda622aca6e0b4d821cb1c8a24c3ac132911b739bcba48cf65
AMP-AD,xgboost,rush,reference,legacy_zero_truncated,absolute,0.005,4,27,0.8492755407556356,,,,0.01019322399500322,0.011859912091116682,False,absolute_regret_exceeds_tolerance,False,{},,False,mean_jaccard > higher_locking_score > smaller_feature_count > lower_run_id,regret_constrained_medoid,absolute,0.005,0.005,1,macro_ovr_auroc,"{""candidate_run_seed_rule"": ""42 + run_id"", ""locking_cv_seed"": 42, ""run_seed"": 46}",0.1.0,8f3bfa007c55f1fda622aca6e0b4d821cb1c8a24c3ac132911b739bcba48cf65
AMP-AD,xgboost,rush,reference,legacy_zero_truncated,absolute,0.005,5,20,0.8440443257317298,,,,0.015424439018908997,0.017946480025232973,False,absolute_regret_exceeds_tolerance,False,{},,False,mean_jaccard > higher_locking_score > smaller_feature_count > lower_run_id,regret_constrained_medoid,absolute,0.005,0.005,1,macro_ovr_auroc,"{""candidate_run_seed_rule"": ""42 + run_id"", ""locking_cv_seed"": 42, ""run_seed"": 47}",0.1.0,8f3bfa007c55f1fda622aca6e0b4d821cb1c8a24c3ac132911b739bcba48cf65
AMP-AD,xgboost,rush,reference,legacy_zero_truncated,absolute,0.01,1,22,0.8588683746938995,,,,0.0006003900567392861,0.0006985594839080391,True,absolute_regret_within_tolerance,False,"{""2"": 0.16666666666666666}",0.16666666666666666,False,mean_jaccard > higher_locking_score > smaller_feature_count > lower_run_id,regret_constrained_medoid,absolute,0.01,0.01,1,macro_ovr_auroc,"{""candidate_run_seed_rule"": ""42 + run_id"", ""locking_cv_seed"": 42, ""run_seed"": 43}",0.1.0,80675b3d4d3e2199c6d5b1ce523d5b3832110776e2fad928fa1555eeb80be603
AMP-AD,xgboost,rush,reference,legacy_zero_truncated,absolute,0.01,2,20,0.8594687647506388,,,,0.0,0.0,True,absolute_regret_within_tolerance,False,"{""1"": 0.16666666666666666}",0.16666666666666666,True,mean_jaccard > higher_locking_score > smaller_feature_count > lower_run_id,regret_constrained_medoid,absolute,0.01,0.01,1,macro_ovr_auroc,"{""candidate_run_seed_rule"": ""42 + run_id"", ""locking_cv_seed"": 42, ""run_seed"": 44}",0.1.0,80675b3d4d3e2199c6d5b1ce523d5b3832110776e2fad928fa1555eeb80be603
AMP-AD,xgboost,rush,reference,legacy_zero_truncated,absolute,0.01,3,22,0.8382870137344023,,,,0.02118175101623654,0.024645166741320827,False,absolute_regret_exceeds_tolerance,False,{},,False,mean_jaccard > higher_locking_score > smaller_feature_count > lower_run_id,regret_constrained_medoid,absolute,0.01,0.01,1,macro_ovr_auroc,"{""candidate_run_seed_rule"": ""42 + run_id"", ""locking_cv_seed"": 42, ""run_seed"": 45}",0.1.0,80675b3d4d3e2199c6d5b1ce523d5b3832110776e2fad928fa1555eeb80be603
AMP-AD,xgboost,rush,reference,legacy_zero_truncated,absolute,0.01,4,27,0.8492755407556356,,,,0.01019322399500322,0.011859912091116682,False,absolute_regret_exceeds_tolerance,False,{},,False,mean_jaccard > higher_locking_score > smaller_feature_count > lower_run_id,regret_constrained_medoid,absolute,0.01,0.01,1,macro_ovr_auroc,"{""candidate_run_seed_rule"": ""42 + run_id"", ""locking_cv_seed"": 42, ""run_seed"": 46}",0.1.0,80675b3d4d3e2199c6d5b1ce523d5b3832110776e2fad928fa1555eeb80be603
AMP-AD,xgboost,rush,reference,legacy_zero_truncated,absolute,0.01,5,20,0.8440443257317298,,,,0.015424439018908997,0.017946480025232973,False,absolute_regret_exceeds_tolerance,False,{},,False,mean_jaccard > higher_locking_score > smaller_feature_count > lower_run_id,regret_constrained_medoid,absolute,0.01,0.01,1,macro_ovr_auroc,"{""candidate_run_seed_rule"": ""42 + run_id"", ""locking_cv_seed"": 42, ""run_seed"": 47}",0.1.0,80675b3d4d3e2199c6d5b1ce523d5b3832110776e2fad928fa1555eeb80be603
AMP-AD,xgboost,rush,reference,legacy_zero_truncated,absolute,0.02,1,22,0.8588683746938995,,,,0.0006003900567392861,0.0006985594839080391,True,absolute_regret_within_tolerance,False,"{""2"": 0.16666666666666666, ""4"": 0.06521739130434782, ""5"": 0.3548387096774194}",0.1955742558828113,False,mean_jaccard > higher_locking_score > smaller_feature_count > lower_run_id,regret_constrained_medoid,absolute,0.02,0.02,1,macro_ovr_auroc,"{""candidate_run_seed_rule"": ""42 + run_id"", ""locking_cv_seed"": 42, ""run_seed"": 43}",0.1.0,734e36a1e2a161f131d4990233d0d344c554195dfbfaa24b833950485ca54df8
AMP-AD,xgboost,rush,reference,legacy_zero_truncated,absolute,0.02,2,20,0.8594687647506388,,,,0.0,0.0,True,absolute_regret_within_tolerance,False,"{""1"": 0.16666666666666666, ""4"": 0.11904761904761904, ""5"": 0.17647058823529413}",0.15406162464985995,False,mean_jaccard > higher_locking_score > smaller_feature_count > lower_run_id,regret_constrained_medoid,absolute,0.02,0.02,1,macro_ovr_auroc,"{""candidate_run_seed_rule"": ""42 + run_id"", ""locking_cv_seed"": 42, ""run_seed"": 44}",0.1.0,734e36a1e2a161f131d4990233d0d344c554195dfbfaa24b833950485ca54df8
AMP-AD,xgboost,rush,reference,legacy_zero_truncated,absolute,0.02,3,22,0.8382870137344023,,,,0.02118175101623654,0.024645166741320827,False,absolute_regret_exceeds_tolerance,False,{},,False,mean_jaccard > higher_locking_score > smaller_feature_count > lower_run_id,regret_constrained_medoid,absolute,0.02,0.02,1,macro_ovr_auroc,"{""candidate_run_seed_rule"": ""42 + run_id"", ""locking_cv_seed"": 42, ""run_seed"": 45}",0.1.0,734e36a1e2a161f131d4990233d0d344c554195dfbfaa24b833950485ca54df8
AMP-AD,xgboost,rush,reference,legacy_zero_truncated,absolute,0.02,4,27,0.8492755407556356,,,,0.01019322399500322,0.011859912091116682,True,absolute_regret_within_tolerance,False,"{""1"": 0.06521739130434782, ""2"": 0.11904761904761904, ""5"": 0.11904761904761904}",0.10110420979986197,False,mean_jaccard > higher_locking_score > smaller_feature_count > lower_run_id,regret_constrained_medoid,absolute,0.02,0.02,1,macro_ovr_auroc,"{""candidate_run_seed_rule"": ""42 + run_id"", ""locking_cv_seed"": 42, ""run_seed"": 46}",0.1.0,734e36a1e2a161f131d4990233d0d344c554195dfbfaa24b833950485ca54df8
AMP-AD,xgboost,rush,reference,legacy_zero_truncated,absolute,0.02,5,20,0.8440443257317298,,,,0.015424439018908997,0.017946480025232973,True,absolute_regret_within_tolerance,False,"{""1"": 0.3548387096774194, ""2"": 0.17647058823529413, ""4"": 0.11904761904761904}",0.21678563898677752,True,mean_jaccard > higher_locking_score > smaller_feature_count > lower_run_id,regret_constrained_medoid,absolute,0.02,0.02,1,macro_ovr_auroc,"{""candidate_run_seed_rule"": ""42 + run_id"", ""locking_cv_seed"": 42, ""run_seed"": 47}",0.1.0,734e36a1e2a161f131d4990233d0d344c554195dfbfaa24b833950485ca54df8
