run_id,feature_count,canonical_features,canonical_mask,stable_mask_hash,candidate_universe_sha256,duplicate_mask_multiplicity,locking_score,fold_locking_scores,score_sd,score_se,absolute_regret,relative_regret,eligible,eligibility_reason,fallback_added,pairwise_jaccard,mean_jaccard,selected,selected_feature_set,tie_break_path,strategy,tolerance_mode,regret_tolerance,eligibility_threshold,minimum_pool_size,locking_metric,seeds,software_version,configuration_hash,outer_repeat,outer_fold,branch,features,jaccard_to_highest,jaccard_distance_to_highest
2,15,"[""RNA::LOC643387"", ""RNA::FTHL3"", ""RNA::THRAP3"", ""RNA::C15orf21"", ""RNA::MIA"", ""RNA::MRPS10"", ""RNA::ADAM2"", ""RNA::LOC723809"", ""RNA::PLEKHA4"", ""RNA::KRTAP4-7"", ""RNA::LAYN"", ""RNA::TRIM48"", ""RNA::ZNF75D"", ""RNA::HIST1H4H"", ""RNA::NUDT3""]",1100110000000100010000010000000000000000011010000010010010100000000000000000000010,03a01a1ab4392166928c499c38dd4f5db7cf246d4602d72285248964bb975c51,a74a243344a6a862ab0040585e843088080fc117821f58bb5ee40ac12ed900be,1,0.8839535075581002,"[0.8687557492796267, 0.8895961445631795, 0.8819775458397253, 0.8777992366133391, 0.9016388614946307]",0.0124233895183275,0.0055559086947877,0.0,0.0,True,absolute_regret_within_tolerance,False,"{""0"": 0.07142857142857142, ""1"": 0.2, ""4"": 0.07142857142857142}",0.1142857142857142,False,False,mean_jaccard > higher_locking_score > smaller_feature_count > stable_mask_hash,regret_constrained_medoid,absolute,0.01,0.01,1,macro_ovr_auroc,"{""candidate_seeds"": {""0"": 42, ""1"": 43, ""2"": 44, ""3"": 45, ""4"": 46}, ""locking_cv_seed"": 342, ""run_seed"": 44}",0.2.0,f4d17a07abba0e51ac2f0497b233ff630148c2a67bfcccdf45f8e38daa4a53ad,1,1,svm_l1,"[""RNA::LOC643387"", ""RNA::FTHL3"", ""RNA::THRAP3"", ""RNA::C15orf21"", ""RNA::MIA"", ""RNA::MRPS10"", ""RNA::ADAM2"", ""RNA::LOC723809"", ""RNA::PLEKHA4"", ""RNA::KRTAP4-7"", ""RNA::LAYN"", ""RNA::TRIM48"", ""RNA::ZNF75D"", ""RNA::HIST1H4H"", ""RNA::NUDT3""]",1.0,0.0
0,15,"[""RNA::LOC728643"", ""RNA::CT45A3"", ""RNA::ABCG1"", ""RNA::SYF2"", ""RNA::LEKR1"", ""RNA::TRIM35"", ""RNA::LSM14A"", ""RNA::LOC100240726"", ""RNA::CASP1"", ""SCNV::KCTD15"", ""RNA::HIST1H4H"", ""RNA::POLR2C"", ""RNA::TFF2"", ""RNA::C4A"", ""RNA::NUDT3""]",0010000000110000100001000000000010101001100000000000000000100000000010001000000110,2e7f5581e0929397af18c8dc21faeaa914af1ee0013a48a9112fcb00ce0a6f65,a74a243344a6a862ab0040585e843088080fc117821f58bb5ee40ac12ed900be,1,0.8804058831493403,"[0.8820713147824695, 0.8605586744173701, 0.9047729929140185, 0.8657512418730366, 0.8888751917598071]",0.017867072329675,0.0079903976576118,0.0035476244087598,0.0040133608593964,True,absolute_regret_within_tolerance,False,"{""1"": 0.07142857142857142, ""2"": 0.07142857142857142, ""4"": 0.15384615384615385}",0.0989010989010989,False,False,mean_jaccard > higher_locking_score > smaller_feature_count > stable_mask_hash,regret_constrained_medoid,absolute,0.01,0.01,1,macro_ovr_auroc,"{""candidate_seeds"": {""0"": 42, ""1"": 43, ""2"": 44, ""3"": 45, ""4"": 46}, ""locking_cv_seed"": 342, ""run_seed"": 42}",0.2.0,f4d17a07abba0e51ac2f0497b233ff630148c2a67bfcccdf45f8e38daa4a53ad,1,1,svm_l1,"[""RNA::LOC728643"", ""RNA::CT45A3"", ""RNA::ABCG1"", ""RNA::SYF2"", ""RNA::LEKR1"", ""RNA::TRIM35"", ""RNA::LSM14A"", ""RNA::LOC100240726"", ""RNA::CASP1"", ""SCNV::KCTD15"", ""RNA::HIST1H4H"", ""RNA::POLR2C"", ""RNA::TFF2"", ""RNA::C4A"", ""RNA::NUDT3""]",0.07142857142857142,0.9285714285714286
4,15,"[""RNA::LOC728643"", ""RNA::C15orf21"", ""RNA::MFSD2B"", ""RNA::ABCG1"", ""RNA::MRPS10"", ""RNA::LEKR1"", ""RNA::C1orf123"", ""RNA::PMP2"", ""RNA::TRIM35"", ""RNA::PGA5"", ""RNA::SRXN1"", ""RNA::HTN3"", ""RNA::HAPLN1"", ""RNA::IL12A"", ""RNA::DMBX1""]",0010010100010000010001100100000010000000000100000100000100010000000000000100100000,66283f3df536141a15407305396b12b832e78def09c5790c2d5d634a437b71fc,a74a243344a6a862ab0040585e843088080fc117821f58bb5ee40ac12ed900be,1,0.881570118005869,"[0.8789377579470238, 0.8412658162301783, 0.8693832639345459, 0.8916465775440134, 0.9266171743735846]",0.0312676262189868,0.0139833075441418,0.0023833895522311,0.0026962838337677,True,absolute_regret_within_tolerance,False,"{""0"": 0.15384615384615385, ""1"": 0.2, ""2"": 0.07142857142857142}",0.1417582417582417,False,False,mean_jaccard > higher_locking_score > smaller_feature_count > stable_mask_hash,regret_constrained_medoid,absolute,0.01,0.01,1,macro_ovr_auroc,"{""candidate_seeds"": {""0"": 42, ""1"": 43, ""2"": 44, ""3"": 45, ""4"": 46}, ""locking_cv_seed"": 342, ""run_seed"": 46}",0.2.0,f4d17a07abba0e51ac2f0497b233ff630148c2a67bfcccdf45f8e38daa4a53ad,1,1,svm_l1,"[""RNA::LOC728643"", ""RNA::C15orf21"", ""RNA::MFSD2B"", ""RNA::ABCG1"", ""RNA::MRPS10"", ""RNA::LEKR1"", ""RNA::C1orf123"", ""RNA::PMP2"", ""RNA::TRIM35"", ""RNA::PGA5"", ""RNA::SRXN1"", ""RNA::HTN3"", ""RNA::HAPLN1"", ""RNA::IL12A"", ""RNA::DMBX1""]",0.07142857142857142,0.9285714285714286
1,15,"[""RNA::LOC643387"", ""RNA::LOC728643"", ""RNA::MFSD2B"", ""RNA::MIA"", ""RNA::PPIAL4C"", ""RNA::CYTL1"", ""RNA::TRIM35"", ""RNA::FXN"", ""RNA::FAM159A"", ""RNA::LOC723809"", ""RNA::PGA5"", ""RNA::LAYN"", ""RNA::HTN3"", ""RNA::ZNF75D"", ""RNA::BRF2""]",1010000100000101000000000010000011010000010100000010000110000000000000000000001000,9ae74d302cc0256a77bb632d96b2b41d6836decc3df7f3c3cc63fe69226e4dc6,a74a243344a6a862ab0040585e843088080fc117821f58bb5ee40ac12ed900be,1,0.8814740705410766,"[0.866832052282872, 0.8712301424124305, 0.8695095058075827, 0.8883592665643947, 0.9114393856381036]",0.0187603545048065,0.0083898855909483,0.0024794370170235,0.0028049405266493,True,absolute_regret_within_tolerance,False,"{""0"": 0.07142857142857142, ""2"": 0.2, ""4"": 0.2}",0.1571428571428571,True,True,mean_jaccard > higher_locking_score > smaller_feature_count > stable_mask_hash,regret_constrained_medoid,absolute,0.01,0.01,1,macro_ovr_auroc,"{""candidate_seeds"": {""0"": 42, ""1"": 43, ""2"": 44, ""3"": 45, ""4"": 46}, ""locking_cv_seed"": 342, ""run_seed"": 43}",0.2.0,f4d17a07abba0e51ac2f0497b233ff630148c2a67bfcccdf45f8e38daa4a53ad,1,1,svm_l1,"[""RNA::LOC643387"", ""RNA::LOC728643"", ""RNA::MFSD2B"", ""RNA::MIA"", ""RNA::PPIAL4C"", ""RNA::CYTL1"", ""RNA::TRIM35"", ""RNA::FXN"", ""RNA::FAM159A"", ""RNA::LOC723809"", ""RNA::PGA5"", ""RNA::LAYN"", ""RNA::HTN3"", ""RNA::ZNF75D"", ""RNA::BRF2""]",0.2,0.8
3,15,"[""RNA::FTHL3"", ""RNA::C15orf21"", ""RNA::MFNG"", ""RNA::FOXD3"", ""RNA::SUMO1P3"", ""RNA::PMP2"", ""RNA::FAM159A"", ""RNA::PLEKHA4"", ""RNA::TMEM149"", ""RNA::NANP"", ""RNA::ARV1"", ""RNA::FYCO1"", ""RNA::BRF2"", ""RNA::C4A"", ""RNA::C12orf43""]",0100011010000010000000000100000000010000001000001000100000000000010000000010001101,e906d10d02a4c310261fd9581a342a8a0255dca9096a53995e85259b52461fc3,a74a243344a6a862ab0040585e843088080fc117821f58bb5ee40ac12ed900be,1,0.8723874080090155,"[0.8381023435593998, 0.8959295354074399, 0.8730894787785812, 0.8574539776462853, 0.8973617046533713]",0.025381652553578,0.0113510200982163,0.0115660995490847,0.0130845111764257,False,absolute_regret_exceeds_tolerance,False,{},,False,False,mean_jaccard > higher_locking_score > smaller_feature_count > stable_mask_hash,regret_constrained_medoid,absolute,0.01,0.01,1,macro_ovr_auroc,"{""candidate_seeds"": {""0"": 42, ""1"": 43, ""2"": 44, ""3"": 45, ""4"": 46}, ""locking_cv_seed"": 342, ""run_seed"": 45}",0.2.0,f4d17a07abba0e51ac2f0497b233ff630148c2a67bfcccdf45f8e38daa4a53ad,1,1,svm_l1,"[""RNA::FTHL3"", ""RNA::C15orf21"", ""RNA::MFNG"", ""RNA::FOXD3"", ""RNA::SUMO1P3"", ""RNA::PMP2"", ""RNA::FAM159A"", ""RNA::PLEKHA4"", ""RNA::TMEM149"", ""RNA::NANP"", ""RNA::ARV1"", ""RNA::FYCO1"", ""RNA::BRF2"", ""RNA::C4A"", ""RNA::C12orf43""]",0.1111111111111111,0.8888888888888888
4,20,"[""RNA::FCHSD2"", ""RNA::MFSD2B"", ""SCNV::ACAP3"", ""RNA::ATP8B5P"", ""RNA::CXorf26"", ""RNA::GMPS"", ""RNA::MORF4L1"", ""RNA::MTHFR"", ""RNA::SH2D1A"", ""RNA::SRP68"", ""RNA::APOC4"", ""RNA::ANKRD31"", ""RNA::RPL5"", ""RNA::SHF"", ""RNA::PRR5L"", ""RNA::MN1"", ""RNA::C17orf103"", ""RNA::ANXA10"", ""RNA::SC65"", ""RNA::LCN12""]",0000000000100001011000010000010000000011000000001000010001100100010001000000011011100000000000000000,159ca09ae6da1a2b40687ad4ab799d44cc2d60c4493ff1c8f89b6311da375f6d,ac13229fc6fbf427b4c9ccf6b6fe8d1c73ce3c58b6b092c76ac2333c0f96cc58,1,0.8755038155674498,"[0.878093206719365, 0.8807820238682675, 0.8683057564467822, 0.8379581689677844, 0.91237992183505]",0.0267203072425981,0.0119496846748258,0.0212278472704735,0.0236724631795568,False,absolute_regret_exceeds_tolerance,False,{},,False,False,mean_jaccard > higher_locking_score > smaller_feature_count > stable_mask_hash,regret_constrained_medoid,absolute,0.01,0.01,1,macro_ovr_auroc,"{""candidate_seeds"": {""0"": 42, ""1"": 43, ""2"": 44, ""3"": 45, ""4"": 46}, ""locking_cv_seed"": 342, ""run_seed"": 46}",0.2.0,f4d17a07abba0e51ac2f0497b233ff630148c2a67bfcccdf45f8e38daa4a53ad,1,1,xgboost,"[""RNA::FCHSD2"", ""RNA::MFSD2B"", ""SCNV::ACAP3"", ""RNA::ATP8B5P"", ""RNA::CXorf26"", ""RNA::GMPS"", ""RNA::MORF4L1"", ""RNA::MTHFR"", ""RNA::SH2D1A"", ""RNA::SRP68"", ""RNA::APOC4"", ""RNA::ANKRD31"", ""RNA::RPL5"", ""RNA::SHF"", ""RNA::PRR5L"", ""RNA::MN1"", ""RNA::C17orf103"", ""RNA::ANXA10"", ""RNA::SC65"", ""RNA::LCN12""]",0.05263157894736842,0.9473684210526316
0,20,"[""RNA::LRRC42"", ""RNA::ASAP3"", ""RNA::PMPCA"", ""RNA::NFIA"", ""RNA::CP"", ""RNA::LRRTM4"", ""RNA::SCARF2"", ""RNA::C1orf116"", ""RNA::ARFIP2"", ""RNA::GCSH"", ""RNA::LEPREL2"", ""RNA::PRSS48"", ""RNA::C11orf70"", ""RNA::C15orf21"", ""RNA::EIF1B"", ""RNA::SMOC2"", ""RNA::ZDHHC21"", ""RNA::UPF3B"", ""RNA::SLC10A3"", ""RNA::FMOD""]",0110000001010110000000100010000000010000010010000111000000010000101100000000000000010000000000100000,4b4870fbcaefd063a6d8041af1ac66c0c8054aab677ad5d8896ffe14f5cb910f,ac13229fc6fbf427b4c9ccf6b6fe8d1c73ce3c58b6b092c76ac2333c0f96cc58,1,0.8730517268833717,"[0.8894370066687265, 0.8499532297643488, 0.8699167671122799, 0.8401300770691797, 0.9158215538023231]",0.0305161394049672,0.0136472324240733,0.0236799359545516,0.0264069363622232,False,absolute_regret_exceeds_tolerance,False,{},,False,False,mean_jaccard > higher_locking_score > smaller_feature_count > stable_mask_hash,regret_constrained_medoid,absolute,0.01,0.01,1,macro_ovr_auroc,"{""candidate_seeds"": {""0"": 42, ""1"": 43, ""2"": 44, ""3"": 45, ""4"": 46}, ""locking_cv_seed"": 342, ""run_seed"": 42}",0.2.0,f4d17a07abba0e51ac2f0497b233ff630148c2a67bfcccdf45f8e38daa4a53ad,1,1,xgboost,"[""RNA::LRRC42"", ""RNA::ASAP3"", ""RNA::PMPCA"", ""RNA::NFIA"", ""RNA::CP"", ""RNA::LRRTM4"", ""RNA::SCARF2"", ""RNA::C1orf116"", ""RNA::ARFIP2"", ""RNA::GCSH"", ""RNA::LEPREL2"", ""RNA::PRSS48"", ""RNA::C11orf70"", ""RNA::C15orf21"", ""RNA::EIF1B"", ""RNA::SMOC2"", ""RNA::ZDHHC21"", ""RNA::UPF3B"", ""RNA::SLC10A3"", ""RNA::FMOD""]",0.17647058823529413,0.8235294117647058
3,20,"[""SCNV::RN7SL420P"", ""RNA::EEF1A1P9"", ""RNA::PMPCA"", ""RNA::CP"", ""RNA::CAMK2G"", ""RNA::SCARF2"", ""RNA::OPA3"", ""RNA::C1orf116"", ""RNA::PLSCR1"", ""RNA::GPR182"", ""RNA::GCSH"", ""RNA::C14orf70"", ""RNA::SRP68"", ""RNA::SHF"", ""RNA::UPF3B"", ""RNA::ATXN7"", ""RNA::HNRNPA3P1"", ""RNA::ANKRD12"", ""RNA::TMOD2"", ""RNA::KDELR1""]",0000001011000100000010101010000010000000110001000000010000000000010100000010000000000100000110010000,4e10e0b152440bf7627627111c219cd6c578cbdf61063b5f8852401a5f70c48b,ac13229fc6fbf427b4c9ccf6b6fe8d1c73ce3c58b6b092c76ac2333c0f96cc58,1,0.8967316628379234,"[0.898851478502227, 0.9055036543008745, 0.8620769869968588, 0.8672839506172839, 0.949942243772372]",0.0352878225764111,0.0157811940117614,0.0,0.0,True,absolute_regret_within_tolerance,False,{},,True,True,mean_jaccard > higher_locking_score > smaller_feature_count > stable_mask_hash,regret_constrained_medoid,absolute,0.01,0.01,1,macro_ovr_auroc,"{""candidate_seeds"": {""0"": 42, ""1"": 43, ""2"": 44, ""3"": 45, ""4"": 46}, ""locking_cv_seed"": 342, ""run_seed"": 45}",0.2.0,f4d17a07abba0e51ac2f0497b233ff630148c2a67bfcccdf45f8e38daa4a53ad,1,1,xgboost,"[""SCNV::RN7SL420P"", ""RNA::EEF1A1P9"", ""RNA::PMPCA"", ""RNA::CP"", ""RNA::CAMK2G"", ""RNA::SCARF2"", ""RNA::OPA3"", ""RNA::C1orf116"", ""RNA::PLSCR1"", ""RNA::GPR182"", ""RNA::GCSH"", ""RNA::C14orf70"", ""RNA::SRP68"", ""RNA::SHF"", ""RNA::UPF3B"", ""RNA::ATXN7"", ""RNA::HNRNPA3P1"", ""RNA::ANKRD12"", ""RNA::TMOD2"", ""RNA::KDELR1""]",1.0,0.0
1,20,"[""RNA::CDK11B"", ""SCNV::RN7SL420P"", ""RNA::LRRTM4"", ""RNA::ATP8B5P"", ""RNA::CXorf26"", ""RNA::OPA3"", ""RNA::CYTSB"", ""RNA::ACSM5"", ""RNA::GTPBP5"", ""RNA::MTHFR"", ""RNA::C15orf21"", ""RNA::SHF"", ""RNA::FBXO21"", ""RNA::C17orf103"", ""RNA::LCN12"", ""RNA::SLC10A3"", ""RNA::PYGO2"", ""RNA::ANKRD12"", ""RNA::FMOD"", ""RNA::THBS3""]",0001001000000010001000011000000101000101000000000001000000000000010000000100001000110010000100101000,59065421bc04c4f5b343aef68b2f7f6173ad215f8e18ba91a6be6bd9a24a0235,ac13229fc6fbf427b4c9ccf6b6fe8d1c73ce3c58b6b092c76ac2333c0f96cc58,1,0.8640618934663176,"[0.8769558519870352, 0.8538417353679292, 0.8596041986266345, 0.813803966688582, 0.9161037146614069]",0.0371644561324111,0.016620450051776,0.0326697693716058,0.0364320462023326,False,absolute_regret_exceeds_tolerance,False,{},,False,False,mean_jaccard > higher_locking_score > smaller_feature_count > stable_mask_hash,regret_constrained_medoid,absolute,0.01,0.01,1,macro_ovr_auroc,"{""candidate_seeds"": {""0"": 42, ""1"": 43, ""2"": 44, ""3"": 45, ""4"": 46}, ""locking_cv_seed"": 342, ""run_seed"": 43}",0.2.0,f4d17a07abba0e51ac2f0497b233ff630148c2a67bfcccdf45f8e38daa4a53ad,1,1,xgboost,"[""RNA::CDK11B"", ""SCNV::RN7SL420P"", ""RNA::LRRTM4"", ""RNA::ATP8B5P"", ""RNA::CXorf26"", ""RNA::OPA3"", ""RNA::CYTSB"", ""RNA::ACSM5"", ""RNA::GTPBP5"", ""RNA::MTHFR"", ""RNA::C15orf21"", ""RNA::SHF"", ""RNA::FBXO21"", ""RNA::C17orf103"", ""RNA::LCN12"", ""RNA::SLC10A3"", ""RNA::PYGO2"", ""RNA::ANKRD12"", ""RNA::FMOD"", ""RNA::THBS3""]",0.1111111111111111,0.8888888888888888
2,20,"[""RNA::NADK"", ""RNA::LRRC42"", ""RNA::CDH20"", ""RNA::PMPCA"", ""RNA::CP"", ""RNA::KIAA0195"", ""RNA::SLC7A11"", ""RNA::MORF4L1"", ""RNA::MTHFR"", ""RNA::GCSH"", ""RNA::ANKHD1-EIF4EBP3"", ""RNA::DNALI1"", ""RNA::APOC4"", ""RNA::UPF3B"", ""RNA::KCNH4"", ""RNA::PRR5L"", ""RNA::FBXO21"", ""RNA::PYGO2"", ""RNA::ALKBH3"", ""RNA::NKX2-8""]",1100000101000100000000000000000000101011011000000000001001000000000111000100000000000010110000000000,9e9070bb62b3d18d88067d984433884648a2dc52371394922d60a5c59ab982bd,ac13229fc6fbf427b4c9ccf6b6fe8d1c73ce3c58b6b092c76ac2333c0f96cc58,1,0.8731178451363564,"[0.8637001906780952, 0.8671853039057245, 0.8661333917744174, 0.8475032416538827, 0.9210670976696618]",0.0279638542576863,0.0125058158066167,0.023613817701567,0.0263332038782208,False,absolute_regret_exceeds_tolerance,False,{},,False,False,mean_jaccard > higher_locking_score > smaller_feature_count > stable_mask_hash,regret_constrained_medoid,absolute,0.01,0.01,1,macro_ovr_auroc,"{""candidate_seeds"": {""0"": 42, ""1"": 43, ""2"": 44, ""3"": 45, ""4"": 46}, ""locking_cv_seed"": 342, ""run_seed"": 44}",0.2.0,f4d17a07abba0e51ac2f0497b233ff630148c2a67bfcccdf45f8e38daa4a53ad,1,1,xgboost,"[""RNA::NADK"", ""RNA::LRRC42"", ""RNA::CDH20"", ""RNA::PMPCA"", ""RNA::CP"", ""RNA::KIAA0195"", ""RNA::SLC7A11"", ""RNA::MORF4L1"", ""RNA::MTHFR"", ""RNA::GCSH"", ""RNA::ANKHD1-EIF4EBP3"", ""RNA::DNALI1"", ""RNA::APOC4"", ""RNA::UPF3B"", ""RNA::KCNH4"", ""RNA::PRR5L"", ""RNA::FBXO21"", ""RNA::PYGO2"", ""RNA::ALKBH3"", ""RNA::NKX2-8""]",0.1111111111111111,0.8888888888888888
4,18,"[""RNA::ACTR3"", ""RNA::C15orf21"", ""RNA::CAPZA1"", ""RNA::CCDC109B"", ""RNA::CKLF"", ""RNA::DTYMK"", ""RNA::FAM90A7"", ""RNA::FTHL3"", ""RNA::GPN1"", ""RNA::HMGN5"", ""RNA::KIAA0427"", ""RNA::LDHA"", ""RNA::LRRC37A4"", ""RNA::LRRC42"", ""RNA::NALCN"", ""RNA::NCRNA00152"", ""RNA::NFIA"", ""RNA::PIGC""]",0001000000001001010010000000000100001100010000001001010000000001100000000000110010000010000000000000,0366ebb0cd5208d4177609177e8f58436be6a5940fe6224c30c763779eddc19e,a28baece7e8aca7f9cf310ab18241bd706b526a80979a16344b00f164fa036a6,1,0.8454560083564322,"[0.8380795259359051, 0.8556840975541973, 0.8116608225582584, 0.8365398312513698, 0.8853157644824311]",0.0272462807428088,0.0121849071749927,0.0123243804417525,0.0143677572986017,False,absolute_regret_exceeds_tolerance,False,{},,False,False,mean_jaccard > higher_locking_score > smaller_feature_count > stable_mask_hash,regret_constrained_medoid,absolute,0.01,0.01,1,macro_ovr_auroc,"{""candidate_seeds"": {""0"": 42, ""1"": 43, ""2"": 44, ""3"": 45, ""4"": 46}, ""locking_cv_seed"": 342, ""run_seed"": 46}",0.2.0,f4d17a07abba0e51ac2f0497b233ff630148c2a67bfcccdf45f8e38daa4a53ad,1,1,boruta_rf,"[""RNA::ACTR3"", ""RNA::C15orf21"", ""RNA::CAPZA1"", ""RNA::CCDC109B"", ""RNA::CKLF"", ""RNA::DTYMK"", ""RNA::FAM90A7"", ""RNA::FTHL3"", ""RNA::GPN1"", ""RNA::HMGN5"", ""RNA::KIAA0427"", ""RNA::LDHA"", ""RNA::LRRC37A4"", ""RNA::LRRC42"", ""RNA::NALCN"", ""RNA::NCRNA00152"", ""RNA::NFIA"", ""RNA::PIGC""]",0.02857142857142857,0.9714285714285714
3,15,"[""RNA::ACTR3"", ""RNA::ATP8B5P"", ""RNA::C15orf21"", ""RNA::C1orf116"", ""RNA::CLIC1"", ""RNA::DNALI1"", ""RNA::DST"", ""RNA::DYNC1H1"", ""RNA::EDARADD"", ""RNA::EEF1A1P9"", ""RNA::LSM14A"", ""RNA::LYPLA1"", ""RNA::MTMR12"", ""RNA::NCRNA00152"", ""RNA::RAB6C""]",0001000001001100000001000000101011100000000000000000000000000000001100001000010000000000000010000000,19222ef9f1f4992b0effdc1d792b5a408c0c1ab7ceaad99348ec4b3bbf253c3e,a28baece7e8aca7f9cf310ab18241bd706b526a80979a16344b00f164fa036a6,1,0.8491814236205834,"[0.859537973312029, 0.8045539099307808, 0.8571729582146248, 0.8458842409964205, 0.8787580356490613]",0.0276060913439083,0.0123458193676095,0.0085989651776013,0.0100246698221315,True,absolute_regret_within_tolerance,False,"{""0"": 0.1}",0.1,False,False,mean_jaccard > higher_locking_score > smaller_feature_count > stable_mask_hash,regret_constrained_medoid,absolute,0.01,0.01,1,macro_ovr_auroc,"{""candidate_seeds"": {""0"": 42, ""1"": 43, ""2"": 44, ""3"": 45, ""4"": 46}, ""locking_cv_seed"": 342, ""run_seed"": 45}",0.2.0,f4d17a07abba0e51ac2f0497b233ff630148c2a67bfcccdf45f8e38daa4a53ad,1,1,boruta_rf,"[""RNA::ACTR3"", ""RNA::ATP8B5P"", ""RNA::C15orf21"", ""RNA::C1orf116"", ""RNA::CLIC1"", ""RNA::DNALI1"", ""RNA::DST"", ""RNA::DYNC1H1"", ""RNA::EDARADD"", ""RNA::EEF1A1P9"", ""RNA::LSM14A"", ""RNA::LYPLA1"", ""RNA::MTMR12"", ""RNA::NCRNA00152"", ""RNA::RAB6C""]",0.1,0.9
2,18,"[""RNA::AKAP6"", ""RNA::ASAP3"", ""RNA::BRD7"", ""RNA::CAPZA1"", ""RNA::CLIC1"", ""RNA::EEF1A1P9"", ""RNA::GPN1"", ""RNA::H3F3C"", ""RNA::KDELR1"", ""RNA::LOC728643"", ""RNA::MFSD2B"", ""RNA::MLLT6"", ""RNA::NCRNA00152"", ""RNA::OSTC"", ""RNA::PIGC"", ""RNA::RGPD4"", ""RNA::RPL12"", ""RNA::RPL13AP3""]",0000101000100001000001000000000000100000010001000010000000000010000011000000010000010010000000010110,ba37e687cc8c7d7006b26a261730907b6af967fcea96cdadb1b95a83f8131daa,a28baece7e8aca7f9cf310ab18241bd706b526a80979a16344b00f164fa036a6,1,0.8319407245416528,"[0.793818331394062, 0.8375491272408592, 0.8441421944627072, 0.8263701694791438, 0.8578238001314924]",0.0241589092989736,0.0108041926909513,0.0258396642565319,0.0301238692257062,False,absolute_regret_exceeds_tolerance,False,{},,False,False,mean_jaccard > higher_locking_score > smaller_feature_count > stable_mask_hash,regret_constrained_medoid,absolute,0.01,0.01,1,macro_ovr_auroc,"{""candidate_seeds"": {""0"": 42, ""1"": 43, ""2"": 44, ""3"": 45, ""4"": 46}, ""locking_cv_seed"": 342, ""run_seed"": 44}",0.2.0,f4d17a07abba0e51ac2f0497b233ff630148c2a67bfcccdf45f8e38daa4a53ad,1,1,boruta_rf,"[""RNA::AKAP6"", ""RNA::ASAP3"", ""RNA::BRD7"", ""RNA::CAPZA1"", ""RNA::CLIC1"", ""RNA::EEF1A1P9"", ""RNA::GPN1"", ""RNA::H3F3C"", ""RNA::KDELR1"", ""RNA::LOC728643"", ""RNA::MFSD2B"", ""RNA::MLLT6"", ""RNA::NCRNA00152"", ""RNA::OSTC"", ""RNA::PIGC"", ""RNA::RGPD4"", ""RNA::RPL12"", ""RNA::RPL13AP3""]",0.16129032258064516,0.8387096774193549
1,18,"[""RNA::ANXA2P1"", ""RNA::BZW1"", ""RNA::C1orf116"", ""RNA::CAPZA1"", ""RNA::CLIC1"", ""RNA::DTYMK"", ""RNA::EEF1A1P9"", ""RNA::GCSH"", ""RNA::GPN1"", ""RNA::LRRC37A4"", ""RNA::MLLT6"", ""RNA::MPRIP"", ""RNA::NACA2"", ""RNA::NADK"", ""RNA::NFIA"", ""RNA::OSTC"", ""RNA::RAN"", ""RNA::RGPD4""]",0000010000010101000001000000000100100001010000000000000000000001000001010101000010010000000001010000,db497d8301d38e343fbae5ba2a7707d19e48bc53dc7f40f5ca213c9d2016f67c,a28baece7e8aca7f9cf310ab18241bd706b526a80979a16344b00f164fa036a6,1,0.8451650339296432,"[0.8398668973775887, 0.8451364901828194, 0.8189814814814814, 0.8393119018920301, 0.8825283987142962]",0.0231512940629466,0.0103535734583672,0.0126153548685415,0.0147069751573787,False,absolute_regret_exceeds_tolerance,False,{},,False,False,mean_jaccard > higher_locking_score > smaller_feature_count > stable_mask_hash,regret_constrained_medoid,absolute,0.01,0.01,1,macro_ovr_auroc,"{""candidate_seeds"": {""0"": 42, ""1"": 43, ""2"": 44, ""3"": 45, ""4"": 46}, ""locking_cv_seed"": 342, ""run_seed"": 43}",0.2.0,f4d17a07abba0e51ac2f0497b233ff630148c2a67bfcccdf45f8e38daa4a53ad,1,1,boruta_rf,"[""RNA::ANXA2P1"", ""RNA::BZW1"", ""RNA::C1orf116"", ""RNA::CAPZA1"", ""RNA::CLIC1"", ""RNA::DTYMK"", ""RNA::EEF1A1P9"", ""RNA::GCSH"", ""RNA::GPN1"", ""RNA::LRRC37A4"", ""RNA::MLLT6"", ""RNA::MPRIP"", ""RNA::NACA2"", ""RNA::NADK"", ""RNA::NFIA"", ""RNA::OSTC"", ""RNA::RAN"", ""RNA::RGPD4""]",0.09090909090909091,0.9090909090909091
0,18,"[""RNA::ACBD5"", ""RNA::AKAP6"", ""RNA::DST"", ""RNA::GPX7"", ""RNA::H3F3C"", ""RNA::HIPK2"", ""RNA::LDHA"", ""RNA::LOC100130776"", ""RNA::LOC284232"", ""RNA::LOC541471"", ""RNA::LRRTM4"", ""RNA::LSM14A"", ""RNA::MLLT6"", ""RNA::MTMR12"", ""RNA::NEK10"", ""RNA::OSTC"", ""RNA::RGPD4"", ""RNA::RPL13A""]",0100100000000000000000000000001000000000000101010000011100010000011001001000001000010000000000010001,e081d11b270725e63b9c573c63bb11e964dbb42804ac5d532dda33256b566979,a28baece7e8aca7f9cf310ab18241bd706b526a80979a16344b00f164fa036a6,1,0.8577803887981847,"[0.8229829438400358, 0.8903336761681274, 0.848170748411133, 0.8291059427277377, 0.8983086328438893]",0.0347407768531774,0.0155365477269712,0.0,0.0,True,absolute_regret_within_tolerance,False,"{""3"": 0.1}",0.1,True,True,mean_jaccard > higher_locking_score > smaller_feature_count > stable_mask_hash,regret_constrained_medoid,absolute,0.01,0.01,1,macro_ovr_auroc,"{""candidate_seeds"": {""0"": 42, ""1"": 43, ""2"": 44, ""3"": 45, ""4"": 46}, ""locking_cv_seed"": 342, ""run_seed"": 42}",0.2.0,f4d17a07abba0e51ac2f0497b233ff630148c2a67bfcccdf45f8e38daa4a53ad,1,1,boruta_rf,"[""RNA::ACBD5"", ""RNA::AKAP6"", ""RNA::DST"", ""RNA::GPX7"", ""RNA::H3F3C"", ""RNA::HIPK2"", ""RNA::LDHA"", ""RNA::LOC100130776"", ""RNA::LOC284232"", ""RNA::LOC541471"", ""RNA::LRRTM4"", ""RNA::LSM14A"", ""RNA::MLLT6"", ""RNA::MTMR12"", ""RNA::NEK10"", ""RNA::OSTC"", ""RNA::RGPD4"", ""RNA::RPL13A""]",1.0,0.0
0,15,"[""RNA::CARD8"", ""RNA::PLEKHA4"", ""RNA::LOC100129034"", ""RNA::AK2"", ""RNA::PPIAL4C"", ""SCNV::KCTD15"", ""RNA::HDAC1"", ""RNA::ACADM"", ""RNA::ATP5EP2"", ""RNA::ASAP3"", ""RNA::GMDS"", ""RNA::CHRDL2"", ""RNA::EEPD1"", ""RNA::TAOK3"", ""RNA::ZNF596""]",000010000010000001001001100010100110000100100000000000000100000000001000001,1afb4e7f883f64950c2f6cf779ed7789ddb4c7798c9c7fb3232fbe260ac17a0c,70557b5af6e54e1dea9fad23ca4635de849e7b53df2755ebaef307193f8f0ce6,1,0.8677931469370821,"[0.9032768101727475, 0.8644148890496004, 0.8335872979365812, 0.8860439951786105, 0.8516427423478706]",0.0275430214335321,0.0123176136462223,0.0110182851497918,0.0125377125825812,False,absolute_regret_exceeds_tolerance,False,{},,False,False,mean_jaccard > higher_locking_score > smaller_feature_count > stable_mask_hash,regret_constrained_medoid,absolute,0.01,0.01,1,macro_ovr_auroc,"{""candidate_seeds"": {""0"": 42, ""1"": 43, ""2"": 44, ""3"": 45, ""4"": 46}, ""locking_cv_seed"": 342, ""run_seed"": 42}",0.2.0,f4d17a07abba0e51ac2f0497b233ff630148c2a67bfcccdf45f8e38daa4a53ad,1,2,svm_l1,"[""RNA::CARD8"", ""RNA::PLEKHA4"", ""RNA::LOC100129034"", ""RNA::AK2"", ""RNA::PPIAL4C"", ""SCNV::KCTD15"", ""RNA::HDAC1"", ""RNA::ACADM"", ""RNA::ATP5EP2"", ""RNA::ASAP3"", ""RNA::GMDS"", ""RNA::CHRDL2"", ""RNA::EEPD1"", ""RNA::TAOK3"", ""RNA::ZNF596""]",0.1111111111111111,0.8888888888888888
1,15,"[""RNA::FTHL3"", ""RNA::THRAP3"", ""RNA::MFSD2B"", ""RNA::NACAP1"", ""RNA::SYF2"", ""RNA::SUMO1P3"", ""RNA::CYTL1"", ""RNA::GCSH"", ""RNA::GMDS"", ""RNA::HERC2"", ""RNA::CHRDL2"", ""SCNV::ZNF254"", ""RNA::ECHDC3"", ""RNA::GOLGA6L5"", ""RNA::MSX2""]",101101000000000100000000010100010000000110100100010000000000010000000010000,21f4d5a18129d1b6a1fc5a8cd8ec2bb980a565bcca1db3ea397ae9f79f6fc90b,70557b5af6e54e1dea9fad23ca4635de849e7b53df2755ebaef307193f8f0ce6,1,0.8736379093853222,"[0.8991201408343247, 0.8938067258630338, 0.8139502213206392, 0.8925747863247864, 0.8687376725838265]",0.0353601577102329,0.0158135432670388,0.0051735227015518,0.0058869542573729,True,absolute_regret_within_tolerance,False,"{""2"": 0.15384615384615385, ""3"": 0.1111111111111111, ""4"": 0.15384615384615385}",0.1396011396011396,False,False,mean_jaccard > higher_locking_score > smaller_feature_count > stable_mask_hash,regret_constrained_medoid,absolute,0.01,0.01,1,macro_ovr_auroc,"{""candidate_seeds"": {""0"": 42, ""1"": 43, ""2"": 44, ""3"": 45, ""4"": 46}, ""locking_cv_seed"": 342, ""run_seed"": 43}",0.2.0,f4d17a07abba0e51ac2f0497b233ff630148c2a67bfcccdf45f8e38daa4a53ad,1,2,svm_l1,"[""RNA::FTHL3"", ""RNA::THRAP3"", ""RNA::MFSD2B"", ""RNA::NACAP1"", ""RNA::SYF2"", ""RNA::SUMO1P3"", ""RNA::CYTL1"", ""RNA::GCSH"", ""RNA::GMDS"", ""RNA::HERC2"", ""RNA::CHRDL2"", ""SCNV::ZNF254"", ""RNA::ECHDC3"", ""RNA::GOLGA6L5"", ""RNA::MSX2""]",0.15384615384615385,0.8461538461538461
4,15,"[""RNA::LOC643387"", ""RNA::PLEKHA4"", ""RNA::AK2"", ""RNA::PPIAL4C"", ""SCNV::KCTD15"", ""RNA::CYTL1"", ""RNA::GCSH"", ""RNA::HCG22"", ""RNA::SUMF1"", ""RNA::PARP9"", ""SCNV::ZNF726"", ""RNA::GOLGA6L5"", ""RNA::HSPBAP1"", ""RNA::TAOK3"", ""RNA::MSX2""]",010000000010000000001001100100011000010000001001000000000000010001001010000,b04eceb56891a5ba834932d1475f7f7c09bfe2e1afe3e80bda81bfcd7f154839,70557b5af6e54e1dea9fad23ca4635de849e7b53df2755ebaef307193f8f0ce6,1,0.870340839130078,"[0.8932049008447797, 0.8793396454658038, 0.8165578340136325, 0.8865220249835635, 0.8760797903426109]",0.0307860431428028,0.0137679370451096,0.0084705929567959,0.0096386922694908,True,absolute_regret_within_tolerance,False,"{""1"": 0.15384615384615385, ""2"": 0.2, ""3"": 0.07142857142857142}",0.1417582417582417,False,False,mean_jaccard > higher_locking_score > smaller_feature_count > stable_mask_hash,regret_constrained_medoid,absolute,0.01,0.01,1,macro_ovr_auroc,"{""candidate_seeds"": {""0"": 42, ""1"": 43, ""2"": 44, ""3"": 45, ""4"": 46}, ""locking_cv_seed"": 342, ""run_seed"": 46}",0.2.0,f4d17a07abba0e51ac2f0497b233ff630148c2a67bfcccdf45f8e38daa4a53ad,1,2,svm_l1,"[""RNA::LOC643387"", ""RNA::PLEKHA4"", ""RNA::AK2"", ""RNA::PPIAL4C"", ""SCNV::KCTD15"", ""RNA::CYTL1"", ""RNA::GCSH"", ""RNA::HCG22"", ""RNA::SUMF1"", ""RNA::PARP9"", ""SCNV::ZNF726"", ""RNA::GOLGA6L5"", ""RNA::HSPBAP1"", ""RNA::TAOK3"", ""RNA::MSX2""]",0.2,0.8
2,15,"[""RNA::PMP2"", ""RNA::SPATS2"", ""RNA::SYF2"", ""RNA::NUDT3"", ""SCNV::KCTD15"", ""RNA::GCSH"", ""RNA::ECHDC3"", ""RNA::HTN3"", ""RNA::GDF7"", ""RNA::LOC100132831"", ""RNA::HSPBAP1"", ""RNA::TAOK3"", ""RNA::MSX2"", ""RNA::IL9"", ""RNA::ZNF596""]",000000000001010100000100100000010000000000000000011000010000001001001010011,de9d625e18d357c69b73bc4612c7f28d33dbb12f6c730b1f5738580f18d03eca,70557b5af6e54e1dea9fad23ca4635de849e7b53df2755ebaef307193f8f0ce6,1,0.878811432086874,"[0.8905791517160014, 0.8786079403951821, 0.838830974568218, 0.8996217309518592, 0.8864173628031095]",0.0236001924698167,0.0105543269289177,0.0,0.0,True,absolute_regret_within_tolerance,False,"{""1"": 0.15384615384615385, ""3"": 0.1111111111111111, ""4"": 0.2}",0.1549857549857549,True,True,mean_jaccard > higher_locking_score > smaller_feature_count > stable_mask_hash,regret_constrained_medoid,absolute,0.01,0.01,1,macro_ovr_auroc,"{""candidate_seeds"": {""0"": 42, ""1"": 43, ""2"": 44, ""3"": 45, ""4"": 46}, ""locking_cv_seed"": 342, ""run_seed"": 44}",0.2.0,f4d17a07abba0e51ac2f0497b233ff630148c2a67bfcccdf45f8e38daa4a53ad,1,2,svm_l1,"[""RNA::PMP2"", ""RNA::SPATS2"", ""RNA::SYF2"", ""RNA::NUDT3"", ""SCNV::KCTD15"", ""RNA::GCSH"", ""RNA::ECHDC3"", ""RNA::HTN3"", ""RNA::GDF7"", ""RNA::LOC100132831"", ""RNA::HSPBAP1"", ""RNA::TAOK3"", ""RNA::MSX2"", ""RNA::IL9"", ""RNA::ZNF596""]",1.0,0.0
3,15,"[""RNA::SLC47A1"", ""RNA::LEKR1"", ""RNA::SYF2"", ""RNA::PRRG2"", ""RNA::AK2"", ""RNA::NUDT3"", ""RNA::SUMO1P3"", ""RNA::CLP1"", ""RNA::MFNG"", ""RNA::CHRDL2"", ""RNA::ANAPC5"", ""RNA::PARP9"", ""RNA::SCN7A"", ""RNA::GDF7"", ""RNA::EEF1A1P9""]",000000000000101100011100010001000001000000111010000000011000000000000000000,e6be2a693110d6325f2fe83b22d6dddd2a3f9d609b08c2769baffc9890b764d4,70557b5af6e54e1dea9fad23ca4635de849e7b53df2755ebaef307193f8f0ce6,1,0.8729708811488889,"[0.92072398697514, 0.8646993342511874, 0.8435119614996348, 0.8762021513624078, 0.8597169716560742]",0.0291663880823102,0.013043605282037,0.005840550937985,0.00664596604543,True,absolute_regret_within_tolerance,False,"{""1"": 0.1111111111111111, ""2"": 0.1111111111111111, ""4"": 0.07142857142857142}",0.0978835978835978,False,False,mean_jaccard > higher_locking_score > smaller_feature_count > stable_mask_hash,regret_constrained_medoid,absolute,0.01,0.01,1,macro_ovr_auroc,"{""candidate_seeds"": {""0"": 42, ""1"": 43, ""2"": 44, ""3"": 45, ""4"": 46}, ""locking_cv_seed"": 342, ""run_seed"": 45}",0.2.0,f4d17a07abba0e51ac2f0497b233ff630148c2a67bfcccdf45f8e38daa4a53ad,1,2,svm_l1,"[""RNA::SLC47A1"", ""RNA::LEKR1"", ""RNA::SYF2"", ""RNA::PRRG2"", ""RNA::AK2"", ""RNA::NUDT3"", ""RNA::SUMO1P3"", ""RNA::CLP1"", ""RNA::MFNG"", ""RNA::CHRDL2"", ""RNA::ANAPC5"", ""RNA::PARP9"", ""RNA::SCN7A"", ""RNA::GDF7"", ""RNA::EEF1A1P9""]",0.1111111111111111,0.8888888888888888
0,20,"[""RNA::NFIA"", ""RNA::TMEM149"", ""RNA::LGALS1"", ""RNA::LMO4"", ""RNA::WNT8A"", ""RNA::TXNDC12"", ""RNA::HOXB2"", ""RNA::STYX"", ""RNA::NUDT13"", ""RNA::KIF14"", ""RNA::LRRC14"", ""RNA::C15orf42"", ""RNA::LOC100132724"", ""RNA::IGF2BP2"", ""RNA::ATP8B5P"", ""RNA::TAF5L"", ""RNA::NAP1L6"", ""RNA::ZBED1"", ""RNA::NPIP"", ""RNA::MGST1""]",0000010000000000100110000000010001000000010000000010100000010000010001001101000001000010100010000100,5bedf197bcac97b6334eb7b9c754a9365f542b03d0b4236c8090b91499a8c473,961f20a0277db20799693b88a928cdb1922c34e409cf2873a9a83d2f0e0a1459,1,0.8629096951380232,"[0.9041508798607557, 0.8376577970096062, 0.7950791180670675, 0.8933550795400342, 0.8843056012126524]",0.0456184915641177,0.0204012096336735,0.0117794849704827,0.0134670523408343,False,absolute_regret_exceeds_tolerance,False,{},,False,False,mean_jaccard > higher_locking_score > smaller_feature_count > stable_mask_hash,regret_constrained_medoid,absolute,0.01,0.01,1,macro_ovr_auroc,"{""candidate_seeds"": {""0"": 42, ""1"": 43, ""2"": 44, ""3"": 45, ""4"": 46}, ""locking_cv_seed"": 342, ""run_seed"": 42}",0.2.0,f4d17a07abba0e51ac2f0497b233ff630148c2a67bfcccdf45f8e38daa4a53ad,1,2,xgboost,"[""RNA::NFIA"", ""RNA::TMEM149"", ""RNA::LGALS1"", ""RNA::LMO4"", ""RNA::WNT8A"", ""RNA::TXNDC12"", ""RNA::HOXB2"", ""RNA::STYX"", ""RNA::NUDT13"", ""RNA::KIF14"", ""RNA::LRRC14"", ""RNA::C15orf42"", ""RNA::LOC100132724"", ""RNA::IGF2BP2"", ""RNA::ATP8B5P"", ""RNA::TAF5L"", ""RNA::NAP1L6"", ""RNA::ZBED1"", ""RNA::NPIP"", ""RNA::MGST1""]",0.08108108108108109,0.9189189189189189
4,20,"[""RNA::LOC442454"", ""RNA::ASAP3"", ""RNA::NFIA"", ""RNA::EEF1A1P9"", ""RNA::SEC22A"", ""RNA::LGALS1"", ""RNA::WDR26"", ""RNA::ARHGAP36"", ""RNA::WNT8A"", ""RNA::GTF3C2"", ""RNA::ADH6"", ""RNA::GTF2IRD2"", ""RNA::CPSF6"", ""RNA::TOP1P2"", ""RNA::SH3RF2"", ""RNA::NAP1L6"", ""RNA::ZSWIM1"", ""RNA::SCN4B"", ""RNA::B3GNT5"", ""RNA::C9orf40""]",1100010000000101000100000011010000000000000000000000010000001100100000010000000000010010011000110000,79f76496930588b89f0bd22c5cce71a75c56787fdb536cf8f577c366540865d9,961f20a0277db20799693b88a928cdb1922c34e409cf2873a9a83d2f0e0a1459,1,0.8682842551314728,"[0.9088133338177886, 0.8617045959570906, 0.8366577837523068, 0.8633725071225071, 0.8708730550076704]",0.0260622283161493,0.0116553828320059,0.0064049249770331,0.0073225153833943,True,absolute_regret_within_tolerance,False,"{""1"": 0.3333333333333333}",0.3333333333333333,False,False,mean_jaccard > higher_locking_score > smaller_feature_count > stable_mask_hash,regret_constrained_medoid,absolute,0.01,0.01,1,macro_ovr_auroc,"{""candidate_seeds"": {""0"": 42, ""1"": 43, ""2"": 44, ""3"": 45, ""4"": 46}, ""locking_cv_seed"": 342, ""run_seed"": 46}",0.2.0,f4d17a07abba0e51ac2f0497b233ff630148c2a67bfcccdf45f8e38daa4a53ad,1,2,xgboost,"[""RNA::LOC442454"", ""RNA::ASAP3"", ""RNA::NFIA"", ""RNA::EEF1A1P9"", ""RNA::SEC22A"", ""RNA::LGALS1"", ""RNA::WDR26"", ""RNA::ARHGAP36"", ""RNA::WNT8A"", ""RNA::GTF3C2"", ""RNA::ADH6"", ""RNA::GTF2IRD2"", ""RNA::CPSF6"", ""RNA::TOP1P2"", ""RNA::SH3RF2"", ""RNA::NAP1L6"", ""RNA::ZSWIM1"", ""RNA::SCN4B"", ""RNA::B3GNT5"", ""RNA::C9orf40""]",0.3333333333333333,0.6666666666666667
3,20,"[""RNA::ASAP3"", ""RNA::CNN3"", ""RNA::SLC15A2"", ""RNA::CYP3A7"", ""RNA::ARHGAP36"", ""RNA::WNT8A"", ""RNA::TXNDC12"", ""RNA::KCNE1L"", ""RNA::MARVELD3"", ""RNA::HDAC7"", ""RNA::ATP5EP2"", ""RNA::VPS37A"", ""RNA::C15orf42"", ""RNA::PPOX"", ""RNA::IGF2BP2"", ""RNA::ATP8B5P"", ""RNA::PGRMC2"", ""RNA::ALPL"", ""RNA::RPL41"", ""RNA::MGST1""]",0111000000000000000000000101010001010000000000000001000001000000001011100101001000000100000001000100,7bff98b99d5ffe98de4d24d8dcfaff58ad0c7b925abad26f4d81593049db9b8c,961f20a0277db20799693b88a928cdb1922c34e409cf2873a9a83d2f0e0a1459,1,0.8602052205354204,"[0.8994484341377553, 0.8796430101668875, 0.7952782188955067, 0.8626682464022207, 0.8639881930747315]",0.0392229218671898,0.0175410239142399,0.0144839595730855,0.0165589787806553,False,absolute_regret_exceeds_tolerance,False,{},,False,False,mean_jaccard > higher_locking_score > smaller_feature_count > stable_mask_hash,regret_constrained_medoid,absolute,0.01,0.01,1,macro_ovr_auroc,"{""candidate_seeds"": {""0"": 42, ""1"": 43, ""2"": 44, ""3"": 45, ""4"": 46}, ""locking_cv_seed"": 342, ""run_seed"": 45}",0.2.0,f4d17a07abba0e51ac2f0497b233ff630148c2a67bfcccdf45f8e38daa4a53ad,1,2,xgboost,"[""RNA::ASAP3"", ""RNA::CNN3"", ""RNA::SLC15A2"", ""RNA::CYP3A7"", ""RNA::ARHGAP36"", ""RNA::WNT8A"", ""RNA::TXNDC12"", ""RNA::KCNE1L"", ""RNA::MARVELD3"", ""RNA::HDAC7"", ""RNA::ATP5EP2"", ""RNA::VPS37A"", ""RNA::C15orf42"", ""RNA::PPOX"", ""RNA::IGF2BP2"", ""RNA::ATP8B5P"", ""RNA::PGRMC2"", ""RNA::ALPL"", ""RNA::RPL41"", ""RNA::MGST1""]",0.1111111111111111,0.8888888888888888
1,20,"[""RNA::LOC442454"", ""RNA::ASAP3"", ""RNA::PRR5L"", ""RNA::TMEM149"", ""RNA::LGALS1"", ""RNA::CYP3A7"", ""RNA::WDR26"", ""RNA::KLF16"", ""RNA::CARD11"", ""RNA::C3orf38"", ""RNA::ADH1C"", ""RNA::GTF2IRD2"", ""RNA::CPSF6"", ""RNA::ATP5EP2"", ""RNA::TOP1P2"", ""RNA::ZSCAN29"", ""RNA::ALPL"", ""RNA::NAP1L6"", ""RNA::B3GNT5"", ""RNA::C9orf40""]",1100000010000000100100000110001000000000001001000000000010000100101000010000010000000110000000110000,9815a8f72efe35eb32d29451da284908a95a85677031588e11bc0f15c9807693,961f20a0277db20799693b88a928cdb1922c34e409cf2873a9a83d2f0e0a1459,1,0.8746891801085059,"[0.9136441247765197, 0.8579338590252702, 0.8403109640780185, 0.8722548670465337, 0.8893020856161882]",0.0282822962451307,0.0126482273927798,0.0,0.0,True,absolute_regret_within_tolerance,False,"{""4"": 0.3333333333333333}",0.3333333333333333,True,True,mean_jaccard > higher_locking_score > smaller_feature_count > stable_mask_hash,regret_constrained_medoid,absolute,0.01,0.01,1,macro_ovr_auroc,"{""candidate_seeds"": {""0"": 42, ""1"": 43, ""2"": 44, ""3"": 45, ""4"": 46}, ""locking_cv_seed"": 342, ""run_seed"": 43}",0.2.0,f4d17a07abba0e51ac2f0497b233ff630148c2a67bfcccdf45f8e38daa4a53ad,1,2,xgboost,"[""RNA::LOC442454"", ""RNA::ASAP3"", ""RNA::PRR5L"", ""RNA::TMEM149"", ""RNA::LGALS1"", ""RNA::CYP3A7"", ""RNA::WDR26"", ""RNA::KLF16"", ""RNA::CARD11"", ""RNA::C3orf38"", ""RNA::ADH1C"", ""RNA::GTF2IRD2"", ""RNA::CPSF6"", ""RNA::ATP5EP2"", ""RNA::TOP1P2"", ""RNA::ZSCAN29"", ""RNA::ALPL"", ""RNA::NAP1L6"", ""RNA::B3GNT5"", ""RNA::C9orf40""]",1.0,0.0
2,20,"[""RNA::ASAP3"", ""RNA::LOC341056"", ""RNA::LDB3"", ""RNA::COG2"", ""RNA::ARHGAP36"", ""RNA::ZNF235"", ""RNA::SMG6"", ""RNA::HOXB2"", ""RNA::EWSR1"", ""RNA::C3orf38"", ""RNA::AGAP3"", ""RNA::STYX"", ""RNA::ADH6"", ""RNA::ALG2"", ""RNA::LOC100132724"", ""RNA::IGF2BP2"", ""RNA::ZSCAN29"", ""RNA::TOB2"", ""RNA::ZSWIM1"", ""RNA::C9orf40""]",0100000101000000000001000001100000100000010011100010000000001010000000001100010000001000010000010000,98c4c64df6dcea015a0273779ee90020a6aa99f76f5abe627caba0ebd0c24916,961f20a0277db20799693b88a928cdb1922c34e409cf2873a9a83d2f0e0a1459,1,0.8644416937743153,"[0.8843620765578964, 0.8610651663799331, 0.8240443112577303, 0.8660384250127839, 0.8866984896632333]",0.0251897082931182,0.0112651800153605,0.0102474863341905,0.0117155745917874,False,absolute_regret_exceeds_tolerance,False,{},,False,False,mean_jaccard > higher_locking_score > smaller_feature_count > stable_mask_hash,regret_constrained_medoid,absolute,0.01,0.01,1,macro_ovr_auroc,"{""candidate_seeds"": {""0"": 42, ""1"": 43, ""2"": 44, ""3"": 45, ""4"": 46}, ""locking_cv_seed"": 342, ""run_seed"": 44}",0.2.0,f4d17a07abba0e51ac2f0497b233ff630148c2a67bfcccdf45f8e38daa4a53ad,1,2,xgboost,"[""RNA::ASAP3"", ""RNA::LOC341056"", ""RNA::LDB3"", ""RNA::COG2"", ""RNA::ARHGAP36"", ""RNA::ZNF235"", ""RNA::SMG6"", ""RNA::HOXB2"", ""RNA::EWSR1"", ""RNA::C3orf38"", ""RNA::AGAP3"", ""RNA::STYX"", ""RNA::ADH6"", ""RNA::ALG2"", ""RNA::LOC100132724"", ""RNA::IGF2BP2"", ""RNA::ZSCAN29"", ""RNA::TOB2"", ""RNA::ZSWIM1"", ""RNA::C9orf40""]",0.1111111111111111,0.8888888888888888
0,19,"[""RNA::ASAP3"", ""RNA::BAGE2"", ""RNA::C3orf38"", ""RNA::CEP170L"", ""RNA::CMC1"", ""RNA::CNIH4"", ""RNA::CPEB3"", ""RNA::DNALI1"", ""RNA::GBAP1"", ""RNA::ID4"", ""RNA::KDELR1"", ""RNA::KIAA0427"", ""RNA::LOC442454"", ""RNA::LOC643387"", ""RNA::LRRC37A4"", ""RNA::MICAL3"", ""RNA::NFIA"", ""RNA::PMS2L2"", ""RNA::RPL13AP3""]",0000010000010000010001011010010000000000000100000000000011100000001100010000010000000010001000000010,4ad9c97deda769c7e70a44cd0c349b7c8efeee6d17a4252f8c1e086355ba3e76,89adf3ec4f636af9ddedf93073914a7a6df71d37955922d677bf132705c7b005,1,0.8586170489931332,"[0.8842522517014676, 0.8695359270688922, 0.8295782682553546, 0.8640918346847833, 0.8456269632551683]",0.0213210688575681,0.0095350718636952,0.0136231097563287,0.0156185307677879,False,absolute_regret_exceeds_tolerance,False,{},,False,False,mean_jaccard > higher_locking_score > smaller_feature_count > stable_mask_hash,regret_constrained_medoid,absolute,0.01,0.01,1,macro_ovr_auroc,"{""candidate_seeds"": {""0"": 42, ""1"": 43, ""2"": 44, ""3"": 45, ""4"": 46}, ""locking_cv_seed"": 342, ""run_seed"": 42}",0.2.0,f4d17a07abba0e51ac2f0497b233ff630148c2a67bfcccdf45f8e38daa4a53ad,1,2,boruta_rf,"[""RNA::ASAP3"", ""RNA::BAGE2"", ""RNA::C3orf38"", ""RNA::CEP170L"", ""RNA::CMC1"", ""RNA::CNIH4"", ""RNA::CPEB3"", ""RNA::DNALI1"", ""RNA::GBAP1"", ""RNA::ID4"", ""RNA::KDELR1"", ""RNA::KIAA0427"", ""RNA::LOC442454"", ""RNA::LOC643387"", ""RNA::LRRC37A4"", ""RNA::MICAL3"", ""RNA::NFIA"", ""RNA::PMS2L2"", ""RNA::RPL13AP3""]",0.08823529411764706,0.9117647058823529
4,18,"[""RNA::ANXA2P1"", ""RNA::ATP5EP2"", ""RNA::ATP6V1C2"", ""RNA::BRD7"", ""RNA::C12orf51"", ""RNA::C22orf46"", ""RNA::CNN3"", ""RNA::CTCFL"", ""RNA::DSTYK"", ""RNA::EEF1A1P9"", ""RNA::FAM71D"", ""RNA::HDAC1"", ""RNA::HNRNPA3P1"", ""RNA::KIAA0427"", ""RNA::LOC643387"", ""RNA::MICAL3"", ""RNA::NALCN"", ""RNA::PAIP1""]",0000101100001100100000000101000100001000100000000000101000100000000100000000010000010000010000000000,5ab64a4ab7399e85c1e642424e3d51471eb3c05d089e6e3b331e7fa87f7ee910,89adf3ec4f636af9ddedf93073914a7a6df71d37955922d677bf132705c7b005,1,0.8722401587494619,"[0.8980808103224355, 0.8772865035561044, 0.827025997583724, 0.869182144422529, 0.8896253378625174]",0.0276094238619779,0.0123473097149974,0.0,0.0,True,absolute_regret_within_tolerance,False,"{""2"": 0.23333333333333334}",0.2333333333333333,True,True,mean_jaccard > higher_locking_score > smaller_feature_count > stable_mask_hash,regret_constrained_medoid,absolute,0.01,0.01,1,macro_ovr_auroc,"{""candidate_seeds"": {""0"": 42, ""1"": 43, ""2"": 44, ""3"": 45, ""4"": 46}, ""locking_cv_seed"": 342, ""run_seed"": 46}",0.2.0,f4d17a07abba0e51ac2f0497b233ff630148c2a67bfcccdf45f8e38daa4a53ad,1,2,boruta_rf,"[""RNA::ANXA2P1"", ""RNA::ATP5EP2"", ""RNA::ATP6V1C2"", ""RNA::BRD7"", ""RNA::C12orf51"", ""RNA::C22orf46"", ""RNA::CNN3"", ""RNA::CTCFL"", ""RNA::DSTYK"", ""RNA::EEF1A1P9"", ""RNA::FAM71D"", ""RNA::HDAC1"", ""RNA::HNRNPA3P1"", ""RNA::KIAA0427"", ""RNA::LOC643387"", ""RNA::MICAL3"", ""RNA::NALCN"", ""RNA::PAIP1""]",1.0,0.0
3,14,"[""RNA::ASAP3"", ""RNA::CASP6"", ""RNA::CMC1"", ""RNA::EEF1A1P9"", ""RNA::EIF3A"", ""RNA::GBAP1"", ""RNA::GPN1"", ""RNA::H3F3C"", ""RNA::KIF4B"", ""RNA::LOC341056"", ""RNA::LOC643387"", ""RNA::NALCN"", ""RNA::NBPF7"", ""RNA::RAB6C""]",0000010000000000000100010000000000001100000100001001000000001000100100000000000000011000000001000000,91be53dcf71215388d4da591298310b976e600ebcd24f4c9ed7bbe7e3576e38c,89adf3ec4f636af9ddedf93073914a7a6df71d37955922d677bf132705c7b005,1,0.8335512839991301,"[0.8550725725529718, 0.8302305354158526, 0.7793885793947859, 0.8423661333917744, 0.8606985992402659]",0.0324902681461892,0.014530089636415,0.0386888747503317,0.0443557595488384,False,absolute_regret_exceeds_tolerance,False,{},,False,False,mean_jaccard > higher_locking_score > smaller_feature_count > stable_mask_hash,regret_constrained_medoid,absolute,0.01,0.01,1,macro_ovr_auroc,"{""candidate_seeds"": {""0"": 42, ""1"": 43, ""2"": 44, ""3"": 45, ""4"": 46}, ""locking_cv_seed"": 342, ""run_seed"": 45}",0.2.0,f4d17a07abba0e51ac2f0497b233ff630148c2a67bfcccdf45f8e38daa4a53ad,1,2,boruta_rf,"[""RNA::ASAP3"", ""RNA::CASP6"", ""RNA::CMC1"", ""RNA::EEF1A1P9"", ""RNA::EIF3A"", ""RNA::GBAP1"", ""RNA::GPN1"", ""RNA::H3F3C"", ""RNA::KIF4B"", ""RNA::LOC341056"", ""RNA::LOC643387"", ""RNA::NALCN"", ""RNA::NBPF7"", ""RNA::RAB6C""]",0.10344827586206896,0.896551724137931
2,19,"[""RNA::ABLIM1"", ""RNA::ASAP3"", ""RNA::ATP5EP2"", ""RNA::ATP6V1C2"", ""RNA::BRD7"", ""RNA::C12orf51"", ""RNA::DOCK7"", ""RNA::DST"", ""RNA::FTHL3"", ""RNA::GPN1"", ""RNA::KDELR1"", ""RNA::KIAA1409"", ""RNA::LOC100130776"", ""RNA::LOC341056"", ""RNA::LOC643387"", ""RNA::LOC644936"", ""RNA::LOC650368"", ""RNA::MICAL3"", ""RNA::NALCN""]",1000011100001100000000000000001010000000001000001000000001010010100111000000010000010000000000000000,df04a7460b0311eef99627b0452eff286c0d0600978b412c0b26b85bc2ac20ee,89adf3ec4f636af9ddedf93073914a7a6df71d37955922d677bf132705c7b005,1,0.8630644836697602,"[0.9015635030870242, 0.8637246944668542, 0.8289821899672509, 0.8528985407991818, 0.86815349002849]",0.0263318129767901,0.0117759447573827,0.0091756750797017,0.0105196659287701,True,absolute_regret_within_tolerance,False,"{""4"": 0.23333333333333334}",0.2333333333333333,False,False,mean_jaccard > higher_locking_score > smaller_feature_count > stable_mask_hash,regret_constrained_medoid,absolute,0.01,0.01,1,macro_ovr_auroc,"{""candidate_seeds"": {""0"": 42, ""1"": 43, ""2"": 44, ""3"": 45, ""4"": 46}, ""locking_cv_seed"": 342, ""run_seed"": 44}",0.2.0,f4d17a07abba0e51ac2f0497b233ff630148c2a67bfcccdf45f8e38daa4a53ad,1,2,boruta_rf,"[""RNA::ABLIM1"", ""RNA::ASAP3"", ""RNA::ATP5EP2"", ""RNA::ATP6V1C2"", ""RNA::BRD7"", ""RNA::C12orf51"", ""RNA::DOCK7"", ""RNA::DST"", ""RNA::FTHL3"", ""RNA::GPN1"", ""RNA::KDELR1"", ""RNA::KIAA1409"", ""RNA::LOC100130776"", ""RNA::LOC341056"", ""RNA::LOC643387"", ""RNA::LOC644936"", ""RNA::LOC650368"", ""RNA::MICAL3"", ""RNA::NALCN""]",0.23333333333333334,0.7666666666666666
1,13,"[""RNA::ANXA2P1"", ""RNA::CASP6"", ""RNA::FAM136A"", ""RNA::KIF4B"", ""RNA::LOC442454"", ""RNA::LOC644936"", ""RNA::LRRTM4"", ""RNA::NACA2"", ""RNA::NBPF7"", ""RNA::NFIA"", ""RNA::OSTC"", ""RNA::RAB6C"", ""RNA::RPL12""]",0000100000000000000100000000000000000001000000000000000000001000001010000100000010001011000001000100,e80e0c4b91a24cd07f624765e512d7de88c913bba4e5af0a1f992db72822c362,89adf3ec4f636af9ddedf93073914a7a6df71d37955922d677bf132705c7b005,1,0.8409810315994637,"[0.885326465890436, 0.8218924028572995, 0.8465530801035529, 0.8280544597852291, 0.8230787493608006]",0.0266904897972309,0.0119363499078745,0.0312591271499982,0.0358377527524239,False,absolute_regret_exceeds_tolerance,False,{},,False,False,mean_jaccard > higher_locking_score > smaller_feature_count > stable_mask_hash,regret_constrained_medoid,absolute,0.01,0.01,1,macro_ovr_auroc,"{""candidate_seeds"": {""0"": 42, ""1"": 43, ""2"": 44, ""3"": 45, ""4"": 46}, ""locking_cv_seed"": 342, ""run_seed"": 43}",0.2.0,f4d17a07abba0e51ac2f0497b233ff630148c2a67bfcccdf45f8e38daa4a53ad,1,2,boruta_rf,"[""RNA::ANXA2P1"", ""RNA::CASP6"", ""RNA::FAM136A"", ""RNA::KIF4B"", ""RNA::LOC442454"", ""RNA::LOC644936"", ""RNA::LRRTM4"", ""RNA::NACA2"", ""RNA::NBPF7"", ""RNA::NFIA"", ""RNA::OSTC"", ""RNA::RAB6C"", ""RNA::RPL12""]",0.03333333333333333,0.9666666666666667
4,16,"[""RNA::C15orf21"", ""RNA::FOXD3"", ""RNA::GP9"", ""RNA::CARD8"", ""RNA::ASAP3"", ""RNA::CDKL1"", ""RNA::PPAPDC2"", ""RNA::CCDC102A"", ""RNA::HAPLN1"", ""RNA::ID2B"", ""RNA::HPS3"", ""RNA::PURB"", ""RNA::C12orf29"", ""RNA::DGCR6"", ""RNA::ANKRD20B"", ""RNA::ANGEL2""]",00000000000100010000001000011000101000000010000000001000000110100000000110010000100,21d68fee930ea5be314a547a3ad4b15a84cd8411d5394b7a4f1816c67a7872c8,13850aa7f35f6485297a52e83a361ac88d650073a8af8ef822ab133e23367d71,1,0.8756117627387434,"[0.8758265798143581, 0.8543489356924852, 0.8761093883709202, 0.8922636734948198, 0.8795102363211338]",0.0136462982136713,0.0061028100894006,0.0110014206551222,0.0124083657463899,False,absolute_regret_exceeds_tolerance,False,{},,False,False,mean_jaccard > higher_locking_score > smaller_feature_count > stable_mask_hash,regret_constrained_medoid,absolute,0.01,0.01,1,macro_ovr_auroc,"{""candidate_seeds"": {""0"": 42, ""1"": 43, ""2"": 44, ""3"": 45, ""4"": 46}, ""locking_cv_seed"": 342, ""run_seed"": 46}",0.2.0,f4d17a07abba0e51ac2f0497b233ff630148c2a67bfcccdf45f8e38daa4a53ad,1,3,svm_l1,"[""RNA::C15orf21"", ""RNA::FOXD3"", ""RNA::GP9"", ""RNA::CARD8"", ""RNA::ASAP3"", ""RNA::CDKL1"", ""RNA::PPAPDC2"", ""RNA::CCDC102A"", ""RNA::HAPLN1"", ""RNA::ID2B"", ""RNA::HPS3"", ""RNA::PURB"", ""RNA::C12orf29"", ""RNA::DGCR6"", ""RNA::ANKRD20B"", ""RNA::ANGEL2""]",0.14814814814814814,0.8518518518518519
3,15,"[""RNA::ASAP3"", ""RNA::CXorf21"", ""RNA::TMEM106C"", ""RNA::HNRNPA3P1"", ""RNA::CAPZB"", ""RNA::IL12A"", ""RNA::GCSH"", ""RNA::CCDC102A"", ""RNA::MFNG"", ""RNA::SYF2"", ""SCNV::DAB1"", ""RNA::C1orf87"", ""RNA::ANKRD20B"", ""RNA::RWDD2A"", ""RNA::ANGEL2""]",00000000000000000000000000001001000110101110011000010000000000000000001000010001100,49212c038fe689d7a69ec616a989a00b01d9a12783bd1955cbe5b99a5f2ed02a,13850aa7f35f6485297a52e83a361ac88d650073a8af8ef822ab133e23367d71,1,0.8866131833938656,"[0.8912221971291823, 0.8901579458199201, 0.8997085934372753, 0.8940358134268391, 0.8579413671561108]",0.0164504300510087,0.0073568559706321,0.0,0.0,True,absolute_regret_within_tolerance,False,"{""1"": 0.1111111111111111, ""2"": 0.1111111111111111}",0.1111111111111111,True,True,mean_jaccard > higher_locking_score > smaller_feature_count > stable_mask_hash,regret_constrained_medoid,absolute,0.01,0.01,1,macro_ovr_auroc,"{""candidate_seeds"": {""0"": 42, ""1"": 43, ""2"": 44, ""3"": 45, ""4"": 46}, ""locking_cv_seed"": 342, ""run_seed"": 45}",0.2.0,f4d17a07abba0e51ac2f0497b233ff630148c2a67bfcccdf45f8e38daa4a53ad,1,3,svm_l1,"[""RNA::ASAP3"", ""RNA::CXorf21"", ""RNA::TMEM106C"", ""RNA::HNRNPA3P1"", ""RNA::CAPZB"", ""RNA::IL12A"", ""RNA::GCSH"", ""RNA::CCDC102A"", ""RNA::MFNG"", ""RNA::SYF2"", ""SCNV::DAB1"", ""RNA::C1orf87"", ""RNA::ANKRD20B"", ""RNA::RWDD2A"", ""RNA::ANGEL2""]",1.0,0.0
1,15,"[""RNA::LOC728643"", ""SCNV::LINC00662"", ""RNA::CARD8"", ""RNA::TMX2"", ""RNA::CXorf21"", ""RNA::EEF1A1P9"", ""RNA::SUSD3"", ""RNA::SRXN1"", ""RNA::DDX19B"", ""RNA::PURB"", ""RNA::KIAA1984"", ""RNA::PDZD9"", ""RNA::MSX2P1"", ""RNA::ANKRD20B"", ""RNA::ANGEL2""]",00011000000000000000000000010101000000000000000011000001000001101000100001010000100,5223eef4e63046e25286551725c1f0fb5b672d6956be328b3315ef4c89e8db8e,13850aa7f35f6485297a52e83a361ac88d650073a8af8ef822ab133e23367d71,1,0.8782428793069389,"[0.8954744067671723, 0.8725224249101655, 0.8592451234810696, 0.8990507889546351, 0.8649216524216524]",0.0180346059921866,0.0080653209891908,0.0083703040869267,0.0094407620411034,True,absolute_regret_within_tolerance,False,"{""2"": 0.1111111111111111, ""3"": 0.1111111111111111}",0.1111111111111111,False,False,mean_jaccard > higher_locking_score > smaller_feature_count > stable_mask_hash,regret_constrained_medoid,absolute,0.01,0.01,1,macro_ovr_auroc,"{""candidate_seeds"": {""0"": 42, ""1"": 43, ""2"": 44, ""3"": 45, ""4"": 46}, ""locking_cv_seed"": 342, ""run_seed"": 43}",0.2.0,f4d17a07abba0e51ac2f0497b233ff630148c2a67bfcccdf45f8e38daa4a53ad,1,3,svm_l1,"[""RNA::LOC728643"", ""SCNV::LINC00662"", ""RNA::CARD8"", ""RNA::TMX2"", ""RNA::CXorf21"", ""RNA::EEF1A1P9"", ""RNA::SUSD3"", ""RNA::SRXN1"", ""RNA::DDX19B"", ""RNA::PURB"", ""RNA::KIAA1984"", ""RNA::PDZD9"", ""RNA::MSX2P1"", ""RNA::ANKRD20B"", ""RNA::ANGEL2""]",0.1111111111111111,0.8888888888888888
2,15,"[""RNA::FTHL3"", ""SCNV::LINC00662"", ""RNA::PLEKHA4"", ""RNA::AMH"", ""RNA::LEKR1"", ""RNA::MSX2"", ""RNA::PPAPDC2"", ""RNA::TMEM106C"", ""RNA::HNRNPA3P1"", ""RNA::IL12A"", ""RNA::ADAM2"", ""RNA::SUSD3"", ""RNA::HPS3"", ""RNA::PURB"", ""RNA::DGCR6""]",10001101010000000010000000000000001110001000000101000000000010100000000010000000000,7d946a726587b08174307f5d9c0f8b685d70b365c6bcb859d9a637a0bbbedf02,13850aa7f35f6485297a52e83a361ac88d650073a8af8ef822ab133e23367d71,1,0.8860776997385871,"[0.9068392784982235, 0.889281212405767, 0.8774979734548082, 0.897440006574622, 0.859330027759515]",0.0184354096919636,0.0082445658528578,0.0005354836552785,0.0006039653654018,True,absolute_regret_within_tolerance,False,"{""1"": 0.1111111111111111, ""3"": 0.1111111111111111}",0.1111111111111111,False,False,mean_jaccard > higher_locking_score > smaller_feature_count > stable_mask_hash,regret_constrained_medoid,absolute,0.01,0.01,1,macro_ovr_auroc,"{""candidate_seeds"": {""0"": 42, ""1"": 43, ""2"": 44, ""3"": 45, ""4"": 46}, ""locking_cv_seed"": 342, ""run_seed"": 44}",0.2.0,f4d17a07abba0e51ac2f0497b233ff630148c2a67bfcccdf45f8e38daa4a53ad,1,3,svm_l1,"[""RNA::FTHL3"", ""SCNV::LINC00662"", ""RNA::PLEKHA4"", ""RNA::AMH"", ""RNA::LEKR1"", ""RNA::MSX2"", ""RNA::PPAPDC2"", ""RNA::TMEM106C"", ""RNA::HNRNPA3P1"", ""RNA::IL12A"", ""RNA::ADAM2"", ""RNA::SUSD3"", ""RNA::HPS3"", ""RNA::PURB"", ""RNA::DGCR6""]",0.1111111111111111,0.8888888888888888
0,15,"[""RNA::AMH"", ""RNA::NACAP1"", ""RNA::TRIM35"", ""RNA::PPAPDC2"", ""RNA::TMEM106C"", ""RNA::OR1L1"", ""RNA::HK2"", ""RNA::WLS"", ""RNA::MFNG"", ""SCNV::DAB1"", ""RNA::HAPLN1"", ""RNA::PURB"", ""RNA::C1orf87"", ""RNA::MSX2P1"", ""RNA::SLC47A1""]",00000001000001000000000010000000001100010001110000011000000000100000001001001000000,bc6491698249afe8bcbbde908ff7b844b5220f7f2b70ef832290fa1f53f9ad91,13850aa7f35f6485297a52e83a361ac88d650073a8af8ef822ab133e23367d71,1,0.8747158401120494,"[0.882353158212923, 0.8821034969689638, 0.857428895367402, 0.8854244283731463, 0.8662692216378114]",0.0122246041491021,0.0054670091750836,0.0118973432818162,0.0134188657518878,False,absolute_regret_exceeds_tolerance,False,{},,False,False,mean_jaccard > higher_locking_score > smaller_feature_count > stable_mask_hash,regret_constrained_medoid,absolute,0.01,0.01,1,macro_ovr_auroc,"{""candidate_seeds"": {""0"": 42, ""1"": 43, ""2"": 44, ""3"": 45, ""4"": 46}, ""locking_cv_seed"": 342, ""run_seed"": 42}",0.2.0,f4d17a07abba0e51ac2f0497b233ff630148c2a67bfcccdf45f8e38daa4a53ad,1,3,svm_l1,"[""RNA::AMH"", ""RNA::NACAP1"", ""RNA::TRIM35"", ""RNA::PPAPDC2"", ""RNA::TMEM106C"", ""RNA::OR1L1"", ""RNA::HK2"", ""RNA::WLS"", ""RNA::MFNG"", ""SCNV::DAB1"", ""RNA::HAPLN1"", ""RNA::PURB"", ""RNA::C1orf87"", ""RNA::MSX2P1"", ""RNA::SLC47A1""]",0.15384615384615385,0.8461538461538461
3,20,"[""RNA::THRAP3"", ""RNA::LRRTM4"", ""RNA::ASAP3"", ""RNA::PTDSS1"", ""RNA::RHO"", ""RNA::KANK4"", ""RNA::TRIM67"", ""RNA::C3orf38"", ""RNA::SLC7A2"", ""RNA::EGR1"", ""RNA::TBCC"", ""RNA::FTHL3"", ""RNA::DAD1"", ""RNA::FPGT"", ""RNA::CSTF1"", ""RNA::AFF3"", ""RNA::PLEKHA8"", ""RNA::C3orf49"", ""RNA::C1orf55"", ""RNA::FBXO25""]",0011010000100100001000010000000100000001000000000000111000000100000100000000000111000001000000000101,242640bcabcb9310f00cdbe5fa3bd5858111ddbc6221e27ff0c55db4e52b8e4b,035bc1dfe98c0d5f1e140063a776cb04d28e7e8876ce32755e1f3a8ccf66be35,1,0.8508329200361594,"[0.8611951655429916, 0.8623322029861588, 0.8621671096558838, 0.841973938929067, 0.8264961830666959]",0.0161154569220092,0.0072070514332164,0.0298812718780868,0.0339284550566165,False,absolute_regret_exceeds_tolerance,False,{},,False,False,mean_jaccard > higher_locking_score > smaller_feature_count > stable_mask_hash,regret_constrained_medoid,absolute,0.01,0.01,1,macro_ovr_auroc,"{""candidate_seeds"": {""0"": 42, ""1"": 43, ""2"": 44, ""3"": 45, ""4"": 46}, ""locking_cv_seed"": 342, ""run_seed"": 45}",0.2.0,f4d17a07abba0e51ac2f0497b233ff630148c2a67bfcccdf45f8e38daa4a53ad,1,3,xgboost,"[""RNA::THRAP3"", ""RNA::LRRTM4"", ""RNA::ASAP3"", ""RNA::PTDSS1"", ""RNA::RHO"", ""RNA::KANK4"", ""RNA::TRIM67"", ""RNA::C3orf38"", ""RNA::SLC7A2"", ""RNA::EGR1"", ""RNA::TBCC"", ""RNA::FTHL3"", ""RNA::DAD1"", ""RNA::FPGT"", ""RNA::CSTF1"", ""RNA::AFF3"", ""RNA::PLEKHA8"", ""RNA::C3orf49"", ""RNA::C1orf55"", ""RNA::FBXO25""]",0.14285714285714285,0.8571428571428572
1,20,"[""RNA::ASAP3"", ""RNA::TXLNA"", ""RNA::LOC644936"", ""RNA::PTDSS1"", ""RNA::CYP21A2"", ""RNA::PDE6A"", ""RNA::ProSAPiP1"", ""RNA::SUMF1"", ""RNA::LIAS"", ""RNA::GPR98"", ""RNA::RPS26P11"", ""RNA::FXC1"", ""RNA::EGR1"", ""RNA::NEUROG3"", ""RNA::SLC39A2"", ""RNA::ARL3"", ""RNA::C10orf32"", ""RNA::AFF3"", ""RNA::WDR77"", ""RNA::FNTB""]",0000011010100010110000000000001000100000100000101000100000010000011001000000000010010000001000000000,b55a6709d96cbb9d2db41ff0eae20b5b98c3660226686789caed32eadc1ba548,035bc1dfe98c0d5f1e140063a776cb04d28e7e8876ce32755e1f3a8ccf66be35,1,0.8732202165191658,"[0.922719329125245, 0.8576707537862206, 0.8705443969376334, 0.8806098875009132, 0.8345567152458178]",0.032590571943578,0.0145749468582875,0.0074939753950804,0.0085089754018749,True,absolute_regret_within_tolerance,False,"{""0"": 0.17647058823529413, ""2"": 0.14285714285714285}",0.1596638655462184,False,False,mean_jaccard > higher_locking_score > smaller_feature_count > stable_mask_hash,regret_constrained_medoid,absolute,0.01,0.01,1,macro_ovr_auroc,"{""candidate_seeds"": {""0"": 42, ""1"": 43, ""2"": 44, ""3"": 45, ""4"": 46}, ""locking_cv_seed"": 342, ""run_seed"": 43}",0.2.0,f4d17a07abba0e51ac2f0497b233ff630148c2a67bfcccdf45f8e38daa4a53ad,1,3,xgboost,"[""RNA::ASAP3"", ""RNA::TXLNA"", ""RNA::LOC644936"", ""RNA::PTDSS1"", ""RNA::CYP21A2"", ""RNA::PDE6A"", ""RNA::ProSAPiP1"", ""RNA::SUMF1"", ""RNA::LIAS"", ""RNA::GPR98"", ""RNA::RPS26P11"", ""RNA::FXC1"", ""RNA::EGR1"", ""RNA::NEUROG3"", ""RNA::SLC39A2"", ""RNA::ARL3"", ""RNA::C10orf32"", ""RNA::AFF3"", ""RNA::WDR77"", ""RNA::FNTB""]",0.17647058823529413,0.8235294117647058
4,20,"[""RNA::ANKRD46"", ""RNA::KANK4"", ""RNA::SGCZ"", ""RNA::SUMF1"", ""RNA::C3orf38"", ""RNA::GPR182"", ""RNA::ARHGAP9"", ""RNA::PDIA4"", ""RNA::ANP32E"", ""RNA::SLC2A4"", ""RNA::ACOT4"", ""RNA::C10orf32"", ""SCNV::FCN3"", ""RNA::FLJ44635"", ""RNA::ADAMTS2"", ""RNA::C11orf53"", ""RNA::HNRNPA3P1"", ""RNA::DCDC2"", ""RNA::C1orf55"", ""RNA::FBXO25""]",0000000000001000001001000000001100001000001000000100000010100000000011110010000000001000000010100101,e37eb10d3b3fae05a04500509dc67aa0c8dfe83977c60a491c9c22e19fb4ebf2,035bc1dfe98c0d5f1e140063a776cb04d28e7e8876ce32755e1f3a8ccf66be35,1,0.8645462011066962,"[0.8497657481308587, 0.883704982288375, 0.8558623369887456, 0.8722968715757177, 0.8611010665497845]",0.0135358046250676,0.0060533958543614,0.01616799080755,0.0183578179572747,False,absolute_regret_exceeds_tolerance,False,{},,False,False,mean_jaccard > higher_locking_score > smaller_feature_count > stable_mask_hash,regret_constrained_medoid,absolute,0.01,0.01,1,macro_ovr_auroc,"{""candidate_seeds"": {""0"": 42, ""1"": 43, ""2"": 44, ""3"": 45, ""4"": 46}, ""locking_cv_seed"": 342, ""run_seed"": 46}",0.2.0,f4d17a07abba0e51ac2f0497b233ff630148c2a67bfcccdf45f8e38daa4a53ad,1,3,xgboost,"[""RNA::ANKRD46"", ""RNA::KANK4"", ""RNA::SGCZ"", ""RNA::SUMF1"", ""RNA::C3orf38"", ""RNA::GPR182"", ""RNA::ARHGAP9"", ""RNA::PDIA4"", ""RNA::ANP32E"", ""RNA::SLC2A4"", ""RNA::ACOT4"", ""RNA::C10orf32"", ""SCNV::FCN3"", ""RNA::FLJ44635"", ""RNA::ADAMTS2"", ""RNA::C11orf53"", ""RNA::HNRNPA3P1"", ""RNA::DCDC2"", ""RNA::C1orf55"", ""RNA::FBXO25""]",0.1111111111111111,0.8888888888888888
2,20,"[""RNA::LRRTM4"", ""RNA::CYP21A2"", ""RNA::SFRP2"", ""RNA::IGFBP6"", ""RNA::BTLA"", ""RNA::SUMF1"", ""RNA::KDELR1"", ""RNA::LIAS"", ""RNA::GPR182"", ""RNA::CDH23"", ""RNA::XIRP1"", ""RNA::TSPAN14"", ""SCNV::FCN3"", ""RNA::SLC35C1"", ""RNA::LOC341056"", ""RNA::AFF3"", ""RNA::PLEKHA8"", ""RNA::WDR77"", ""RNA::MYRIP"", ""RNA::DCDC2""]",0001000000000010000010001010001001101000000000010000000100000010000000101000100011010000010000100000,f6d93e6bf894f6467742295eaea5559f1bda03730ef25d533c83730c2ebf955f,035bc1dfe98c0d5f1e140063a776cb04d28e7e8876ce32755e1f3a8ccf66be35,1,0.8758590555388184,"[0.8800299488334058, 0.8687863903473312, 0.8885839863619924, 0.9031049108773468, 0.8387900412740156]",0.0242166846406173,0.010830030609219,0.0048551363754278,0.005512726398646,True,absolute_regret_within_tolerance,False,"{""0"": 0.17647058823529413, ""1"": 0.14285714285714285}",0.1596638655462184,False,False,mean_jaccard > higher_locking_score > smaller_feature_count > stable_mask_hash,regret_constrained_medoid,absolute,0.01,0.01,1,macro_ovr_auroc,"{""candidate_seeds"": {""0"": 42, ""1"": 43, ""2"": 44, ""3"": 45, ""4"": 46}, ""locking_cv_seed"": 342, ""run_seed"": 44}",0.2.0,f4d17a07abba0e51ac2f0497b233ff630148c2a67bfcccdf45f8e38daa4a53ad,1,3,xgboost,"[""RNA::LRRTM4"", ""RNA::CYP21A2"", ""RNA::SFRP2"", ""RNA::IGFBP6"", ""RNA::BTLA"", ""RNA::SUMF1"", ""RNA::KDELR1"", ""RNA::LIAS"", ""RNA::GPR182"", ""RNA::CDH23"", ""RNA::XIRP1"", ""RNA::TSPAN14"", ""SCNV::FCN3"", ""RNA::SLC35C1"", ""RNA::LOC341056"", ""RNA::AFF3"", ""RNA::PLEKHA8"", ""RNA::WDR77"", ""RNA::MYRIP"", ""RNA::DCDC2""]",0.17647058823529413,0.8235294117647058
0,20,"[""RNA::LOC644936"", ""RNA::RHO"", ""RNA::PDE6A"", ""RNA::SFRP2"", ""RNA::TRIM67"", ""RNA::IGFBP6"", ""RNA::MAEL"", ""RNA::BTLA"", ""RNA::C3orf38"", ""RNA::C6orf147"", ""RNA::ARHGAP9"", ""RNA::RPS26P11"", ""RNA::CCDC130"", ""RNA::EGR1"", ""RNA::XIRP1"", ""RNA::ANP32E"", ""RNA::TSPAN14"", ""RNA::C10orf32"", ""RNA::AFF3"", ""RNA::FAM13AOS""]",0000000010000100100010011110000100000000011000100010100110000010000001000000000010000000000000001000,fb0a4c559106138c789fb9646015c75da2c7816f9b8dab1b062056030ff4924b,035bc1dfe98c0d5f1e140063a776cb04d28e7e8876ce32755e1f3a8ccf66be35,1,0.8807141919142463,"[0.8938720602343196, 0.8828029563952586, 0.8819476724324853, 0.8868799766235663, 0.8580682938856016]",0.0135080300986104,0.0060409747085212,0.0,0.0,True,absolute_regret_within_tolerance,False,"{""1"": 0.17647058823529413, ""2"": 0.17647058823529413}",0.1764705882352941,True,True,mean_jaccard > higher_locking_score > smaller_feature_count > stable_mask_hash,regret_constrained_medoid,absolute,0.01,0.01,1,macro_ovr_auroc,"{""candidate_seeds"": {""0"": 42, ""1"": 43, ""2"": 44, ""3"": 45, ""4"": 46}, ""locking_cv_seed"": 342, ""run_seed"": 42}",0.2.0,f4d17a07abba0e51ac2f0497b233ff630148c2a67bfcccdf45f8e38daa4a53ad,1,3,xgboost,"[""RNA::LOC644936"", ""RNA::RHO"", ""RNA::PDE6A"", ""RNA::SFRP2"", ""RNA::TRIM67"", ""RNA::IGFBP6"", ""RNA::MAEL"", ""RNA::BTLA"", ""RNA::C3orf38"", ""RNA::C6orf147"", ""RNA::ARHGAP9"", ""RNA::RPS26P11"", ""RNA::CCDC130"", ""RNA::EGR1"", ""RNA::XIRP1"", ""RNA::ANP32E"", ""RNA::TSPAN14"", ""RNA::C10orf32"", ""RNA::AFF3"", ""RNA::FAM13AOS""]",1.0,0.0
0,20,"[""RNA::AARS"", ""RNA::BAGE2"", ""RNA::C2orf28"", ""RNA::CKLF"", ""RNA::CMC1"", ""RNA::COMMD10"", ""RNA::EEF1A1P9"", ""RNA::FAM120AOS"", ""RNA::FUT9"", ""RNA::GBAP1"", ""RNA::GPX7"", ""RNA::HNRNPUL2"", ""RNA::HTATSF1"", ""RNA::KSR1"", ""RNA::LOX"", ""RNA::LRRC42"", ""RNA::LYPLA1"", ""RNA::MRPL36"", ""RNA::MYH6"", ""RNA::NADK""]",1000000000000100000100000000000101010000000001001000001010000100000001101000000000000010101000110001,3f24438805e6ebf2fe33bafb9a158108d201c5a2abd32fc77b2574efb964f61b,d25db4223e42aef6241c6d807042972c0dfc93020b4731e6d076a614fb8d2410,1,0.8600659473798666,"[0.8999969649025243, 0.8771217035650393, 0.8411376426884718, 0.8569846226897508, 0.8250888030535466]",0.0294811841901036,0.0131843863812527,0.0117410167907122,0.0134674501044878,False,absolute_regret_exceeds_tolerance,False,{},,False,False,mean_jaccard > higher_locking_score > smaller_feature_count > stable_mask_hash,regret_constrained_medoid,absolute,0.01,0.01,1,macro_ovr_auroc,"{""candidate_seeds"": {""0"": 42, ""1"": 43, ""2"": 44, ""3"": 45, ""4"": 46}, ""locking_cv_seed"": 342, ""run_seed"": 42}",0.2.0,f4d17a07abba0e51ac2f0497b233ff630148c2a67bfcccdf45f8e38daa4a53ad,1,3,boruta_rf,"[""RNA::AARS"", ""RNA::BAGE2"", ""RNA::C2orf28"", ""RNA::CKLF"", ""RNA::CMC1"", ""RNA::COMMD10"", ""RNA::EEF1A1P9"", ""RNA::FAM120AOS"", ""RNA::FUT9"", ""RNA::GBAP1"", ""RNA::GPX7"", ""RNA::HNRNPUL2"", ""RNA::HTATSF1"", ""RNA::KSR1"", ""RNA::LOX"", ""RNA::LRRC42"", ""RNA::LYPLA1"", ""RNA::MRPL36"", ""RNA::MYH6"", ""RNA::NADK""]",0.05714285714285714,0.9428571428571428
4,17,"[""RNA::ASAP3"", ""RNA::ATP5EP2"", ""RNA::C3orf38"", ""RNA::CAPZA1"", ""RNA::CD151"", ""RNA::CLIC1"", ""RNA::DST"", ""RNA::FAM176B"", ""RNA::FAM90A7"", ""RNA::GTF2F2"", ""RNA::HIST1H1C"", ""RNA::HMGN5"", ""RNA::HNRNPUL2"", ""RNA::KSR1"", ""RNA::LOC728758"", ""RNA::MPRIP"", ""RNA::NACA2""]",0000000011000000000010001001000010000000001000000101000000000010001101001000000000000100000001000100,5230e2d7e0abfe8d1a59ef1994646d72a1c2315b6d9ee47dea2a39f0725c6b34,d25db4223e42aef6241c6d807042972c0dfc93020b4731e6d076a614fb8d2410,1,0.8718069641705789,"[0.9158944573680853, 0.8608348235132752, 0.8532338400665006, 0.8852705639564613, 0.8438011359485719]",0.0290458723385281,0.0129897090029459,0.0,0.0,True,absolute_regret_within_tolerance,False,"{""1"": 0.06451612903225806, ""3"": 0.15151515151515152}",0.1080156402737047,False,False,mean_jaccard > higher_locking_score > smaller_feature_count > stable_mask_hash,regret_constrained_medoid,absolute,0.01,0.01,1,macro_ovr_auroc,"{""candidate_seeds"": {""0"": 42, ""1"": 43, ""2"": 44, ""3"": 45, ""4"": 46}, ""locking_cv_seed"": 342, ""run_seed"": 46}",0.2.0,f4d17a07abba0e51ac2f0497b233ff630148c2a67bfcccdf45f8e38daa4a53ad,1,3,boruta_rf,"[""RNA::ASAP3"", ""RNA::ATP5EP2"", ""RNA::C3orf38"", ""RNA::CAPZA1"", ""RNA::CD151"", ""RNA::CLIC1"", ""RNA::DST"", ""RNA::FAM176B"", ""RNA::FAM90A7"", ""RNA::GTF2F2"", ""RNA::HIST1H1C"", ""RNA::HMGN5"", ""RNA::HNRNPUL2"", ""RNA::KSR1"", ""RNA::LOC728758"", ""RNA::MPRIP"", ""RNA::NACA2""]",1.0,0.0
2,19,"[""RNA::AK2"", ""RNA::ATP5EP2"", ""RNA::C5orf62"", ""RNA::CCDC109B"", ""RNA::CHGB"", ""RNA::CKLF"", ""RNA::CMC1"", ""RNA::CNIH4"", ""RNA::DDOST"", ""RNA::EDARADD"", ""RNA::EIF3A"", ""RNA::FAM120AOS"", ""RNA::FAM90A7"", ""RNA::GBAP1"", ""RNA::GGTLC1"", ""RNA::KSR1"", ""RNA::LDHA"", ""RNA::LOC341056"", ""RNA::NADK""]",0001000001000000000000100010001101100010000010101001000010100000000000001100010000000000000000000001,ac53d0b4a21fd6d0b90c2cec62b34f3145d291fcbf0fec76313f9be11edcc49a,d25db4223e42aef6241c6d807042972c0dfc93020b4731e6d076a614fb8d2410,1,0.8480843205679911,"[0.8829557447251674, 0.8579336051939401, 0.8397527310419672, 0.832116571699905, 0.8276629501789758]",0.0226629730336865,0.0101351896551135,0.0237226436025878,0.0272108902286151,False,absolute_regret_exceeds_tolerance,False,{},,False,False,mean_jaccard > higher_locking_score > smaller_feature_count > stable_mask_hash,regret_constrained_medoid,absolute,0.01,0.01,1,macro_ovr_auroc,"{""candidate_seeds"": {""0"": 42, ""1"": 43, ""2"": 44, ""3"": 45, ""4"": 46}, ""locking_cv_seed"": 342, ""run_seed"": 44}",0.2.0,f4d17a07abba0e51ac2f0497b233ff630148c2a67bfcccdf45f8e38daa4a53ad,1,3,boruta_rf,"[""RNA::AK2"", ""RNA::ATP5EP2"", ""RNA::C5orf62"", ""RNA::CCDC109B"", ""RNA::CHGB"", ""RNA::CKLF"", ""RNA::CMC1"", ""RNA::CNIH4"", ""RNA::DDOST"", ""RNA::EDARADD"", ""RNA::EIF3A"", ""RNA::FAM120AOS"", ""RNA::FAM90A7"", ""RNA::GBAP1"", ""RNA::GGTLC1"", ""RNA::KSR1"", ""RNA::LDHA"", ""RNA::LOC341056"", ""RNA::NADK""]",0.09090909090909091,0.9090909090909091
3,21,"[""RNA::ACBD5"", ""RNA::AKAP6"", ""RNA::ASAP3"", ""RNA::ATP8B5P"", ""RNA::BRD7"", ""RNA::C5orf53"", ""RNA::CPEB3"", ""RNA::CTCFL"", ""RNA::EDARADD"", ""RNA::ERP44"", ""RNA::FAM176B"", ""RNA::FTHL3"", ""RNA::FUT9"", ""RNA::GNG5"", ""RNA::GPN1"", ""RNA::GUSBL1"", ""RNA::HMGN5"", ""RNA::KSR1"", ""RNA::LRRTM4"", ""RNA::LYPLA1"", ""RNA::NACA2""]",0100100010010001000001000000000000001100000010010100011000011001000100001000000000000000011000000100,b92b07c6a236bcb61e8c65347aea661958274ec1d0ebf8baee1f2576743a8262,d25db4223e42aef6241c6d807042972c0dfc93020b4731e6d076a614fb8d2410,1,0.8704482449166191,"[0.8743393677018054, 0.8874000049605895, 0.855442223752098, 0.8795221071663379, 0.8555375210022645]",0.0144252239158078,0.0064511562532804,0.0013587192539598,0.0015585092913916,True,absolute_regret_within_tolerance,False,"{""1"": 0.08823529411764706, ""4"": 0.15151515151515152}",0.1198752228163992,True,True,mean_jaccard > higher_locking_score > smaller_feature_count > stable_mask_hash,regret_constrained_medoid,absolute,0.01,0.01,1,macro_ovr_auroc,"{""candidate_seeds"": {""0"": 42, ""1"": 43, ""2"": 44, ""3"": 45, ""4"": 46}, ""locking_cv_seed"": 342, ""run_seed"": 45}",0.2.0,f4d17a07abba0e51ac2f0497b233ff630148c2a67bfcccdf45f8e38daa4a53ad,1,3,boruta_rf,"[""RNA::ACBD5"", ""RNA::AKAP6"", ""RNA::ASAP3"", ""RNA::ATP8B5P"", ""RNA::BRD7"", ""RNA::C5orf53"", ""RNA::CPEB3"", ""RNA::CTCFL"", ""RNA::EDARADD"", ""RNA::ERP44"", ""RNA::FAM176B"", ""RNA::FTHL3"", ""RNA::FUT9"", ""RNA::GNG5"", ""RNA::GPN1"", ""RNA::GUSBL1"", ""RNA::HMGN5"", ""RNA::KSR1"", ""RNA::LRRTM4"", ""RNA::LYPLA1"", ""RNA::NACA2""]",0.15151515151515152,0.8484848484848485
1,16,"[""RNA::ATP8B5P"", ""RNA::ATP9A"", ""RNA::BAGE2"", ""RNA::CASP6"", ""RNA::CD151"", ""RNA::CKLF"", ""RNA::CPEB3"", ""RNA::ERP44"", ""RNA::FAM120AOS"", ""RNA::GCSH"", ""RNA::H3F3C"", ""RNA::HNRNPUL2"", ""RNA::LOC407835"", ""RNA::LOC613037"", ""RNA::NACAP1"", ""RNA::NADK""]",0000000000011100000000000101000100001000000000011000000001000000100001000000001001000000000000000011,d7b9bdb8a86f4fd9196d23b4c2b90b24ab72e7fdfb7cadf84e8f7a61439f4d3f,d25db4223e42aef6241c6d807042972c0dfc93020b4731e6d076a614fb8d2410,1,0.8663196070732841,"[0.883991938607049, 0.8727816410906218, 0.8336689202023169, 0.8788714935349551, 0.8622840419314779]",0.0199622905648808,0.0089274077379352,0.0054873570972947,0.0062942340710885,True,absolute_regret_within_tolerance,False,"{""3"": 0.08823529411764706, ""4"": 0.06451612903225806}",0.0763757115749525,False,False,mean_jaccard > higher_locking_score > smaller_feature_count > stable_mask_hash,regret_constrained_medoid,absolute,0.01,0.01,1,macro_ovr_auroc,"{""candidate_seeds"": {""0"": 42, ""1"": 43, ""2"": 44, ""3"": 45, ""4"": 46}, ""locking_cv_seed"": 342, ""run_seed"": 43}",0.2.0,f4d17a07abba0e51ac2f0497b233ff630148c2a67bfcccdf45f8e38daa4a53ad,1,3,boruta_rf,"[""RNA::ATP8B5P"", ""RNA::ATP9A"", ""RNA::BAGE2"", ""RNA::CASP6"", ""RNA::CD151"", ""RNA::CKLF"", ""RNA::CPEB3"", ""RNA::ERP44"", ""RNA::FAM120AOS"", ""RNA::GCSH"", ""RNA::H3F3C"", ""RNA::HNRNPUL2"", ""RNA::LOC407835"", ""RNA::LOC613037"", ""RNA::NACAP1"", ""RNA::NADK""]",0.06451612903225806,0.935483870967742
0,14,"[""RNA::NIF3L1"", ""RNA::ANGEL2"", ""RNA::SUMO1P3"", ""RNA::C3orf48"", ""RNA::PWP1"", ""RNA::LIMD2"", ""RNA::CT45A1"", ""RNA::TAAR8"", ""RNA::HNRNPA3P1"", ""RNA::HAPLN1"", ""RNA::SHISA3"", ""RNA::SYNPO2"", ""RNA::LGALS9C"", ""RNA::GPR182""]",00000000000011100000000000100010001010000101000000000010000000000011000010000000000010,4b87d9d518410c76f966e9cb47119ce0acbe89ab635d22b6bbde78e92d15ebc8,6bf0cc584c12c0707ee9452b66009e166f629d66f8c7e3b6006aa57b4ae2e0d3,1,0.8785024271915256,"[0.8723322142166868, 0.9116209621599857, 0.8668242638398502, 0.8857168620790415, 0.8560178336620645]",0.0213827816409119,0.0095626706594227,0.0123394038470601,0.0138513969788264,False,absolute_regret_exceeds_tolerance,False,{},,False,False,mean_jaccard > higher_locking_score > smaller_feature_count > stable_mask_hash,regret_constrained_medoid,absolute,0.01,0.01,1,macro_ovr_auroc,"{""candidate_seeds"": {""0"": 42, ""1"": 43, ""2"": 44, ""3"": 45, ""4"": 46}, ""locking_cv_seed"": 342, ""run_seed"": 42}",0.2.0,f4d17a07abba0e51ac2f0497b233ff630148c2a67bfcccdf45f8e38daa4a53ad,1,4,svm_l1,"[""RNA::NIF3L1"", ""RNA::ANGEL2"", ""RNA::SUMO1P3"", ""RNA::C3orf48"", ""RNA::PWP1"", ""RNA::LIMD2"", ""RNA::CT45A1"", ""RNA::TAAR8"", ""RNA::HNRNPA3P1"", ""RNA::HAPLN1"", ""RNA::SHISA3"", ""RNA::SYNPO2"", ""RNA::LGALS9C"", ""RNA::GPR182""]",0.07142857142857142,0.9285714285714286
1,16,"[""RNA::LOC728643"", ""RNA::G6PC2"", ""SCNV::PEPD"", ""RNA::OR8D1"", ""RNA::ATP8B5P"", ""SCNV::AIM1L"", ""RNA::C3orf48"", ""RNA::OR6C75"", ""RNA::LRRC3"", ""RNA::RNF115"", ""RNA::PGA5"", ""RNA::BFAR"", ""RNA::PLEKHA4"", ""RNA::SYNPO2"", ""RNA::GKN1"", ""RNA::RHOC""]",00011000001000010100100000100001000000000000100100000000011100000001010000001000000000,6729724b2a4800ce73680e63d3490b5e706f933c41f64767236699fcd09db567,6bf0cc584c12c0707ee9452b66009e166f629d66f8c7e3b6006aa57b4ae2e0d3,1,0.8908418310385857,"[0.8823176790989196, 0.8957165890522983, 0.8724478982185683, 0.9084127766820075, 0.8953142121411352]",0.0138157656329698,0.0061785982233052,0.0,0.0,True,absolute_regret_within_tolerance,False,{},,True,True,mean_jaccard > higher_locking_score > smaller_feature_count > stable_mask_hash,regret_constrained_medoid,absolute,0.01,0.01,1,macro_ovr_auroc,"{""candidate_seeds"": {""0"": 42, ""1"": 43, ""2"": 44, ""3"": 45, ""4"": 46}, ""locking_cv_seed"": 342, ""run_seed"": 43}",0.2.0,f4d17a07abba0e51ac2f0497b233ff630148c2a67bfcccdf45f8e38daa4a53ad,1,4,svm_l1,"[""RNA::LOC728643"", ""RNA::G6PC2"", ""SCNV::PEPD"", ""RNA::OR8D1"", ""RNA::ATP8B5P"", ""SCNV::AIM1L"", ""RNA::C3orf48"", ""RNA::OR6C75"", ""RNA::LRRC3"", ""RNA::RNF115"", ""RNA::PGA5"", ""RNA::BFAR"", ""RNA::PLEKHA4"", ""RNA::SYNPO2"", ""RNA::GKN1"", ""RNA::RHOC""]",1.0,0.0
4,12,"[""RNA::G6PC2"", ""RNA::ANGEL2"", ""RNA::SUSD3"", ""RNA::C15orf21"", ""RNA::MSX2P1"", ""RNA::LRRC3"", ""SCNV::SLC7A9"", ""RNA::PGA5"", ""RNA::BFAR"", ""RNA::CAPZA3"", ""RNA::CDH1"", ""RNA::GPR182""]",00001000000001000000000000001000000001010000101000000000011000010000000000000100000010,76ac2813033c2713bd60763c5f45d49ffebfbaab9a2a7a4c24c2447503aef662,6bf0cc584c12c0707ee9452b66009e166f629d66f8c7e3b6006aa57b4ae2e0d3,1,0.8795109386868193,"[0.8839234005932892, 0.8734908057840011, 0.8775772116918715, 0.9024297632706382, 0.8601335120942964]",0.0154936140230992,0.0069289548345587,0.0113308923517664,0.0127193088121561,False,absolute_regret_exceeds_tolerance,False,{},,False,False,mean_jaccard > higher_locking_score > smaller_feature_count > stable_mask_hash,regret_constrained_medoid,absolute,0.01,0.01,1,macro_ovr_auroc,"{""candidate_seeds"": {""0"": 42, ""1"": 43, ""2"": 44, ""3"": 45, ""4"": 46}, ""locking_cv_seed"": 342, ""run_seed"": 46}",0.2.0,f4d17a07abba0e51ac2f0497b233ff630148c2a67bfcccdf45f8e38daa4a53ad,1,4,svm_l1,"[""RNA::G6PC2"", ""RNA::ANGEL2"", ""RNA::SUSD3"", ""RNA::C15orf21"", ""RNA::MSX2P1"", ""RNA::LRRC3"", ""SCNV::SLC7A9"", ""RNA::PGA5"", ""RNA::BFAR"", ""RNA::CAPZA3"", ""RNA::CDH1"", ""RNA::GPR182""]",0.16666666666666666,0.8333333333333334
2,13,"[""RNA::NACAP1"", ""RNA::SUMO1P3"", ""RNA::ATP8B5P"", ""RNA::LONRF1"", ""RNA::AK2"", ""RNA::LIMD2"", ""RNA::RET"", ""RNA::ATP5EP2"", ""RNA::SYNPO2"", ""SCNV::TDRD12"", ""RNA::ARID5B"", ""RNA::BASE"", ""RNA::GPR182""]",00000100000000100100000100010000001000101000000000000000000000000001000001000010100010,c79cc2ababf0527eeca60b1d8a82fcd60dd87a3c42371aba7d553a834e70df54,6bf0cc584c12c0707ee9452b66009e166f629d66f8c7e3b6006aa57b4ae2e0d3,1,0.8762416445270272,"[0.8732838629219699, 0.8976877071807579, 0.8505950150862838, 0.8900789411206078, 0.8695626963255169]",0.0184561019932361,0.008253819731309,0.0146001865115584,0.0163892017672058,False,absolute_regret_exceeds_tolerance,False,{},,False,False,mean_jaccard > higher_locking_score > smaller_feature_count > stable_mask_hash,regret_constrained_medoid,absolute,0.01,0.01,1,macro_ovr_auroc,"{""candidate_seeds"": {""0"": 42, ""1"": 43, ""2"": 44, ""3"": 45, ""4"": 46}, ""locking_cv_seed"": 342, ""run_seed"": 44}",0.2.0,f4d17a07abba0e51ac2f0497b233ff630148c2a67bfcccdf45f8e38daa4a53ad,1,4,svm_l1,"[""RNA::NACAP1"", ""RNA::SUMO1P3"", ""RNA::ATP8B5P"", ""RNA::LONRF1"", ""RNA::AK2"", ""RNA::LIMD2"", ""RNA::RET"", ""RNA::ATP5EP2"", ""RNA::SYNPO2"", ""SCNV::TDRD12"", ""RNA::ARID5B"", ""RNA::BASE"", ""RNA::GPR182""]",0.07407407407407407,0.9259259259259259
3,16,"[""RNA::FTHL3"", ""RNA::LOC728643"", ""SCNV::AIM1L"", ""RNA::C3orf48"", ""RNA::PWP1"", ""RNA::OR6C75"", ""RNA::MSX2P1"", ""RNA::RNF115"", ""RNA::RGAG4"", ""RNA::FYCO1"", ""RNA::ASAP3"", ""RNA::SLC16A10"", ""RNA::PGA5"", ""RNA::PLEKHA4"", ""RNA::SNTG1"", ""RNA::PGRMC2""]",10010000000000000000100000100011000000010000000110101001010100000000100100000000000000,f48e9ee2d4814d9765db44d68b0286d9fdfe93cb52523c9bf1e50821058d4146,6bf0cc584c12c0707ee9452b66009e166f629d66f8c7e3b6006aa57b4ae2e0d3,1,0.8682519761606221,"[0.8788703299741809, 0.8817948380715666, 0.832258457369826, 0.8842932737964789, 0.8640429815910584]",0.0216028401287943,0.0096610838070088,0.0225898548779636,0.0253578739691952,False,absolute_regret_exceeds_tolerance,False,{},,False,False,mean_jaccard > higher_locking_score > smaller_feature_count > stable_mask_hash,regret_constrained_medoid,absolute,0.01,0.01,1,macro_ovr_auroc,"{""candidate_seeds"": {""0"": 42, ""1"": 43, ""2"": 44, ""3"": 45, ""4"": 46}, ""locking_cv_seed"": 342, ""run_seed"": 45}",0.2.0,f4d17a07abba0e51ac2f0497b233ff630148c2a67bfcccdf45f8e38daa4a53ad,1,4,svm_l1,"[""RNA::FTHL3"", ""RNA::LOC728643"", ""SCNV::AIM1L"", ""RNA::C3orf48"", ""RNA::PWP1"", ""RNA::OR6C75"", ""RNA::MSX2P1"", ""RNA::RNF115"", ""RNA::RGAG4"", ""RNA::FYCO1"", ""RNA::ASAP3"", ""RNA::SLC16A10"", ""RNA::PGA5"", ""RNA::PLEKHA4"", ""RNA::SNTG1"", ""RNA::PGRMC2""]",0.28,0.72
2,20,"[""RNA::OAT"", ""SCNV::ST7"", ""RNA::MRS2"", ""RNA::SNRNP40"", ""RNA::LOC728323"", ""RNA::CEBPA"", ""RNA::MCOLN1"", ""RNA::SPDYE3"", ""RNA::C3orf38"", ""RNA::C14orf182"", ""RNA::G6PC2"", ""RNA::NOC2L"", ""SCNV::CA6"", ""RNA::PPIAL4C"", ""RNA::TNFRSF13C"", ""RNA::TMEM108"", ""SCNV::ZNF296"", ""RNA::ABCC4"", ""SCNV::SEMA3A"", ""RNA::ADH1B""]",0000000001010010010000001000000001010000010100000000010000000001000000011101010110000000000010000010,1769dbc20c7d67cdb7b860c389ce542102d6a4d0412018e429d513052a315ca1,0dda8c49c3136ca86a8b95fee2278c81f9ac8c61217222c6f141f98cf264b1f1,1,0.8781769851267827,"[0.8837865662622082, 0.9040448131235729, 0.8257193271671176, 0.8573756757250347, 0.9199585433559793]",0.0375193646177765,0.0167791699515897,0.0128827576910751,0.0144577934250908,False,absolute_regret_exceeds_tolerance,False,{},,False,False,mean_jaccard > higher_locking_score > smaller_feature_count > stable_mask_hash,regret_constrained_medoid,absolute,0.01,0.01,1,macro_ovr_auroc,"{""candidate_seeds"": {""0"": 42, ""1"": 43, ""2"": 44, ""3"": 45, ""4"": 46}, ""locking_cv_seed"": 342, ""run_seed"": 44}",0.2.0,f4d17a07abba0e51ac2f0497b233ff630148c2a67bfcccdf45f8e38daa4a53ad,1,4,xgboost,"[""RNA::OAT"", ""SCNV::ST7"", ""RNA::MRS2"", ""RNA::SNRNP40"", ""RNA::LOC728323"", ""RNA::CEBPA"", ""RNA::MCOLN1"", ""RNA::SPDYE3"", ""RNA::C3orf38"", ""RNA::C14orf182"", ""RNA::G6PC2"", ""RNA::NOC2L"", ""SCNV::CA6"", ""RNA::PPIAL4C"", ""RNA::TNFRSF13C"", ""RNA::TMEM108"", ""SCNV::ZNF296"", ""RNA::ABCC4"", ""SCNV::SEMA3A"", ""RNA::ADH1B""]",0.1111111111111111,0.8888888888888888
1,20,"[""RNA::THRAP3"", ""SCNV::KIAA0355"", ""RNA::SIAH1"", ""SCNV::ST7"", ""RNA::PPT2"", ""RNA::SNRNP40"", ""RNA::LOC283922"", ""RNA::FBXW12"", ""RNA::CBLL1"", ""RNA::MCOLN1"", ""RNA::HSPA12B"", ""RNA::RNF148"", ""RNA::TEX9"", ""RNA::LOC100272216"", ""RNA::G6PC2"", ""RNA::SUMO1P3"", ""RNA::FGFBP2"", ""RNA::ERGIC3"", ""RNA::SPN"", ""RNA::TSKU""]",1100001000011000010100010100000000010000001000000010000010000011101010000000000000000001000000100000,2e8c87d754dd129c9225ce8dc04738f3ba4924b976bfba8a6a0cb2de94816ee9,0dda8c49c3136ca86a8b95fee2278c81f9ac8c61217222c6f141f98cf264b1f1,1,0.8893510151408401,"[0.880039084665206, 0.9145723496890639, 0.8334774221228144, 0.9049921469793265, 0.9136740722477901]",0.0342087060356618,0.0152985984236094,0.0017087276770176,0.00191763536709,True,absolute_regret_within_tolerance,False,"{""0"": 0.14285714285714285, ""3"": 0.1111111111111111}",0.1269841269841269,False,False,mean_jaccard > higher_locking_score > smaller_feature_count > stable_mask_hash,regret_constrained_medoid,absolute,0.01,0.01,1,macro_ovr_auroc,"{""candidate_seeds"": {""0"": 42, ""1"": 43, ""2"": 44, ""3"": 45, ""4"": 46}, ""locking_cv_seed"": 342, ""run_seed"": 43}",0.2.0,f4d17a07abba0e51ac2f0497b233ff630148c2a67bfcccdf45f8e38daa4a53ad,1,4,xgboost,"[""RNA::THRAP3"", ""SCNV::KIAA0355"", ""RNA::SIAH1"", ""SCNV::ST7"", ""RNA::PPT2"", ""RNA::SNRNP40"", ""RNA::LOC283922"", ""RNA::FBXW12"", ""RNA::CBLL1"", ""RNA::MCOLN1"", ""RNA::HSPA12B"", ""RNA::RNF148"", ""RNA::TEX9"", ""RNA::LOC100272216"", ""RNA::G6PC2"", ""RNA::SUMO1P3"", ""RNA::FGFBP2"", ""RNA::ERGIC3"", ""RNA::SPN"", ""RNA::TSKU""]",0.14285714285714285,0.8571428571428572
0,20,"[""RNA::YTHDF2"", ""RNA::TNFAIP8L2"", ""RNA::MYST2"", ""RNA::C18orf56"", ""RNA::SNRNP40"", ""RNA::PLEKHA4"", ""RNA::FBXW12"", ""RNA::NBPF3"", ""RNA::WLS"", ""RNA::LRRC4C"", ""RNA::ABCD1"", ""RNA::G6PC2"", ""RNA::SUMO1P3"", ""RNA::CHD1L"", ""SCNV::CA6"", ""RNA::ABCC4"", ""RNA::C6orf147"", ""RNA::BFAR"", ""RNA::CYP27B1"", ""RNA::SPN""]",0000010100100000110000110000000000100000000000000000000000110101100100001000000010011101000000000000,7e71d2521bacc93b2fe5cd280dc74a3424411c2c9d33e8e2fa1c7fd038b09c93,0dda8c49c3136ca86a8b95fee2278c81f9ac8c61217222c6f141f98cf264b1f1,1,0.8910597428178578,"[0.8933210633662999, 0.9034118847019774, 0.8614453591249638, 0.8776193476513989, 0.919501059244649]",0.0224958518597185,0.0100604507940191,0.0,0.0,True,absolute_regret_within_tolerance,False,"{""1"": 0.14285714285714285, ""3"": 0.1111111111111111}",0.1269841269841269,True,True,mean_jaccard > higher_locking_score > smaller_feature_count > stable_mask_hash,regret_constrained_medoid,absolute,0.01,0.01,1,macro_ovr_auroc,"{""candidate_seeds"": {""0"": 42, ""1"": 43, ""2"": 44, ""3"": 45, ""4"": 46}, ""locking_cv_seed"": 342, ""run_seed"": 42}",0.2.0,f4d17a07abba0e51ac2f0497b233ff630148c2a67bfcccdf45f8e38daa4a53ad,1,4,xgboost,"[""RNA::YTHDF2"", ""RNA::TNFAIP8L2"", ""RNA::MYST2"", ""RNA::C18orf56"", ""RNA::SNRNP40"", ""RNA::PLEKHA4"", ""RNA::FBXW12"", ""RNA::NBPF3"", ""RNA::WLS"", ""RNA::LRRC4C"", ""RNA::ABCD1"", ""RNA::G6PC2"", ""RNA::SUMO1P3"", ""RNA::CHD1L"", ""SCNV::CA6"", ""RNA::ABCC4"", ""RNA::C6orf147"", ""RNA::BFAR"", ""RNA::CYP27B1"", ""RNA::SPN""]",1.0,0.0
3,20,"[""RNA::EEF1A1P9"", ""RNA::SIAH1"", ""RNA::TNFAIP8L2"", ""RNA::MYST2"", ""SCNV::ST7"", ""RNA::MBNL2"", ""RNA::SLC6A12"", ""RNA::TMEM97"", ""RNA::CCDC142"", ""RNA::CEBPA"", ""RNA::NPHP1"", ""RNA::HSPA12B"", ""RNA::G6PC2"", ""RNA::NOC2L"", ""SCNV::CA6"", ""RNA::MMP13"", ""RNA::TXLNA"", ""SCNV::SEMA3A"", ""RNA::MKRN2"", ""RNA::CDC42EP4""]",0000101100110000000001000010001101000010001000000000000000000001000000011000100000000010000010000101,afe017f8aa894527893c868b7efe1a65bb079f739c1b888ef2dfc2e48237162c,0dda8c49c3136ca86a8b95fee2278c81f9ac8c61217222c6f141f98cf264b1f1,1,0.8831960454439619,"[0.8927512472749095, 0.8870621554602309, 0.8439088984126404, 0.8851847286142158, 0.9070731974578128]",0.0235786018435832,0.0105446713073308,0.0078636973738959,0.0088251067757006,True,absolute_regret_within_tolerance,False,"{""0"": 0.1111111111111111, ""1"": 0.1111111111111111}",0.1111111111111111,False,False,mean_jaccard > higher_locking_score > smaller_feature_count > stable_mask_hash,regret_constrained_medoid,absolute,0.01,0.01,1,macro_ovr_auroc,"{""candidate_seeds"": {""0"": 42, ""1"": 43, ""2"": 44, ""3"": 45, ""4"": 46}, ""locking_cv_seed"": 342, ""run_seed"": 45}",0.2.0,f4d17a07abba0e51ac2f0497b233ff630148c2a67bfcccdf45f8e38daa4a53ad,1,4,xgboost,"[""RNA::EEF1A1P9"", ""RNA::SIAH1"", ""RNA::TNFAIP8L2"", ""RNA::MYST2"", ""SCNV::ST7"", ""RNA::MBNL2"", ""RNA::SLC6A12"", ""RNA::TMEM97"", ""RNA::CCDC142"", ""RNA::CEBPA"", ""RNA::NPHP1"", ""RNA::HSPA12B"", ""RNA::G6PC2"", ""RNA::NOC2L"", ""SCNV::CA6"", ""RNA::MMP13"", ""RNA::TXLNA"", ""SCNV::SEMA3A"", ""RNA::MKRN2"", ""RNA::CDC42EP4""]",0.1111111111111111,0.8888888888888888
4,20,"[""RNA::DRG2"", ""RNA::SIAH1"", ""RNA::PNPLA1"", ""RNA::MYST2"", ""RNA::NFIA"", ""RNA::C18orf56"", ""RNA::SNRNP40"", ""RNA::LOC283922"", ""RNA::SLC6A12"", ""RNA::CEBPA"", ""RNA::NBPF3"", ""RNA::C10orf131"", ""RNA::SPDYE3"", ""RNA::HSPA12B"", ""RNA::SUGT1L1"", ""RNA::AMAC1L3"", ""RNA::TEX9"", ""RNA::G6PC2"", ""RNA::SUMO1P3"", ""RNA::TXLNA""]",0001001010100100110100000010000001101000011000001000100010000001100000000000000000000010000000000000,b0a48766b4f8c5303da58b4fcc8850ff7cf9b586d8326515484cb71841ec753c,0dda8c49c3136ca86a8b95fee2278c81f9ac8c61217222c6f141f98cf264b1f1,1,0.87406138530935,"[0.8812293252422388, 0.8817034859889458, 0.8597108455369116, 0.8526325882095113, 0.8950306815691431]",0.0174257265861136,0.007793021840775,0.0169983575085078,0.0190765632108491,False,absolute_regret_exceeds_tolerance,False,{},,False,False,mean_jaccard > higher_locking_score > smaller_feature_count > stable_mask_hash,regret_constrained_medoid,absolute,0.01,0.01,1,macro_ovr_auroc,"{""candidate_seeds"": {""0"": 42, ""1"": 43, ""2"": 44, ""3"": 45, ""4"": 46}, ""locking_cv_seed"": 342, ""run_seed"": 46}",0.2.0,f4d17a07abba0e51ac2f0497b233ff630148c2a67bfcccdf45f8e38daa4a53ad,1,4,xgboost,"[""RNA::DRG2"", ""RNA::SIAH1"", ""RNA::PNPLA1"", ""RNA::MYST2"", ""RNA::NFIA"", ""RNA::C18orf56"", ""RNA::SNRNP40"", ""RNA::LOC283922"", ""RNA::SLC6A12"", ""RNA::CEBPA"", ""RNA::NBPF3"", ""RNA::C10orf131"", ""RNA::SPDYE3"", ""RNA::HSPA12B"", ""RNA::SUGT1L1"", ""RNA::AMAC1L3"", ""RNA::TEX9"", ""RNA::G6PC2"", ""RNA::SUMO1P3"", ""RNA::TXLNA""]",0.17647058823529413,0.8235294117647058
4,18,"[""RNA::ATP5EP2"", ""RNA::ATP8B5P"", ""RNA::CASP6"", ""RNA::CDC26"", ""RNA::CKLF"", ""RNA::CNN3"", ""RNA::CTCFL"", ""RNA::GPN1"", ""RNA::GPX7"", ""RNA::HSPA12B"", ""RNA::LOC100130776"", ""RNA::LOC644936"", ""RNA::LRRC42"", ""RNA::LYPLA1"", ""RNA::MYO18A"", ""RNA::PRKCG"", ""RNA::RAB6C"", ""RNA::RAP1B""]",0000101000000001101001001000000000011000001000000010000000100010010000100000000000000101010000000000,0fa002af1bc560b51a2394cbb528f0e201a9cc86534bac3cb1f0091306ff2cc5,1fe39aba0553f6bac7e3fe1da0824b5673c4636b34e1a8f7e68600b87aefcd44,1,0.8587803665706806,"[0.8810186767385964, 0.8816498550550581, 0.8373732674561256, 0.8386503305573819, 0.8552097030462414]",0.0217588362686481,0.009730847401597,0.0083261005282774,0.0096021663361982,True,absolute_regret_within_tolerance,False,"{""2"": 0.12903225806451613, ""3"": 0.06666666666666667}",0.0978494623655913,False,False,mean_jaccard > higher_locking_score > smaller_feature_count > stable_mask_hash,regret_constrained_medoid,absolute,0.01,0.01,1,macro_ovr_auroc,"{""candidate_seeds"": {""0"": 42, ""1"": 43, ""2"": 44, ""3"": 45, ""4"": 46}, ""locking_cv_seed"": 342, ""run_seed"": 46}",0.2.0,f4d17a07abba0e51ac2f0497b233ff630148c2a67bfcccdf45f8e38daa4a53ad,1,4,boruta_rf,"[""RNA::ATP5EP2"", ""RNA::ATP8B5P"", ""RNA::CASP6"", ""RNA::CDC26"", ""RNA::CKLF"", ""RNA::CNN3"", ""RNA::CTCFL"", ""RNA::GPN1"", ""RNA::GPX7"", ""RNA::HSPA12B"", ""RNA::LOC100130776"", ""RNA::LOC644936"", ""RNA::LRRC42"", ""RNA::LYPLA1"", ""RNA::MYO18A"", ""RNA::PRKCG"", ""RNA::RAB6C"", ""RNA::RAP1B""]",0.06666666666666667,0.9333333333333333
0,16,"[""RNA::ABLIM1"", ""RNA::C10orf4"", ""RNA::CLIC1"", ""RNA::CMC1"", ""RNA::COMMD10"", ""RNA::CPEB3"", ""RNA::EEF1A1P9"", ""RNA::EIF3A"", ""RNA::GPX7"", ""RNA::LDHA"", ""RNA::LOC284232"", ""RNA::LOC399744"", ""RNA::LRRTM4"", ""RNA::MADD"", ""RNA::RAP1B"", ""RNA::RPL13AP3""]",1000000001000000000110110000011000001000000000000101010000000001001000000000000000000000010010000000,2abc2cf417e8f9887fb0d98d870f692217fadd8bf9e09d74dfc0eae1112932bd,1fe39aba0553f6bac7e3fe1da0824b5673c4636b34e1a8f7e68600b87aefcd44,1,0.838781770677687,"[0.8253241899352324, 0.863760629730872, 0.8345301389893336, 0.8067134195339323, 0.863580475199065]",0.0248318401556839,0.0111051365189036,0.028324696421271,0.0326657653886906,False,absolute_regret_exceeds_tolerance,False,{},,False,False,mean_jaccard > higher_locking_score > smaller_feature_count > stable_mask_hash,regret_constrained_medoid,absolute,0.01,0.01,1,macro_ovr_auroc,"{""candidate_seeds"": {""0"": 42, ""1"": 43, ""2"": 44, ""3"": 45, ""4"": 46}, ""locking_cv_seed"": 342, ""run_seed"": 42}",0.2.0,f4d17a07abba0e51ac2f0497b233ff630148c2a67bfcccdf45f8e38daa4a53ad,1,4,boruta_rf,"[""RNA::ABLIM1"", ""RNA::C10orf4"", ""RNA::CLIC1"", ""RNA::CMC1"", ""RNA::COMMD10"", ""RNA::CPEB3"", ""RNA::EEF1A1P9"", ""RNA::EIF3A"", ""RNA::GPX7"", ""RNA::LDHA"", ""RNA::LOC284232"", ""RNA::LOC399744"", ""RNA::LRRTM4"", ""RNA::MADD"", ""RNA::RAP1B"", ""RNA::RPL13AP3""]",0.07142857142857142,0.9285714285714286
2,17,"[""RNA::ASAP3"", ""RNA::ATP5EP2"", ""RNA::BAGE2"", ""RNA::CDC26"", ""RNA::CKLF"", ""RNA::COMMD10"", ""RNA::CTCFL"", ""RNA::DYNC1H1"", ""RNA::IRF2"", ""RNA::LOC407835"", ""RNA::LRRTM4"", ""RNA::OPN1SW"", ""RNA::PDIA4"", ""RNA::PPIA"", ""RNA::RHOC"", ""RNA::SEPT14"", ""RNA::SHQ1""]",0001100100000000101000101001000000000000000010000000001000000001000000000000010010001000001000000101,4afa0ea90d30efa82f00a75dafd2dbd083cbc2c5126e7b95e8a05be0f0c45975,1fe39aba0553f6bac7e3fe1da0824b5673c4636b34e1a8f7e68600b87aefcd44,1,0.8670588559332867,"[0.8678615411893327, 0.8892434459300104, 0.815694086542269, 0.8609736832493243, 0.901521522755497]",0.0329994113683401,0.0147577854074175,4.761116567131296e-05,5.4908096615406014e-05,True,absolute_regret_within_tolerance,False,"{""3"": 0.06896551724137931, ""4"": 0.12903225806451613}",0.0989988876529477,True,True,mean_jaccard > higher_locking_score > smaller_feature_count > stable_mask_hash,regret_constrained_medoid,absolute,0.01,0.01,1,macro_ovr_auroc,"{""candidate_seeds"": {""0"": 42, ""1"": 43, ""2"": 44, ""3"": 45, ""4"": 46}, ""locking_cv_seed"": 342, ""run_seed"": 44}",0.2.0,f4d17a07abba0e51ac2f0497b233ff630148c2a67bfcccdf45f8e38daa4a53ad,1,4,boruta_rf,"[""RNA::ASAP3"", ""RNA::ATP5EP2"", ""RNA::BAGE2"", ""RNA::CDC26"", ""RNA::CKLF"", ""RNA::COMMD10"", ""RNA::CTCFL"", ""RNA::DYNC1H1"", ""RNA::IRF2"", ""RNA::LOC407835"", ""RNA::LRRTM4"", ""RNA::OPN1SW"", ""RNA::PDIA4"", ""RNA::PPIA"", ""RNA::RHOC"", ""RNA::SEPT14"", ""RNA::SHQ1""]",0.06896551724137931,0.9310344827586207
3,14,"[""RNA::CASP3"", ""RNA::FTHL3"", ""RNA::GPN1"", ""RNA::HSPA12B"", ""RNA::LSM14A"", ""RNA::MADD"", ""RNA::NADK"", ""RNA::OPN1SW"", ""RNA::OSTC"", ""RNA::PDIA4"", ""RNA::RPL12"", ""RNA::RPL13AP3"", ""RNA::SCP2"", ""RNA::SFRS4""]",0000000000000010000000000000000001010000001000000000000000000000101000000100011010000000000110001010,907bea6450628bf961a42acb79bbc3b4091062b54eb0066960bf0675a8a86ee5,1fe39aba0553f6bac7e3fe1da0824b5673c4636b34e1a8f7e68600b87aefcd44,1,0.867106467098958,"[0.8765782212426196, 0.8883137433565089, 0.8290832812616491, 0.8580975144276426, 0.8834595752063701]",0.0241547651978201,0.0108023393925743,0.0,0.0,True,absolute_regret_within_tolerance,False,"{""2"": 0.06896551724137931, ""4"": 0.06666666666666667}",0.067816091954023,False,False,mean_jaccard > higher_locking_score > smaller_feature_count > stable_mask_hash,regret_constrained_medoid,absolute,0.01,0.01,1,macro_ovr_auroc,"{""candidate_seeds"": {""0"": 42, ""1"": 43, ""2"": 44, ""3"": 45, ""4"": 46}, ""locking_cv_seed"": 342, ""run_seed"": 45}",0.2.0,f4d17a07abba0e51ac2f0497b233ff630148c2a67bfcccdf45f8e38daa4a53ad,1,4,boruta_rf,"[""RNA::CASP3"", ""RNA::FTHL3"", ""RNA::GPN1"", ""RNA::HSPA12B"", ""RNA::LSM14A"", ""RNA::MADD"", ""RNA::NADK"", ""RNA::OPN1SW"", ""RNA::OSTC"", ""RNA::PDIA4"", ""RNA::RPL12"", ""RNA::RPL13AP3"", ""RNA::SCP2"", ""RNA::SFRS4""]",1.0,0.0
1,20,"[""RNA::C12orf51"", ""RNA::CLIC1"", ""RNA::EDARADD"", ""RNA::EIF3A"", ""RNA::KIAA0427"", ""RNA::LOC100130776"", ""RNA::LOC728643"", ""RNA::LOX"", ""RNA::LRRC37A4"", ""RNA::LRRC42"", ""RNA::LRRTM4"", ""RNA::MEOX2"", ""RNA::NALCN"", ""RNA::NOX4"", ""RNA::OSTC"", ""RNA::PDIA4"", ""RNA::PIP4K2B"", ""RNA::RPL13AP3"", ""RNA::RRM2"", ""RNA::SCP2""]",0000000000010000000100000000101000000000000000100010000000011111000100000010101011000000000010011000,9a47ff27fc03da013143d70fd74b2b8ff22d4e3b495e0a8cd81da4d5ba5f6d8c,1fe39aba0553f6bac7e3fe1da0824b5673c4636b34e1a8f7e68600b87aefcd44,1,0.8460982232688312,"[0.8443753918951105, 0.8861204502909777, 0.8063838434472789, 0.8275887573964498, 0.8660226733143399]",0.0313111913094258,0.0140027904448753,0.0210082438301267,0.024227986559036,False,absolute_regret_exceeds_tolerance,False,{},,False,False,mean_jaccard > higher_locking_score > smaller_feature_count > stable_mask_hash,regret_constrained_medoid,absolute,0.01,0.01,1,macro_ovr_auroc,"{""candidate_seeds"": {""0"": 42, ""1"": 43, ""2"": 44, ""3"": 45, ""4"": 46}, ""locking_cv_seed"": 342, ""run_seed"": 43}",0.2.0,f4d17a07abba0e51ac2f0497b233ff630148c2a67bfcccdf45f8e38daa4a53ad,1,4,boruta_rf,"[""RNA::C12orf51"", ""RNA::CLIC1"", ""RNA::EDARADD"", ""RNA::EIF3A"", ""RNA::KIAA0427"", ""RNA::LOC100130776"", ""RNA::LOC728643"", ""RNA::LOX"", ""RNA::LRRC37A4"", ""RNA::LRRC42"", ""RNA::LRRTM4"", ""RNA::MEOX2"", ""RNA::NALCN"", ""RNA::NOX4"", ""RNA::OSTC"", ""RNA::PDIA4"", ""RNA::PIP4K2B"", ""RNA::RPL13AP3"", ""RNA::RRM2"", ""RNA::SCP2""]",0.13333333333333333,0.8666666666666667
1,15,"[""RNA::LOC643387"", ""RNA::DGKK"", ""RNA::SLC47A1"", ""RNA::CARD8"", ""RNA::SUMO1P3"", ""RNA::HAPLN1"", ""RNA::HIST1H2BE"", ""RNA::TMEM149"", ""RNA::S100PBP"", ""RNA::OR8D1"", ""RNA::NCF1C"", ""RNA::ACSM2A"", ""RNA::LOC348021"", ""RNA::C14orf105"", ""RNA::CXorf21""]",0100000000000110000100010001001100000001100000000010000010000000000000100010000000001000,2e303e400557c3a4e8f7288dccfa49ea82b00bd726dca1144df0723ea0b3fed3,aa254b2fe1ed3a96786458fae09b753283f12332807a9138099c24f3900bc36b,1,0.8606411388419618,"[0.8639553368152966, 0.8583138082648061, 0.8637000818932394, 0.8542269340346264, 0.8630095332018409]",0.004257605652451,0.0019040591320535,0.0093282560998897,0.0107225106470707,True,absolute_regret_within_tolerance,False,"{""0"": 0.03333333333333333, ""3"": 0.17391304347826086, ""4"": 0.1111111111111111}",0.1061191626409017,False,False,mean_jaccard > higher_locking_score > smaller_feature_count > stable_mask_hash,regret_constrained_medoid,absolute,0.01,0.01,1,macro_ovr_auroc,"{""candidate_seeds"": {""0"": 42, ""1"": 43, ""2"": 44, ""3"": 45, ""4"": 46}, ""locking_cv_seed"": 342, ""run_seed"": 43}",0.2.0,f4d17a07abba0e51ac2f0497b233ff630148c2a67bfcccdf45f8e38daa4a53ad,1,5,svm_l1,"[""RNA::LOC643387"", ""RNA::DGKK"", ""RNA::SLC47A1"", ""RNA::CARD8"", ""RNA::SUMO1P3"", ""RNA::HAPLN1"", ""RNA::HIST1H2BE"", ""RNA::TMEM149"", ""RNA::S100PBP"", ""RNA::OR8D1"", ""RNA::NCF1C"", ""RNA::ACSM2A"", ""RNA::LOC348021"", ""RNA::C14orf105"", ""RNA::CXorf21""]",0.03333333333333333,0.9666666666666667
0,16,"[""RNA::FTHL3"", ""RNA::LOC728643"", ""RNA::LOC100129034"", ""RNA::EXOG"", ""RNA::HAPLN1"", ""RNA::SYF2"", ""RNA::MCM6"", ""RNA::ID3"", ""RNA::TMEM18"", ""RNA::FXN"", ""RNA::SAMD11"", ""RNA::OR1L1"", ""RNA::C1orf87"", ""RNA::AK2"", ""RNA::CT45A1"", ""RNA::POLR2C""]",1001000000010000000010000001000010000000000000011000001101000100010000010001000100000000,3d5d01fc26b475fb4560be20738854a801b7f1ff6ef7a5f721ab66446692e7e5,aa254b2fe1ed3a96786458fae09b753283f12332807a9138099c24f3900bc36b,1,0.8699693949418515,"[0.8988050023060076, 0.8749618165156298, 0.8387153008945596, 0.8412178574037549, 0.8961469975893054]",0.0289186475786802,0.0129328123606577,0.0,0.0,True,absolute_regret_within_tolerance,False,"{""1"": 0.03333333333333333, ""3"": 0.12, ""4"": 0.10714285714285714}",0.0868253968253968,False,False,mean_jaccard > higher_locking_score > smaller_feature_count > stable_mask_hash,regret_constrained_medoid,absolute,0.01,0.01,1,macro_ovr_auroc,"{""candidate_seeds"": {""0"": 42, ""1"": 43, ""2"": 44, ""3"": 45, ""4"": 46}, ""locking_cv_seed"": 342, ""run_seed"": 42}",0.2.0,f4d17a07abba0e51ac2f0497b233ff630148c2a67bfcccdf45f8e38daa4a53ad,1,5,svm_l1,"[""RNA::FTHL3"", ""RNA::LOC728643"", ""RNA::LOC100129034"", ""RNA::EXOG"", ""RNA::HAPLN1"", ""RNA::SYF2"", ""RNA::MCM6"", ""RNA::ID3"", ""RNA::TMEM18"", ""RNA::FXN"", ""RNA::SAMD11"", ""RNA::OR1L1"", ""RNA::C1orf87"", ""RNA::AK2"", ""RNA::CT45A1"", ""RNA::POLR2C""]",1.0,0.0
3,12,"[""RNA::MYOZ2"", ""RNA::LOC100129034"", ""RNA::LEKR1"", ""RNA::CARD8"", ""RNA::SUMO1P3"", ""RNA::PPIAL4C"", ""RNA::HAPLN1"", ""RNA::CEP70"", ""RNA::LSM14A"", ""RNA::C1orf87"", ""RNA::C22orf15"", ""RNA::CXorf21""]",0000000000110000100100011001000000000000000000100000000000001000010000000000010000001000,bcdfa6248d15e9891f637fd5c03d94e5dddc30ac1bea116c3f156092a003ec0d,aa254b2fe1ed3a96786458fae09b753283f12332807a9138099c24f3900bc36b,1,0.8614053277307713,"[0.8638534681200163, 0.8698548661351584, 0.8699789443285523, 0.8322069727518445, 0.8711323873182848]",0.0165684535629676,0.0074096376897688,0.0085640672110802,0.0098441017130869,True,absolute_regret_within_tolerance,False,"{""0"": 0.12, ""1"": 0.17391304347826086, ""4"": 0.22727272727272727}",0.1737285902503293,True,True,mean_jaccard > higher_locking_score > smaller_feature_count > stable_mask_hash,regret_constrained_medoid,absolute,0.01,0.01,1,macro_ovr_auroc,"{""candidate_seeds"": {""0"": 42, ""1"": 43, ""2"": 44, ""3"": 45, ""4"": 46}, ""locking_cv_seed"": 342, ""run_seed"": 45}",0.2.0,f4d17a07abba0e51ac2f0497b233ff630148c2a67bfcccdf45f8e38daa4a53ad,1,5,svm_l1,"[""RNA::MYOZ2"", ""RNA::LOC100129034"", ""RNA::LEKR1"", ""RNA::CARD8"", ""RNA::SUMO1P3"", ""RNA::PPIAL4C"", ""RNA::HAPLN1"", ""RNA::CEP70"", ""RNA::LSM14A"", ""RNA::C1orf87"", ""RNA::C22orf15"", ""RNA::CXorf21""]",0.12,0.88
2,13,"[""RNA::THRAP3"", ""RNA::SFRS4"", ""RNA::ATP8B5P"", ""RNA::CARD8"", ""RNA::SUMO1P3"", ""SCNV::SLC25A33"", ""RNA::SYF2"", ""RNA::DDX19B"", ""RNA::LOC644936"", ""RNA::C14orf105"", ""RNA::C22orf15"", ""RNA::CCDC127"", ""RNA::CXorf21""]",0010001001000000000100010000010010000100001000000000000000000000000000000010010010001000,bcf7ec0ef37a51380420d7e3578fa58c1bca4bc4d8e57e81703dfd2e0906fe7e,aa254b2fe1ed3a96786458fae09b753283f12332807a9138099c24f3900bc36b,1,0.8571136020762129,"[0.8559878328359616, 0.8901582993707015, 0.8437102210044121, 0.8238980659653736, 0.8718135912046168]",0.025456980964601,0.0113847079877532,0.0128557928656386,0.0147772932477675,False,absolute_regret_exceeds_tolerance,False,{},,False,False,mean_jaccard > higher_locking_score > smaller_feature_count > stable_mask_hash,regret_constrained_medoid,absolute,0.01,0.01,1,macro_ovr_auroc,"{""candidate_seeds"": {""0"": 42, ""1"": 43, ""2"": 44, ""3"": 45, ""4"": 46}, ""locking_cv_seed"": 342, ""run_seed"": 44}",0.2.0,f4d17a07abba0e51ac2f0497b233ff630148c2a67bfcccdf45f8e38daa4a53ad,1,5,svm_l1,"[""RNA::THRAP3"", ""RNA::SFRS4"", ""RNA::ATP8B5P"", ""RNA::CARD8"", ""RNA::SUMO1P3"", ""SCNV::SLC25A33"", ""RNA::SYF2"", ""RNA::DDX19B"", ""RNA::LOC644936"", ""RNA::C14orf105"", ""RNA::C22orf15"", ""RNA::CCDC127"", ""RNA::CXorf21""]",0.03571428571428571,0.9642857142857143
4,15,"[""RNA::NACAP1"", ""RNA::LOC100129034"", ""RNA::CARD8"", ""RNA::SUMO1P3"", ""RNA::SYF2"", ""RNA::HLA-DRB6"", ""RNA::MFSD2B"", ""RNA::DDX19B"", ""RNA::LOC644936"", ""RNA::PMP2"", ""RNA::PA2G4P4"", ""RNA::GPR89A"", ""RNA::C1orf87"", ""RNA::C11orf92"", ""RNA::CXorf21""]",0000100000010000000100010000000011010100001001000000100000000010011000000000000000001000,ccbd5b534df3a408b13d80ca3f360a29cbee90e312a4df032714f6ddad8c8a2e,aa254b2fe1ed3a96786458fae09b753283f12332807a9138099c24f3900bc36b,1,0.8625666481245681,"[0.8608354386617609, 0.8954507732572594, 0.8455717474561023, 0.8387948352691943, 0.8721804459785228]",0.0225317199536855,0.0100764914932858,0.0074027468172834,0.0085092037263888,True,absolute_regret_within_tolerance,False,"{""0"": 0.10714285714285714, ""1"": 0.1111111111111111, ""3"": 0.22727272727272727}",0.1485088985088985,False,False,mean_jaccard > higher_locking_score > smaller_feature_count > stable_mask_hash,regret_constrained_medoid,absolute,0.01,0.01,1,macro_ovr_auroc,"{""candidate_seeds"": {""0"": 42, ""1"": 43, ""2"": 44, ""3"": 45, ""4"": 46}, ""locking_cv_seed"": 342, ""run_seed"": 46}",0.2.0,f4d17a07abba0e51ac2f0497b233ff630148c2a67bfcccdf45f8e38daa4a53ad,1,5,svm_l1,"[""RNA::NACAP1"", ""RNA::LOC100129034"", ""RNA::CARD8"", ""RNA::SUMO1P3"", ""RNA::SYF2"", ""RNA::HLA-DRB6"", ""RNA::MFSD2B"", ""RNA::DDX19B"", ""RNA::LOC644936"", ""RNA::PMP2"", ""RNA::PA2G4P4"", ""RNA::GPR89A"", ""RNA::C1orf87"", ""RNA::C11orf92"", ""RNA::CXorf21""]",0.10714285714285714,0.8928571428571429
0,17,"[""RNA::S100PBP"", ""RNA::THRAP3"", ""RNA::KCNJ11"", ""RNA::C14orf23"", ""RNA::DCUN1D3"", ""RNA::GPR143"", ""RNA::GUCY1B2"", ""RNA::CAPN8"", ""RNA::IL2RA"", ""RNA::PLCZ1"", ""RNA::DPP6"", ""RNA::NEUROG3"", ""RNA::LOC407835"", ""RNA::TNS4"", ""RNA::C9orf80"", ""RNA::PGF"", ""RNA::GNAI1""]",0011000101011000010000000000000000010010000000001001000000001010000100000000010000100000000000001000,5b785910317867831f384dd1346019ccf8d63089f76eaaa8f961332085871f8b,d441818cac9a49c8f67244cb541db7478da47fa4ef99d66e868329814ed4754a,1,0.847015405117516,"[0.8737728590960883, 0.8282590692631151, 0.852292974441941, 0.8122452333990795, 0.868506889387357]",0.0262985881442473,0.0117610861605614,0.0143256174590444,0.0166317603406276,False,absolute_regret_exceeds_tolerance,False,{},,False,False,mean_jaccard > higher_locking_score > smaller_feature_count > stable_mask_hash,regret_constrained_medoid,absolute,0.01,0.01,1,macro_ovr_auroc,"{""candidate_seeds"": {""0"": 42, ""1"": 43, ""2"": 44, ""3"": 45, ""4"": 46}, ""locking_cv_seed"": 342, ""run_seed"": 42}",0.2.0,f4d17a07abba0e51ac2f0497b233ff630148c2a67bfcccdf45f8e38daa4a53ad,1,5,xgboost,"[""RNA::S100PBP"", ""RNA::THRAP3"", ""RNA::KCNJ11"", ""RNA::C14orf23"", ""RNA::DCUN1D3"", ""RNA::GPR143"", ""RNA::GUCY1B2"", ""RNA::CAPN8"", ""RNA::IL2RA"", ""RNA::PLCZ1"", ""RNA::DPP6"", ""RNA::NEUROG3"", ""RNA::LOC407835"", ""RNA::TNS4"", ""RNA::C9orf80"", ""RNA::PGF"", ""RNA::GNAI1""]",0.09090909090909091,0.9090909090909091
3,19,"[""RNA::SLC36A4"", ""RNA::EEF1A1P9"", ""RNA::ARHGAP1"", ""RNA::NPLOC4"", ""RNA::SEPT3"", ""RNA::TEKT4"", ""RNA::CYP51A1"", ""RNA::AKR1CL1"", ""RNA::SPDEF"", ""RNA::MRPL22"", ""RNA::ZNF836"", ""RNA::NRAP"", ""RNA::C9orf80"", ""RNA::PAPD5"", ""RNA::DNALI1"", ""RNA::LRRK1"", ""RNA::SLC19A2"", ""RNA::FRG1B"", ""RNA::TBRG4""]",0000010010000000000000100000100100001000000000000100001000010000001000010001010010011010000110000000,624bedb3f916c28068e04a2b4c8a887b17361e67822700a323db883aa991d794,d441818cac9a49c8f67244cb541db7478da47fa4ef99d66e868329814ed4754a,1,0.8492425971182993,"[0.8318378261426513, 0.8467846442053498, 0.8518198691042598, 0.8562639254145665, 0.8595067207246694]",0.0108427533470223,0.004849026709441,0.0120984254582612,0.0140460341968512,False,absolute_regret_exceeds_tolerance,False,{},,False,False,mean_jaccard > higher_locking_score > smaller_feature_count > stable_mask_hash,regret_constrained_medoid,absolute,0.01,0.01,1,macro_ovr_auroc,"{""candidate_seeds"": {""0"": 42, ""1"": 43, ""2"": 44, ""3"": 45, ""4"": 46}, ""locking_cv_seed"": 342, ""run_seed"": 45}",0.2.0,f4d17a07abba0e51ac2f0497b233ff630148c2a67bfcccdf45f8e38daa4a53ad,1,5,xgboost,"[""RNA::SLC36A4"", ""RNA::EEF1A1P9"", ""RNA::ARHGAP1"", ""RNA::NPLOC4"", ""RNA::SEPT3"", ""RNA::TEKT4"", ""RNA::CYP51A1"", ""RNA::AKR1CL1"", ""RNA::SPDEF"", ""RNA::MRPL22"", ""RNA::ZNF836"", ""RNA::NRAP"", ""RNA::C9orf80"", ""RNA::PAPD5"", ""RNA::DNALI1"", ""RNA::LRRK1"", ""RNA::SLC19A2"", ""RNA::FRG1B"", ""RNA::TBRG4""]",0.15151515151515152,0.8484848484848485
2,19,"[""RNA::S100PBP"", ""RNA::C15orf21"", ""RNA::NFIA"", ""RNA::STK40"", ""RNA::CLEC7A"", ""RNA::PRPS1"", ""RNA::CAPN8"", ""RNA::VASP"", ""RNA::MFSD11"", ""RNA::GPR55"", ""RNA::MYBPC3"", ""RNA::AKR1CL1"", ""RNA::CTNNBL1"", ""RNA::GATA2"", ""RNA::MAMDC4"", ""RNA::CCNJL"", ""RNA::CDK2AP1"", ""RNA::VASH1"", ""RNA::GTF2IRD2P1""]",0010001000000001100000000100001000010000001110000010001010000000000011000000000000000001100000010100,682c02898bce6fb0fe41001b2f39826f1e3cee36b7b38f166980b2af658fc4c0,d441818cac9a49c8f67244cb541db7478da47fa4ef99d66e868329814ed4754a,1,0.8527269099747284,"[0.8404520295079055, 0.8522024110495243, 0.8639284109796352, 0.8281676222428485, 0.8788840760937292]",0.0197723125078639,0.0088424469679906,0.008614112601832,0.0100008154448099,True,absolute_regret_within_tolerance,False,"{""1"": 0.11764705882352941, ""4"": 0.09090909090909091}",0.1042780748663101,False,False,mean_jaccard > higher_locking_score > smaller_feature_count > stable_mask_hash,regret_constrained_medoid,absolute,0.01,0.01,1,macro_ovr_auroc,"{""candidate_seeds"": {""0"": 42, ""1"": 43, ""2"": 44, ""3"": 45, ""4"": 46}, ""locking_cv_seed"": 342, ""run_seed"": 44}",0.2.0,f4d17a07abba0e51ac2f0497b233ff630148c2a67bfcccdf45f8e38daa4a53ad,1,5,xgboost,"[""RNA::S100PBP"", ""RNA::C15orf21"", ""RNA::NFIA"", ""RNA::STK40"", ""RNA::CLEC7A"", ""RNA::PRPS1"", ""RNA::CAPN8"", ""RNA::VASP"", ""RNA::MFSD11"", ""RNA::GPR55"", ""RNA::MYBPC3"", ""RNA::AKR1CL1"", ""RNA::CTNNBL1"", ""RNA::GATA2"", ""RNA::MAMDC4"", ""RNA::CCNJL"", ""RNA::CDK2AP1"", ""RNA::VASH1"", ""RNA::GTF2IRD2P1""]",0.11764705882352941,0.8823529411764706
1,19,"[""RNA::ASAP3"", ""RNA::TMEM147"", ""RNA::EEF1A1P9"", ""RNA::NFIA"", ""RNA::STK40"", ""RNA::FLYWCH1"", ""RNA::NPLOC4"", ""RNA::CTNNA3"", ""RNA::CYP4F12"", ""RNA::PLCZ1"", ""RNA::SMARCC2"", ""RNA::CTNNBL1"", ""RNA::NPVF"", ""RNA::C9orf80"", ""RNA::PGF"", ""RNA::LRRK1"", ""RNA::LOC100128292"", ""RNA::CDK2AP1"", ""RNA::TBRG4""]",1100000010000001100010000000100010000000000001001000100010000000010000000000010000101100100010000000,ce5b4970fbea0b0311e4556ab15bcaec01a011031722b73e3d67e0a83fdc3709,d441818cac9a49c8f67244cb541db7478da47fa4ef99d66e868329814ed4754a,1,0.8613410225765605,"[0.8711877768500874, 0.8947385588066272, 0.8485395705638044, 0.8283439257798232, 0.8638952808824604]",0.0248574123859627,0.0111165727679515,0.0,0.0,True,absolute_regret_within_tolerance,False,"{""2"": 0.11764705882352941, ""4"": 0.09090909090909091}",0.1042780748663101,True,True,mean_jaccard > higher_locking_score > smaller_feature_count > stable_mask_hash,regret_constrained_medoid,absolute,0.01,0.01,1,macro_ovr_auroc,"{""candidate_seeds"": {""0"": 42, ""1"": 43, ""2"": 44, ""3"": 45, ""4"": 46}, ""locking_cv_seed"": 342, ""run_seed"": 43}",0.2.0,f4d17a07abba0e51ac2f0497b233ff630148c2a67bfcccdf45f8e38daa4a53ad,1,5,xgboost,"[""RNA::ASAP3"", ""RNA::TMEM147"", ""RNA::EEF1A1P9"", ""RNA::NFIA"", ""RNA::STK40"", ""RNA::FLYWCH1"", ""RNA::NPLOC4"", ""RNA::CTNNA3"", ""RNA::CYP4F12"", ""RNA::PLCZ1"", ""RNA::SMARCC2"", ""RNA::CTNNBL1"", ""RNA::NPVF"", ""RNA::C9orf80"", ""RNA::PGF"", ""RNA::LRRK1"", ""RNA::LOC100128292"", ""RNA::CDK2AP1"", ""RNA::TBRG4""]",1.0,0.0
4,17,"[""RNA::THRAP3"", ""RNA::EEF1A1P9"", ""RNA::C14orf23"", ""RNA::NUAK2"", ""RNA::STK40"", ""RNA::VIM"", ""RNA::NPLOC4"", ""RNA::OTUD1"", ""RNA::IL2RA"", ""RNA::C2orf67"", ""RNA::ARHGAP6"", ""RNA::LOC407835"", ""RNA::NUDT6"", ""RNA::GATA2"", ""RNA::DNALI1"", ""RNA::VASH1"", ""RNA::GPR89B""]",0001000011000010100000010000100000100010100000000000000100000011000010000000000000010000000000010010,dcda671c226223076f157d0e1abe67b2849a601020f246506c82b3557cfd0c24,d441818cac9a49c8f67244cb541db7478da47fa4ef99d66e868329814ed4754a,1,0.8534067993279237,"[0.848594558086516, 0.8753456185521402, 0.8431438145221111, 0.8509704415954417, 0.8489795638834101]",0.0126029219283117,0.0056361980293655,0.0079342232486367,0.0092114772670444,True,absolute_regret_within_tolerance,False,"{""1"": 0.09090909090909091, ""2"": 0.09090909090909091}",0.0909090909090909,False,False,mean_jaccard > higher_locking_score > smaller_feature_count > stable_mask_hash,regret_constrained_medoid,absolute,0.01,0.01,1,macro_ovr_auroc,"{""candidate_seeds"": {""0"": 42, ""1"": 43, ""2"": 44, ""3"": 45, ""4"": 46}, ""locking_cv_seed"": 342, ""run_seed"": 46}",0.2.0,f4d17a07abba0e51ac2f0497b233ff630148c2a67bfcccdf45f8e38daa4a53ad,1,5,xgboost,"[""RNA::THRAP3"", ""RNA::EEF1A1P9"", ""RNA::C14orf23"", ""RNA::NUAK2"", ""RNA::STK40"", ""RNA::VIM"", ""RNA::NPLOC4"", ""RNA::OTUD1"", ""RNA::IL2RA"", ""RNA::C2orf67"", ""RNA::ARHGAP6"", ""RNA::LOC407835"", ""RNA::NUDT6"", ""RNA::GATA2"", ""RNA::DNALI1"", ""RNA::VASH1"", ""RNA::GPR89B""]",0.09090909090909091,0.9090909090909091
0,18,"[""RNA::ACBD5"", ""RNA::ASAP3"", ""RNA::BRD7"", ""RNA::C2orf28"", ""RNA::C3orf38"", ""RNA::EDARADD"", ""RNA::FAM71D"", ""RNA::FAM90A7"", ""RNA::GGTLC1"", ""RNA::GPX7"", ""RNA::LOC644936"", ""RNA::LRRC37A4"", ""RNA::NACA2"", ""RNA::PA2G4P4"", ""RNA::PRKCA"", ""RNA::RAB6C"", ""RNA::RPL17"", ""RNA::SYNPO2""]",1010000100110000000000000000001001100110000000000000000101000001000000001000000010100001000000001000,14ba4fbe2fd1a873241af605b46a29419e78953e8484360f3925408c49acf802,b4bd0c925a140affd958bcde54937100294542db5cc83aab733f51fe7e60aabd,1,0.8581622998071058,"[0.8866951399718953, 0.8702312798668821, 0.8207312695685824, 0.8235599751625393, 0.8895938344656293]",0.0337124884652108,0.0150766831797777,0.0039310713393078,0.0045599136600253,True,absolute_regret_within_tolerance,False,"{""2"": 0.22580645161290322, ""3"": 0.12903225806451613, ""4"": 0.02857142857142857}",0.1278033794162826,False,False,mean_jaccard > higher_locking_score > smaller_feature_count > stable_mask_hash,regret_constrained_medoid,absolute,0.01,0.01,1,macro_ovr_auroc,"{""candidate_seeds"": {""0"": 42, ""1"": 43, ""2"": 44, ""3"": 45, ""4"": 46}, ""locking_cv_seed"": 342, ""run_seed"": 42}",0.2.0,f4d17a07abba0e51ac2f0497b233ff630148c2a67bfcccdf45f8e38daa4a53ad,1,5,boruta_rf,"[""RNA::ACBD5"", ""RNA::ASAP3"", ""RNA::BRD7"", ""RNA::C2orf28"", ""RNA::C3orf38"", ""RNA::EDARADD"", ""RNA::FAM71D"", ""RNA::FAM90A7"", ""RNA::GGTLC1"", ""RNA::GPX7"", ""RNA::LOC644936"", ""RNA::LRRC37A4"", ""RNA::NACA2"", ""RNA::PA2G4P4"", ""RNA::PRKCA"", ""RNA::RAB6C"", ""RNA::RPL17"", ""RNA::SYNPO2""]",0.22580645161290322,0.7741935483870968
4,18,"[""RNA::ANXA2P1"", ""RNA::ATP5EP2"", ""RNA::C15orf21"", ""RNA::CKLF"", ""RNA::DNALI1"", ""RNA::DSTYK"", ""RNA::DST"", ""RNA::FAM71D"", ""RNA::FTHL3"", ""RNA::HNRNPA3P1"", ""RNA::LOC284232"", ""RNA::LOC389705"", ""RNA::NFIA"", ""RNA::NUP37"", ""RNA::PIGC"", ""RNA::PMS2L2"", ""RNA::SUMO1P3"", ""RNA::SYT11""]",0101000001000000001000000101100001010000001000001010000000000000000010100001010000000000000000010100,af7ffba2d0b78ff3e921322e50317b45604b5e490c2b2b37973e240d5cd313a2,b4bd0c925a140affd958bcde54937100294542db5cc83aab733f51fe7e60aabd,1,0.8605151081425924,"[0.8695370482526376, 0.8605152420637097, 0.8723764628299553, 0.8514066951566952, 0.8487400924099642]",0.0105321094873238,0.0047101025520253,0.0015782630038212,0.0018307332554041,True,absolute_regret_within_tolerance,False,"{""0"": 0.02857142857142857, ""2"": 0.08571428571428572, ""3"": 0.09375}",0.069345238095238,False,False,mean_jaccard > higher_locking_score > smaller_feature_count > stable_mask_hash,regret_constrained_medoid,absolute,0.01,0.01,1,macro_ovr_auroc,"{""candidate_seeds"": {""0"": 42, ""1"": 43, ""2"": 44, ""3"": 45, ""4"": 46}, ""locking_cv_seed"": 342, ""run_seed"": 46}",0.2.0,f4d17a07abba0e51ac2f0497b233ff630148c2a67bfcccdf45f8e38daa4a53ad,1,5,boruta_rf,"[""RNA::ANXA2P1"", ""RNA::ATP5EP2"", ""RNA::C15orf21"", ""RNA::CKLF"", ""RNA::DNALI1"", ""RNA::DSTYK"", ""RNA::DST"", ""RNA::FAM71D"", ""RNA::FTHL3"", ""RNA::HNRNPA3P1"", ""RNA::LOC284232"", ""RNA::LOC389705"", ""RNA::NFIA"", ""RNA::NUP37"", ""RNA::PIGC"", ""RNA::PMS2L2"", ""RNA::SUMO1P3"", ""RNA::SYT11""]",0.08571428571428572,0.9142857142857143
3,17,"[""RNA::ACBD5"", ""RNA::C3orf38"", ""RNA::CKLF"", ""RNA::CNN3"", ""RNA::DST"", ""RNA::EDEM2"", ""RNA::LOC341056"", ""RNA::LOC643387"", ""RNA::LOC644936"", ""RNA::NACAP1"", ""RNA::NALCN"", ""RNA::NFIA"", ""RNA::PDCD5"", ""RNA::PLEK2"", ""RNA::RPL13AP3"", ""RNA::RPL17"", ""RNA::SPCS2""]",1000000000010000001010000000100100000000000000000100001100000000101010000010100000000011000001000000,b93ccc0a9ff2e53d4cb73515bacebae937c37c9526eb178e57ef0f7f806e5af7,b4bd0c925a140affd958bcde54937100294542db5cc83aab733f51fe7e60aabd,1,0.8536659789495094,"[0.8687633836160745, 0.8714581192084755, 0.844206171161802, 0.8158496329169406, 0.8680525878442545]",0.0238276645350864,0.0106560555291028,0.0084273921969042,0.0097754981988754,True,absolute_regret_within_tolerance,False,"{""0"": 0.12903225806451613, ""2"": 0.08823529411764706, ""4"": 0.09375}",0.1036725173940544,False,False,mean_jaccard > higher_locking_score > smaller_feature_count > stable_mask_hash,regret_constrained_medoid,absolute,0.01,0.01,1,macro_ovr_auroc,"{""candidate_seeds"": {""0"": 42, ""1"": 43, ""2"": 44, ""3"": 45, ""4"": 46}, ""locking_cv_seed"": 342, ""run_seed"": 45}",0.2.0,f4d17a07abba0e51ac2f0497b233ff630148c2a67bfcccdf45f8e38daa4a53ad,1,5,boruta_rf,"[""RNA::ACBD5"", ""RNA::C3orf38"", ""RNA::CKLF"", ""RNA::CNN3"", ""RNA::DST"", ""RNA::EDEM2"", ""RNA::LOC341056"", ""RNA::LOC643387"", ""RNA::LOC644936"", ""RNA::NACAP1"", ""RNA::NALCN"", ""RNA::NFIA"", ""RNA::PDCD5"", ""RNA::PLEK2"", ""RNA::RPL13AP3"", ""RNA::RPL17"", ""RNA::SPCS2""]",0.08823529411764706,0.9117647058823529
2,20,"[""RNA::ACBD5"", ""RNA::ANXA2P1"", ""RNA::ASAP3"", ""RNA::ATP6V1C2"", ""RNA::CTCFL"", ""RNA::DYNC1H1"", ""RNA::GCSH"", ""RNA::GPX7"", ""RNA::HNRNPA3P1"", ""RNA::KTI12"", ""RNA::LOC644936"", ""RNA::LSM14A"", ""RNA::NACA2"", ""RNA::NCRNA00152"", ""RNA::PIGC"", ""RNA::PLEK2"", ""RNA::PPIAL4C"", ""RNA::RAB6C"", ""RNA::RGPD4"", ""RNA::SYNPO2""]",1110100000000000000000010000010000001010001010000000000100100001000100000001101000101000000000001000,cd33e1f27ccb0a43da493e194fb585a44520d1c564388c47f66871310fe43d7d,b4bd0c925a140affd958bcde54937100294542db5cc83aab733f51fe7e60aabd,1,0.8620933711464136,"[0.8848217116079782, 0.87095308551563, 0.8533757645037047, 0.8095886752136752, 0.8917276188910803]",0.032810060952395,0.0146731053270933,0.0,0.0,True,absolute_regret_within_tolerance,False,"{""0"": 0.22580645161290322, ""3"": 0.08823529411764706, ""4"": 0.08571428571428572}",0.133252010481612,True,True,mean_jaccard > higher_locking_score > smaller_feature_count > stable_mask_hash,regret_constrained_medoid,absolute,0.01,0.01,1,macro_ovr_auroc,"{""candidate_seeds"": {""0"": 42, ""1"": 43, ""2"": 44, ""3"": 45, ""4"": 46}, ""locking_cv_seed"": 342, ""run_seed"": 44}",0.2.0,f4d17a07abba0e51ac2f0497b233ff630148c2a67bfcccdf45f8e38daa4a53ad,1,5,boruta_rf,"[""RNA::ACBD5"", ""RNA::ANXA2P1"", ""RNA::ASAP3"", ""RNA::ATP6V1C2"", ""RNA::CTCFL"", ""RNA::DYNC1H1"", ""RNA::GCSH"", ""RNA::GPX7"", ""RNA::HNRNPA3P1"", ""RNA::KTI12"", ""RNA::LOC644936"", ""RNA::LSM14A"", ""RNA::NACA2"", ""RNA::NCRNA00152"", ""RNA::PIGC"", ""RNA::PLEK2"", ""RNA::PPIAL4C"", ""RNA::RAB6C"", ""RNA::RGPD4"", ""RNA::SYNPO2""]",1.0,0.0
1,15,"[""RNA::ATP8B5P"", ""RNA::C12orf48"", ""RNA::C2orf28"", ""RNA::C3orf38"", ""RNA::CD248"", ""RNA::CKLF"", ""RNA::LOC284232"", ""RNA::LOC389705"", ""RNA::LOC407835"", ""RNA::LOC442454"", ""RNA::LOC541471"", ""RNA::MPRIP"", ""RNA::NFIA"", ""RNA::PA2G4P4"", ""RNA::RAB6C""]",0000010010110001001000000000000000000000000000001011110000000100000010001000000000100000000000000000,d6fe08c917ac2ba137fd095747c2fb149e664178ed2475acbbc2e9a3f13101c5,b4bd0c925a140affd958bcde54937100294542db5cc83aab733f51fe7e60aabd,1,0.8484378821554163,"[0.8520726564822607, 0.8686025892681274, 0.8323198301592813, 0.8358682153553948, 0.853326119512017]",0.0146757451720231,0.0065631927650216,0.0136554889909973,0.0158399187930632,False,absolute_regret_exceeds_tolerance,False,{},,False,False,mean_jaccard > higher_locking_score > smaller_feature_count > stable_mask_hash,regret_constrained_medoid,absolute,0.01,0.01,1,macro_ovr_auroc,"{""candidate_seeds"": {""0"": 42, ""1"": 43, ""2"": 44, ""3"": 45, ""4"": 46}, ""locking_cv_seed"": 342, ""run_seed"": 43}",0.2.0,f4d17a07abba0e51ac2f0497b233ff630148c2a67bfcccdf45f8e38daa4a53ad,1,5,boruta_rf,"[""RNA::ATP8B5P"", ""RNA::C12orf48"", ""RNA::C2orf28"", ""RNA::C3orf38"", ""RNA::CD248"", ""RNA::CKLF"", ""RNA::LOC284232"", ""RNA::LOC389705"", ""RNA::LOC407835"", ""RNA::LOC442454"", ""RNA::LOC541471"", ""RNA::MPRIP"", ""RNA::NFIA"", ""RNA::PA2G4P4"", ""RNA::RAB6C""]",0.029411764705882353,0.9705882352941176
1,14,"[""SCNV::KCTD15"", ""RNA::ATP5EP2"", ""RNA::FYCO1"", ""RNA::SUMO1P3"", ""RNA::ANGEL2"", ""RNA::SYNPO2"", ""RNA::NIF3L1"", ""RNA::SUMF1"", ""RNA::LOC644936"", ""RNA::NUDT3"", ""RNA::HIST1H4H"", ""RNA::TFF2"", ""RNA::ASAP3"", ""SCNV::PEX14""]",00000000000010000000000000111000101110000100010000000010010001010000000,2544e9690bb3bd6f09a1f01f7c4705c3c0b4534199264226df98ea488fdc68ec,dcdde679edda33efce21eed88f49a3b95ac723423f2659a905b4a2ce31e83ef9,1,0.8876039538272368,"[0.8678408323811032, 0.851780724686997, 0.8644986394185112, 0.9077532599167215, 0.9461463127328512]",0.038861750447504,0.0173795031450503,0.0098987756963683,0.011029242999208,True,absolute_regret_within_tolerance,False,"{""2"": 0.3333333333333333, ""3"": 0.21739130434782608, ""4"": 0.16666666666666666}",0.2391304347826086,False,False,mean_jaccard > higher_locking_score > smaller_feature_count > stable_mask_hash,regret_constrained_medoid,absolute,0.01,0.01,1,macro_ovr_auroc,"{""candidate_seeds"": {""0"": 42, ""1"": 43, ""2"": 44, ""3"": 45, ""4"": 46}, ""locking_cv_seed"": 342, ""run_seed"": 43}",0.2.0,f4d17a07abba0e51ac2f0497b233ff630148c2a67bfcccdf45f8e38daa4a53ad,2,1,svm_l1,"[""SCNV::KCTD15"", ""RNA::ATP5EP2"", ""RNA::FYCO1"", ""RNA::SUMO1P3"", ""RNA::ANGEL2"", ""RNA::SYNPO2"", ""RNA::NIF3L1"", ""RNA::SUMF1"", ""RNA::LOC644936"", ""RNA::NUDT3"", ""RNA::HIST1H4H"", ""RNA::TFF2"", ""RNA::ASAP3"", ""SCNV::PEX14""]",0.21739130434782608,0.782608695652174
0,14,"[""RNA::LOC643387"", ""RNA::SYF2"", ""RNA::NACAP1"", ""RNA::ATP1B3"", ""RNA::THRAP3"", ""RNA::PMP2"", ""RNA::PGRMC2"", ""RNA::ATP5EP2"", ""RNA::SAMD11"", ""RNA::MSX2"", ""RNA::GCSH"", ""SCNV::SPATA21"", ""RNA::SEMA6A"", ""RNA::LOC348021""]",01000100000000100000110101100010000001000001000000001001001000000000000,7dade401285a5f518ec546a9626f6ffc2f508cf6db4997b0cd826c7aab0e28e3,dcdde679edda33efce21eed88f49a3b95ac723423f2659a905b4a2ce31e83ef9,1,0.8866788981197209,"[0.8824232700524575, 0.8654582174049387, 0.8953397801154211, 0.9143447750018262, 0.8758284480239609]",0.0188849910519269,0.0084456247493167,0.0108238314038842,0.0120599426027701,False,absolute_regret_exceeds_tolerance,False,{},,False,False,mean_jaccard > higher_locking_score > smaller_feature_count > stable_mask_hash,regret_constrained_medoid,absolute,0.01,0.01,1,macro_ovr_auroc,"{""candidate_seeds"": {""0"": 42, ""1"": 43, ""2"": 44, ""3"": 45, ""4"": 46}, ""locking_cv_seed"": 342, ""run_seed"": 42}",0.2.0,f4d17a07abba0e51ac2f0497b233ff630148c2a67bfcccdf45f8e38daa4a53ad,2,1,svm_l1,"[""RNA::LOC643387"", ""RNA::SYF2"", ""RNA::NACAP1"", ""RNA::ATP1B3"", ""RNA::THRAP3"", ""RNA::PMP2"", ""RNA::PGRMC2"", ""RNA::ATP5EP2"", ""RNA::SAMD11"", ""RNA::MSX2"", ""RNA::GCSH"", ""SCNV::SPATA21"", ""RNA::SEMA6A"", ""RNA::LOC348021""]",0.21739130434782608,0.782608695652174
2,14,"[""RNA::SYF2"", ""RNA::SLC47A1"", ""RNA::ZNF596"", ""RNA::PGRMC2"", ""RNA::FYCO1"", ""RNA::SUMO1P3"", ""RNA::SYNPO2"", ""RNA::SFRS4"", ""RNA::LOC644936"", ""RNA::NUDT3"", ""RNA::LOC100129034"", ""RNA::SEMA6A"", ""RNA::TFF2"", ""SCNV::PEX14""]",00000100000000011000000001011000001000100100010010000001010000010000000,89cb8ed44339f48198a62f4b603d4895abea19f4a9b84dd23684884d785c998d,dcdde679edda33efce21eed88f49a3b95ac723423f2659a905b4a2ce31e83ef9,1,0.8877182566134927,"[0.8899981952592431, 0.8658608301560903, 0.8803644806048653, 0.9193287037037038, 0.8830390733435605]",0.019736630629814,0.0088264895470137,0.0097844729101124,0.010901886521622,True,absolute_regret_within_tolerance,False,"{""1"": 0.3333333333333333, ""3"": 0.16666666666666666, ""4"": 0.3333333333333333}",0.2777777777777777,True,True,mean_jaccard > higher_locking_score > smaller_feature_count > stable_mask_hash,regret_constrained_medoid,absolute,0.01,0.01,1,macro_ovr_auroc,"{""candidate_seeds"": {""0"": 42, ""1"": 43, ""2"": 44, ""3"": 45, ""4"": 46}, ""locking_cv_seed"": 342, ""run_seed"": 44}",0.2.0,f4d17a07abba0e51ac2f0497b233ff630148c2a67bfcccdf45f8e38daa4a53ad,2,1,svm_l1,"[""RNA::SYF2"", ""RNA::SLC47A1"", ""RNA::ZNF596"", ""RNA::PGRMC2"", ""RNA::FYCO1"", ""RNA::SUMO1P3"", ""RNA::SYNPO2"", ""RNA::SFRS4"", ""RNA::LOC644936"", ""RNA::NUDT3"", ""RNA::LOC100129034"", ""RNA::SEMA6A"", ""RNA::TFF2"", ""SCNV::PEX14""]",0.16666666666666666,0.8333333333333334
3,14,"[""RNA::PMP2"", ""RNA::PGRMC2"", ""RNA::ATP5EP2"", ""RNA::SUMO1P3"", ""RNA::ANGEL2"", ""RNA::SYNPO2"", ""RNA::SUMF1"", ""RNA::SFRS4"", ""RNA::GCSH"", ""RNA::LOC100240726"", ""SCNV::SPATA21"", ""RNA::MLH1"", ""RNA::PGA5"", ""RNA::CDKL1""]",00000000000000000000000101101000101010100001001000001000100000001100000,98278bd6db15772a43da56eb47c202bc4176881a8e81d11038bba91adcf2ba99,dcdde679edda33efce21eed88f49a3b95ac723423f2659a905b4a2ce31e83ef9,1,0.8975027295236051,"[0.8896641985558593, 0.8533091247141497, 0.8895139345459858, 0.9325678921031485, 0.9224584976988823]",0.0313476239567254,0.0140190836200677,0.0,0.0,True,absolute_regret_within_tolerance,False,"{""1"": 0.21739130434782608, ""2"": 0.16666666666666666, ""4"": 0.2727272727272727}",0.2189284145805884,False,False,mean_jaccard > higher_locking_score > smaller_feature_count > stable_mask_hash,regret_constrained_medoid,absolute,0.01,0.01,1,macro_ovr_auroc,"{""candidate_seeds"": {""0"": 42, ""1"": 43, ""2"": 44, ""3"": 45, ""4"": 46}, ""locking_cv_seed"": 342, ""run_seed"": 45}",0.2.0,f4d17a07abba0e51ac2f0497b233ff630148c2a67bfcccdf45f8e38daa4a53ad,2,1,svm_l1,"[""RNA::PMP2"", ""RNA::PGRMC2"", ""RNA::ATP5EP2"", ""RNA::SUMO1P3"", ""RNA::ANGEL2"", ""RNA::SYNPO2"", ""RNA::SUMF1"", ""RNA::SFRS4"", ""RNA::GCSH"", ""RNA::LOC100240726"", ""SCNV::SPATA21"", ""RNA::MLH1"", ""RNA::PGA5"", ""RNA::CDKL1""]",1.0,0.0
4,14,"[""RNA::SYF2"", ""RNA::NACAP1"", ""RNA::ZNF596"", ""RNA::TRIM48"", ""RNA::ATP8B5P"", ""RNA::PMP2"", ""RNA::PGRMC2"", ""RNA::FYCO1"", ""RNA::SYNPO2"", ""RNA::SUMF1"", ""RNA::SFRS4"", ""RNA::LOC644936"", ""RNA::OR6C75"", ""RNA::CDKL1""]",00000100000000101001001101010000001010100100000000100000000000000100000,9915a3534e9fb88ccd0de76dd4a817e2fe33224b35cb30a783dd2c007bdc3e3d,dcdde679edda33efce21eed88f49a3b95ac723423f2659a905b4a2ce31e83ef9,1,0.8958227527323055,"[0.8887134823743876, 0.8593397582394375, 0.9082296917232815, 0.9373719318430856, 0.8854588994813354]",0.0290225192148344,0.0129792651685327,0.0016799767912996,0.0018718347432674,True,absolute_regret_within_tolerance,False,"{""1"": 0.16666666666666666, ""2"": 0.3333333333333333, ""3"": 0.2727272727272727}",0.2575757575757575,False,False,mean_jaccard > higher_locking_score > smaller_feature_count > stable_mask_hash,regret_constrained_medoid,absolute,0.01,0.01,1,macro_ovr_auroc,"{""candidate_seeds"": {""0"": 42, ""1"": 43, ""2"": 44, ""3"": 45, ""4"": 46}, ""locking_cv_seed"": 342, ""run_seed"": 46}",0.2.0,f4d17a07abba0e51ac2f0497b233ff630148c2a67bfcccdf45f8e38daa4a53ad,2,1,svm_l1,"[""RNA::SYF2"", ""RNA::NACAP1"", ""RNA::ZNF596"", ""RNA::TRIM48"", ""RNA::ATP8B5P"", ""RNA::PMP2"", ""RNA::PGRMC2"", ""RNA::FYCO1"", ""RNA::SYNPO2"", ""RNA::SUMF1"", ""RNA::SFRS4"", ""RNA::LOC644936"", ""RNA::OR6C75"", ""RNA::CDKL1""]",0.2727272727272727,0.7272727272727273
0,20,"[""RNA::ASAP3"", ""RNA::EFNA2"", ""RNA::G6PC2"", ""RNA::C22orf15"", ""RNA::ANAPC16"", ""RNA::FITM1"", ""RNA::RAI14"", ""RNA::MAP4K1"", ""RNA::C1orf187"", ""RNA::SERTAD2"", ""RNA::AMPD1"", ""RNA::HNRNPA3P1"", ""RNA::CLDN4"", ""RNA::SMTNL1"", ""RNA::C17orf46"", ""RNA::SLC25A3"", ""RNA::ABCA17P"", ""RNA::ZMAT2"", ""RNA::AHR"", ""RNA::FICD""]",1000001000000000000000100000000101010010001000100100000011100110001010000010000000100000000000010000,0997420e0460bab567be29610eabce459f4da82e2c57a55fa90cc1094d090403,12e7f546c4beddc2f35e36bdd24539a4703f82872cf906bdcd8669ea95fef1f1,1,0.8726094246083349,"[0.8593929993609253, 0.8385016746340694, 0.8603427021696253, 0.902769331214844, 0.9020404156622106]",0.0285669747476976,0.0127755394894743,0.0047825194628096,0.0054508358495046,True,absolute_regret_within_tolerance,False,"{""1"": 0.08108108108108109, ""2"": 0.14285714285714285, ""3"": 0.1111111111111111, ""4"": 0.07894736842105263}",0.1034991758675969,False,False,mean_jaccard > higher_locking_score > smaller_feature_count > stable_mask_hash,regret_constrained_medoid,absolute,0.01,0.01,1,macro_ovr_auroc,"{""candidate_seeds"": {""0"": 42, ""1"": 43, ""2"": 44, ""3"": 45, ""4"": 46}, ""locking_cv_seed"": 342, ""run_seed"": 42}",0.2.0,f4d17a07abba0e51ac2f0497b233ff630148c2a67bfcccdf45f8e38daa4a53ad,2,1,xgboost,"[""RNA::ASAP3"", ""RNA::EFNA2"", ""RNA::G6PC2"", ""RNA::C22orf15"", ""RNA::ANAPC16"", ""RNA::FITM1"", ""RNA::RAI14"", ""RNA::MAP4K1"", ""RNA::C1orf187"", ""RNA::SERTAD2"", ""RNA::AMPD1"", ""RNA::HNRNPA3P1"", ""RNA::CLDN4"", ""RNA::SMTNL1"", ""RNA::C17orf46"", ""RNA::SLC25A3"", ""RNA::ABCA17P"", ""RNA::ZMAT2"", ""RNA::AHR"", ""RNA::FICD""]",0.08108108108108109,0.9189189189189189
1,20,"[""RNA::TXNDC12"", ""RNA::SGCA"", ""RNA::NOP56"", ""RNA::ARL3"", ""RNA::PIK3R6"", ""RNA::ZXDB"", ""RNA::PCBP3"", ""RNA::SERTAD2"", ""RNA::HNRNPA3P1"", ""RNA::MIA"", ""RNA::ABCG5"", ""RNA::ICAM3"", ""RNA::FASTKD2"", ""RNA::SLC6A1"", ""RNA::CALCR"", ""RNA::SIX5"", ""RNA::ABCG1"", ""RNA::NEB"", ""RNA::P2RX3"", ""RNA::FICD""]",0100100010010001000001000000001000000000000000000100000001000001100101000101000000010010000100110000,5ccffcb50dcdae39a637d0e16229943d6af41ac3d5571af2fa65f8f5d68515c2,12e7f546c4beddc2f35e36bdd24539a4703f82872cf906bdcd8669ea95fef1f1,1,0.8773919440711445,"[0.8431679647600888, 0.8572247449430271, 0.8827785996055226, 0.8909758747899774, 0.9128125362571065]",0.0275959882183127,0.0123413011124861,0.0,0.0,True,absolute_regret_within_tolerance,False,"{""0"": 0.08108108108108109, ""2"": 0.1111111111111111, ""3"": 0.1111111111111111, ""4"": 0.1388888888888889}",0.110548048048048,False,False,mean_jaccard > higher_locking_score > smaller_feature_count > stable_mask_hash,regret_constrained_medoid,absolute,0.01,0.01,1,macro_ovr_auroc,"{""candidate_seeds"": {""0"": 42, ""1"": 43, ""2"": 44, ""3"": 45, ""4"": 46}, ""locking_cv_seed"": 342, ""run_seed"": 43}",0.2.0,f4d17a07abba0e51ac2f0497b233ff630148c2a67bfcccdf45f8e38daa4a53ad,2,1,xgboost,"[""RNA::TXNDC12"", ""RNA::SGCA"", ""RNA::NOP56"", ""RNA::ARL3"", ""RNA::PIK3R6"", ""RNA::ZXDB"", ""RNA::PCBP3"", ""RNA::SERTAD2"", ""RNA::HNRNPA3P1"", ""RNA::MIA"", ""RNA::ABCG5"", ""RNA::ICAM3"", ""RNA::FASTKD2"", ""RNA::SLC6A1"", ""RNA::CALCR"", ""RNA::SIX5"", ""RNA::ABCG1"", ""RNA::NEB"", ""RNA::P2RX3"", ""RNA::FICD""]",1.0,0.0
4,21,"[""RNA::LSM14A"", ""RNA::EEF1A1P9"", ""RNA::SGCA"", ""RNA::HDAC5"", ""RNA::DCHS2"", ""RNA::MGAT4B"", ""RNA::METTL9"", ""RNA::ITPKA"", ""RNA::CLIC6"", ""RNA::FITM1"", ""RNA::C12orf50"", ""RNA::MFSD2B"", ""RNA::AMPD1"", ""RNA::HNRNPA3P1"", ""RNA::ICAM3"", ""RNA::TMEM204"", ""RNA::SIX5"", ""RNA::ABCG1"", ""RNA::MMS19"", ""RNA::NIPAL4"", ""RNA::NFYC""]",0011100100000000010000010001010000111000000100000000000011000000000100000000000001010010011000000100,75cf10ef8e4d53f6c98d0b4105774afe9053088e06fbbd18d11dace4016da514,12e7f546c4beddc2f35e36bdd24539a4703f82872cf906bdcd8669ea95fef1f1,1,0.8686007931557761,"[0.8532747940267541, 0.8331276121056947, 0.8745913689823946, 0.9054341076776974, 0.8765760829863394]",0.0271542728147954,0.0121437599786914,0.0087911509153684,0.010019639426568,True,absolute_regret_within_tolerance,False,"{""0"": 0.07894736842105263, ""1"": 0.1388888888888889, ""2"": 0.07894736842105263, ""3"": 0.05128205128205128}",0.0870164192532613,False,False,mean_jaccard > higher_locking_score > smaller_feature_count > stable_mask_hash,regret_constrained_medoid,absolute,0.01,0.01,1,macro_ovr_auroc,"{""candidate_seeds"": {""0"": 42, ""1"": 43, ""2"": 44, ""3"": 45, ""4"": 46}, ""locking_cv_seed"": 342, ""run_seed"": 46}",0.2.0,f4d17a07abba0e51ac2f0497b233ff630148c2a67bfcccdf45f8e38daa4a53ad,2,1,xgboost,"[""RNA::LSM14A"", ""RNA::EEF1A1P9"", ""RNA::SGCA"", ""RNA::HDAC5"", ""RNA::DCHS2"", ""RNA::MGAT4B"", ""RNA::METTL9"", ""RNA::ITPKA"", ""RNA::CLIC6"", ""RNA::FITM1"", ""RNA::C12orf50"", ""RNA::MFSD2B"", ""RNA::AMPD1"", ""RNA::HNRNPA3P1"", ""RNA::ICAM3"", ""RNA::TMEM204"", ""RNA::SIX5"", ""RNA::ABCG1"", ""RNA::MMS19"", ""RNA::NIPAL4"", ""RNA::NFYC""]",0.1388888888888889,0.8611111111111112
3,20,"[""RNA::ASAP3"", ""RNA::TXNDC12"", ""RNA::EEF1A1P9"", ""RNA::SGCA"", ""RNA::LGSN"", ""RNA::EYS"", ""RNA::DPY19L2P4"", ""RNA::MS4A15"", ""RNA::HIST1H1E"", ""RNA::C14orf102"", ""RNA::MAP4K1"", ""RNA::LOC341056"", ""RNA::DNALI1"", ""RNA::SMTNL1"", ""RNA::C17orf46"", ""RNA::MIA"", ""RNA::C4A"", ""RNA::CALCR"", ""RNA::BFAR"", ""RNA::SFRP2""]",1101100000100000100000001000100000000100011000010010000000000111000000010001000000001000000010000000,9f634469bc3b323bb7db86513ffa3030ca32b6314dd4deb917998f1bf02dabc3,12e7f546c4beddc2f35e36bdd24539a4703f82872cf906bdcd8669ea95fef1f1,1,0.8729092259777879,"[0.8561075063436075, 0.8497683408365875, 0.8585862736503762, 0.9006460479216889, 0.8994379611366791]",0.0249802441533074,0.0111715048042674,0.0044827180933566,0.005109139790544,True,absolute_regret_within_tolerance,False,"{""0"": 0.1111111111111111, ""1"": 0.1111111111111111, ""2"": 0.1111111111111111, ""4"": 0.05128205128205128}",0.0961538461538461,False,False,mean_jaccard > higher_locking_score > smaller_feature_count > stable_mask_hash,regret_constrained_medoid,absolute,0.01,0.01,1,macro_ovr_auroc,"{""candidate_seeds"": {""0"": 42, ""1"": 43, ""2"": 44, ""3"": 45, ""4"": 46}, ""locking_cv_seed"": 342, ""run_seed"": 45}",0.2.0,f4d17a07abba0e51ac2f0497b233ff630148c2a67bfcccdf45f8e38daa4a53ad,2,1,xgboost,"[""RNA::ASAP3"", ""RNA::TXNDC12"", ""RNA::EEF1A1P9"", ""RNA::SGCA"", ""RNA::LGSN"", ""RNA::EYS"", ""RNA::DPY19L2P4"", ""RNA::MS4A15"", ""RNA::HIST1H1E"", ""RNA::C14orf102"", ""RNA::MAP4K1"", ""RNA::LOC341056"", ""RNA::DNALI1"", ""RNA::SMTNL1"", ""RNA::C17orf46"", ""RNA::MIA"", ""RNA::C4A"", ""RNA::CALCR"", ""RNA::BFAR"", ""RNA::SFRP2""]",0.1111111111111111,0.8888888888888888
2,20,"[""RNA::PIK3R6"", ""RNA::HECA"", ""RNA::G6PC2"", ""RNA::MS4A15"", ""RNA::C12orf50"", ""RNA::RAI14"", ""RNA::SYCP2"", ""RNA::LOC341056"", ""RNA::SERTAD2"", ""RNA::SEMA6A"", ""RNA::FETUB"", ""RNA::GATSL2"", ""RNA::SLC25A3"", ""RNA::ZMAT2"", ""RNA::CALCR"", ""RNA::VEZT"", ""RNA::BFAR"", ""RNA::ABCG1"", ""RNA::DPPA4"", ""RNA::NIPAL4""]",0000000000000001001000100000100000001010100000010101001100000000001000000011000010001010101000000000,abbf5b4d83a286aeae20428668f133a814098b54cce3e04c012c2e612f726cb2,12e7f546c4beddc2f35e36bdd24539a4703f82872cf906bdcd8669ea95fef1f1,1,0.8681686346970968,"[0.8440209002266148, 0.8415470522785204, 0.8728440718825334, 0.9150033786251734, 0.8674277704726423]",0.0296130189359701,0.0132433446719635,0.0092233093740476,0.0105121883513667,True,absolute_regret_within_tolerance,False,"{""0"": 0.14285714285714285, ""1"": 0.1111111111111111, ""3"": 0.1111111111111111, ""4"": 0.07894736842105263}",0.1110066833751044,True,True,mean_jaccard > higher_locking_score > smaller_feature_count > stable_mask_hash,regret_constrained_medoid,absolute,0.01,0.01,1,macro_ovr_auroc,"{""candidate_seeds"": {""0"": 42, ""1"": 43, ""2"": 44, ""3"": 45, ""4"": 46}, ""locking_cv_seed"": 342, ""run_seed"": 44}",0.2.0,f4d17a07abba0e51ac2f0497b233ff630148c2a67bfcccdf45f8e38daa4a53ad,2,1,xgboost,"[""RNA::PIK3R6"", ""RNA::HECA"", ""RNA::G6PC2"", ""RNA::MS4A15"", ""RNA::C12orf50"", ""RNA::RAI14"", ""RNA::SYCP2"", ""RNA::LOC341056"", ""RNA::SERTAD2"", ""RNA::SEMA6A"", ""RNA::FETUB"", ""RNA::GATSL2"", ""RNA::SLC25A3"", ""RNA::ZMAT2"", ""RNA::CALCR"", ""RNA::VEZT"", ""RNA::BFAR"", ""RNA::ABCG1"", ""RNA::DPPA4"", ""RNA::NIPAL4""]",0.1111111111111111,0.8888888888888888
2,16,"[""RNA::ASAP3"", ""RNA::ATP8B5P"", ""RNA::BAGE2"", ""RNA::C22orf46"", ""RNA::CASP6"", ""RNA::CNIH4"", ""RNA::COMMD10"", ""RNA::DOCK7"", ""RNA::DST"", ""RNA::IK"", ""RNA::KIAA1409"", ""RNA::LOC100130776"", ""RNA::LOC644936"", ""RNA::LRRC42"", ""RNA::LSM14A"", ""RNA::MLLT6""]",0001001100000010001000010100000010010000000000000000000000001100100000010010100100000000000000000000,1402d3fd84e2318012888b0e89448231b4c9db86c7db5dfe9845d457fe98d0ff,3e9415fcf07532dae3a0779f00c9a2738285cb7ab506547088e966306d4f90e3,1,0.8641931202612525,"[0.8647450782830327, 0.8486606209120465, 0.8381229910877346, 0.8779263916283148, 0.8915105193951347]",0.0215409950251607,0.0096334258358488,0.0118531851264823,0.0135303180363693,False,absolute_regret_exceeds_tolerance,False,{},,False,False,mean_jaccard > higher_locking_score > smaller_feature_count > stable_mask_hash,regret_constrained_medoid,absolute,0.01,0.01,1,macro_ovr_auroc,"{""candidate_seeds"": {""0"": 42, ""1"": 43, ""2"": 44, ""3"": 45, ""4"": 46}, ""locking_cv_seed"": 342, ""run_seed"": 44}",0.2.0,f4d17a07abba0e51ac2f0497b233ff630148c2a67bfcccdf45f8e38daa4a53ad,2,1,boruta_rf,"[""RNA::ASAP3"", ""RNA::ATP8B5P"", ""RNA::BAGE2"", ""RNA::C22orf46"", ""RNA::CASP6"", ""RNA::CNIH4"", ""RNA::COMMD10"", ""RNA::DOCK7"", ""RNA::DST"", ""RNA::IK"", ""RNA::KIAA1409"", ""RNA::LOC100130776"", ""RNA::LOC644936"", ""RNA::LRRC42"", ""RNA::LSM14A"", ""RNA::MLLT6""]",0.0967741935483871,0.9032258064516129
3,16,"[""RNA::ATP5EP2"", ""RNA::C1orf144"", ""RNA::DNALI1"", ""RNA::DPYD"", ""RNA::FAM136A"", ""RNA::FAM71D"", ""RNA::GBAP1"", ""RNA::GCSH"", ""RNA::GPR137C"", ""RNA::H3F3C"", ""RNA::HDAC1"", ""RNA::IFNGR2"", ""RNA::LOC407835"", ""RNA::LRRTM4"", ""RNA::NUP37"", ""RNA::PPIA""]",0000100000000100000000000000000101000000011001100010011000010000000100000001000000000000100000010000,15788df743bb21b3cc4b596eac86748f52258de67333f8c46acfb1ae1ecb156c,3e9415fcf07532dae3a0779f00c9a2738285cb7ab506547088e966306d4f90e3,1,0.8544205409109941,"[0.8495341451729549, 0.8616389352312375, 0.8426060614361897, 0.8754983472130908, 0.8428252155014976]",0.0140915710177454,0.0063019421410889,0.0216257644767408,0.0246856408659463,False,absolute_regret_exceeds_tolerance,False,{},,False,False,mean_jaccard > higher_locking_score > smaller_feature_count > stable_mask_hash,regret_constrained_medoid,absolute,0.01,0.01,1,macro_ovr_auroc,"{""candidate_seeds"": {""0"": 42, ""1"": 43, ""2"": 44, ""3"": 45, ""4"": 46}, ""locking_cv_seed"": 342, ""run_seed"": 45}",0.2.0,f4d17a07abba0e51ac2f0497b233ff630148c2a67bfcccdf45f8e38daa4a53ad,2,1,boruta_rf,"[""RNA::ATP5EP2"", ""RNA::C1orf144"", ""RNA::DNALI1"", ""RNA::DPYD"", ""RNA::FAM136A"", ""RNA::FAM71D"", ""RNA::GBAP1"", ""RNA::GCSH"", ""RNA::GPR137C"", ""RNA::H3F3C"", ""RNA::HDAC1"", ""RNA::IFNGR2"", ""RNA::LOC407835"", ""RNA::LRRTM4"", ""RNA::NUP37"", ""RNA::PPIA""]",0.0,1.0
0,15,"[""RNA::BZW1"", ""RNA::C5orf53"", ""RNA::COMMD10"", ""RNA::CTCFL"", ""RNA::DOCK7"", ""RNA::DST"", ""RNA::DYNC1H1"", ""RNA::GBAP1"", ""RNA::GCSH"", ""RNA::GPX7"", ""RNA::HDAC1"", ""RNA::LOC341056"", ""RNA::LOC728643"", ""RNA::MFSD2B"", ""RNA::MPRIP""]",0000000001000000100000000101000010010100000001100001001000000000001000001000001010000000000000000000,3c29fa656c2fdcfc9fa473164aed378832a86407cc6ae550fb2ef977cf5ce866,3e9415fcf07532dae3a0779f00c9a2738285cb7ab506547088e966306d4f90e3,1,0.861540252899611,"[0.8880111401494153, 0.8594848500408017, 0.8131661370443422, 0.8916833315070495, 0.8553558057564468]",0.0315905057409802,0.0141277036560858,0.0145060524881238,0.016558545363311,False,absolute_regret_exceeds_tolerance,False,{},,False,False,mean_jaccard > higher_locking_score > smaller_feature_count > stable_mask_hash,regret_constrained_medoid,absolute,0.01,0.01,1,macro_ovr_auroc,"{""candidate_seeds"": {""0"": 42, ""1"": 43, ""2"": 44, ""3"": 45, ""4"": 46}, ""locking_cv_seed"": 342, ""run_seed"": 42}",0.2.0,f4d17a07abba0e51ac2f0497b233ff630148c2a67bfcccdf45f8e38daa4a53ad,2,1,boruta_rf,"[""RNA::BZW1"", ""RNA::C5orf53"", ""RNA::COMMD10"", ""RNA::CTCFL"", ""RNA::DOCK7"", ""RNA::DST"", ""RNA::DYNC1H1"", ""RNA::GBAP1"", ""RNA::GCSH"", ""RNA::GPX7"", ""RNA::HDAC1"", ""RNA::LOC341056"", ""RNA::LOC728643"", ""RNA::MFSD2B"", ""RNA::MPRIP""]",0.1,0.9
4,18,"[""RNA::ANXA2P1"", ""RNA::C12orf51"", ""RNA::C15orf21"", ""RNA::CASP6"", ""RNA::DEPDC1"", ""RNA::DOCK7"", ""RNA::DYNC1H1"", ""RNA::ERI1"", ""RNA::GNG5"", ""RNA::GUSBL1"", ""RNA::HNRNPA3P1"", ""RNA::IK"", ""RNA::LOC541471"", ""RNA::LOC728643"", ""RNA::MRPL36"", ""RNA::NPLOC4"", ""RNA::OSTC"", ""RNA::PNRC2""]",0010000000011000001000000000001010000100100000001000100000101000000001001000000001000001010001000000,95ebda6b7639c190a588d06f7b07cfe61baf0fc77334525c1294bc1a7356b9a9,3e9415fcf07532dae3a0779f00c9a2738285cb7ab506547088e966306d4f90e3,1,0.8760463053877349,"[0.8624744119888454, 0.866339918660838, 0.8514920739279713, 0.8984446909927679, 0.9014804313682518]",0.022527222190092,0.0100744800322574,0.0,0.0,True,absolute_regret_within_tolerance,False,"{""1"": 0.15151515151515152}",0.1515151515151515,True,True,mean_jaccard > higher_locking_score > smaller_feature_count > stable_mask_hash,regret_constrained_medoid,absolute,0.01,0.01,1,macro_ovr_auroc,"{""candidate_seeds"": {""0"": 42, ""1"": 43, ""2"": 44, ""3"": 45, ""4"": 46}, ""locking_cv_seed"": 342, ""run_seed"": 46}",0.2.0,f4d17a07abba0e51ac2f0497b233ff630148c2a67bfcccdf45f8e38daa4a53ad,2,1,boruta_rf,"[""RNA::ANXA2P1"", ""RNA::C12orf51"", ""RNA::C15orf21"", ""RNA::CASP6"", ""RNA::DEPDC1"", ""RNA::DOCK7"", ""RNA::DYNC1H1"", ""RNA::ERI1"", ""RNA::GNG5"", ""RNA::GUSBL1"", ""RNA::HNRNPA3P1"", ""RNA::IK"", ""RNA::LOC541471"", ""RNA::LOC728643"", ""RNA::MRPL36"", ""RNA::NPLOC4"", ""RNA::OSTC"", ""RNA::PNRC2""]",1.0,0.0
1,20,"[""RNA::ANXA2P1"", ""RNA::ATP8B5P"", ""RNA::C12orf51"", ""RNA::CA9"", ""RNA::CDC26"", ""RNA::CPEB3"", ""RNA::CTCFL"", ""RNA::DEPDC1"", ""RNA::DOCK7"", ""RNA::FTHL3"", ""RNA::GLB1"", ""RNA::GNG5"", ""RNA::HIST1H2BE"", ""RNA::LOC442454"", ""RNA::MFSD2B"", ""RNA::MYO18A"", ""RNA::PMS2L2"", ""RNA::PNPLA1"", ""RNA::PPIA"", ""RNA::PRDX4""]",0010001000010000010010000011001010000000000010011000000010000000000010000000001000100000000110010100,cc1228763b3d68c32beadd2c2d31530abd4527f369462cdcbb957a0d641e18e6,3e9415fcf07532dae3a0779f00c9a2738285cb7ab506547088e966306d4f90e3,1,0.8709274423031343,"[0.8632961818546281, 0.8361511874519714, 0.8734481152750383, 0.8840264080648697, 0.897715318869165]",0.0232548439291756,0.010399882366357,0.0051188630846005,0.0058431421411393,True,absolute_regret_within_tolerance,False,"{""4"": 0.15151515151515152}",0.1515151515151515,False,False,mean_jaccard > higher_locking_score > smaller_feature_count > stable_mask_hash,regret_constrained_medoid,absolute,0.01,0.01,1,macro_ovr_auroc,"{""candidate_seeds"": {""0"": 42, ""1"": 43, ""2"": 44, ""3"": 45, ""4"": 46}, ""locking_cv_seed"": 342, ""run_seed"": 43}",0.2.0,f4d17a07abba0e51ac2f0497b233ff630148c2a67bfcccdf45f8e38daa4a53ad,2,1,boruta_rf,"[""RNA::ANXA2P1"", ""RNA::ATP8B5P"", ""RNA::C12orf51"", ""RNA::CA9"", ""RNA::CDC26"", ""RNA::CPEB3"", ""RNA::CTCFL"", ""RNA::DEPDC1"", ""RNA::DOCK7"", ""RNA::FTHL3"", ""RNA::GLB1"", ""RNA::GNG5"", ""RNA::HIST1H2BE"", ""RNA::LOC442454"", ""RNA::MFSD2B"", ""RNA::MYO18A"", ""RNA::PMS2L2"", ""RNA::PNPLA1"", ""RNA::PPIA"", ""RNA::PRDX4""]",0.15151515151515152,0.8484848484848485
3,15,"[""RNA::NACAP1"", ""RNA::CARD8"", ""RNA::SUMO1P3"", ""RNA::C2orf61"", ""RNA::LAYN"", ""RNA::MAD2L2"", ""RNA::LOC100129034"", ""RNA::FLJ35024"", ""RNA::HLA-G"", ""RNA::CNN3"", ""RNA::FAM180B"", ""RNA::PMP2"", ""RNA::EEPD1"", ""RNA::GPR182"", ""RNA::LRRC3""]",0000001001000000000000001000001000010011101000000000000001000001001010100100000,5aadee12a8b85e1abde1064740f85da6d9221a6f61b2fc49ec5fc44628255236,c29d71bc9e130a4a3dfbfaa04b27f24c90e93dfd754a8c348bcad28f50ac70e7,1,0.8688717094488828,"[0.84838039112362, 0.8196594395810362, 0.878430585558678, 0.8752675505880634, 0.9226205803930163]",0.0382849894096308,0.0171215677675588,0.0213557587913036,0.0239891034069304,False,absolute_regret_exceeds_tolerance,False,{},,False,False,mean_jaccard > higher_locking_score > smaller_feature_count > stable_mask_hash,regret_constrained_medoid,absolute,0.01,0.01,1,macro_ovr_auroc,"{""candidate_seeds"": {""0"": 42, ""1"": 43, ""2"": 44, ""3"": 45, ""4"": 46}, ""locking_cv_seed"": 342, ""run_seed"": 45}",0.2.0,f4d17a07abba0e51ac2f0497b233ff630148c2a67bfcccdf45f8e38daa4a53ad,2,2,svm_l1,"[""RNA::NACAP1"", ""RNA::CARD8"", ""RNA::SUMO1P3"", ""RNA::C2orf61"", ""RNA::LAYN"", ""RNA::MAD2L2"", ""RNA::LOC100129034"", ""RNA::FLJ35024"", ""RNA::HLA-G"", ""RNA::CNN3"", ""RNA::FAM180B"", ""RNA::PMP2"", ""RNA::EEPD1"", ""RNA::GPR182"", ""RNA::LRRC3""]",0.15384615384615385,0.8461538461538461
1,15,"[""RNA::FTHL3"", ""RNA::POLR2C"", ""RNA::MYOZ2"", ""RNA::PLEKHA4"", ""RNA::CHRNA7"", ""RNA::MFSD2B"", ""RNA::C2orf61"", ""RNA::LAYN"", ""RNA::GCSH"", ""RNA::TBC1D25"", ""RNA::MAD2L2"", ""RNA::LSM14A"", ""RNA::LOC151162"", ""SCNV::KCTD15"", ""RNA::GPR182""]",0100010010001000100001000000001000011110000100000000000000010100000000100000000,6b5712a86f71fdfeab93aa5d2bee5128326df14ec5bad0de24298dde332816da,c29d71bc9e130a4a3dfbfaa04b27f24c90e93dfd754a8c348bcad28f50ac70e7,1,0.8817112156239706,"[0.8839309012375656, 0.8277177412289671, 0.8857570594388414, 0.8776597541821901, 0.9334906220322887]",0.0375303623798566,0.016784088300312,0.0085162526162159,0.009566378167426,True,absolute_regret_within_tolerance,False,"{""0"": 0.1111111111111111, ""4"": 0.1111111111111111}",0.1111111111111111,False,False,mean_jaccard > higher_locking_score > smaller_feature_count > stable_mask_hash,regret_constrained_medoid,absolute,0.01,0.01,1,macro_ovr_auroc,"{""candidate_seeds"": {""0"": 42, ""1"": 43, ""2"": 44, ""3"": 45, ""4"": 46}, ""locking_cv_seed"": 342, ""run_seed"": 43}",0.2.0,f4d17a07abba0e51ac2f0497b233ff630148c2a67bfcccdf45f8e38daa4a53ad,2,2,svm_l1,"[""RNA::FTHL3"", ""RNA::POLR2C"", ""RNA::MYOZ2"", ""RNA::PLEKHA4"", ""RNA::CHRNA7"", ""RNA::MFSD2B"", ""RNA::C2orf61"", ""RNA::LAYN"", ""RNA::GCSH"", ""RNA::TBC1D25"", ""RNA::MAD2L2"", ""RNA::LSM14A"", ""RNA::LOC151162"", ""SCNV::KCTD15"", ""RNA::GPR182""]",0.1111111111111111,0.8888888888888888
4,15,"[""RNA::THRAP3"", ""SCNV::DAB1"", ""RNA::POLR2C"", ""SCNV::LINC00662"", ""RNA::MFNG"", ""RNA::PPIAL4C"", ""RNA::SUMO1P3"", ""RNA::HIST1H2BE"", ""RNA::C2orf61"", ""RNA::C3orf48"", ""RNA::C14orf143"", ""RNA::CNN3"", ""RNA::CXCL13"", ""RNA::GPR182"", ""RNA::BNIP3L""]",0011010000010101000000001000011000000000000001000000010001001000000000100001000,aa0952d6d5c4266006d4dfdf60f133fafaa6a9e9fb92bb20cb7cf15d32324143,c29d71bc9e130a4a3dfbfaa04b27f24c90e93dfd754a8c348bcad28f50ac70e7,1,0.8833628811887422,"[0.8997165266097911, 0.8469326822632239, 0.8807738518299915, 0.8732935660018994, 0.9160977792388049]",0.0263356642407718,0.0117776670949952,0.0068645870514443,0.0077110483515121,True,absolute_regret_within_tolerance,False,"{""0"": 0.1111111111111111, ""1"": 0.1111111111111111}",0.1111111111111111,False,False,mean_jaccard > higher_locking_score > smaller_feature_count > stable_mask_hash,regret_constrained_medoid,absolute,0.01,0.01,1,macro_ovr_auroc,"{""candidate_seeds"": {""0"": 42, ""1"": 43, ""2"": 44, ""3"": 45, ""4"": 46}, ""locking_cv_seed"": 342, ""run_seed"": 46}",0.2.0,f4d17a07abba0e51ac2f0497b233ff630148c2a67bfcccdf45f8e38daa4a53ad,2,2,svm_l1,"[""RNA::THRAP3"", ""SCNV::DAB1"", ""RNA::POLR2C"", ""SCNV::LINC00662"", ""RNA::MFNG"", ""RNA::PPIAL4C"", ""RNA::SUMO1P3"", ""RNA::HIST1H2BE"", ""RNA::C2orf61"", ""RNA::C3orf48"", ""RNA::C14orf143"", ""RNA::CNN3"", ""RNA::CXCL13"", ""RNA::GPR182"", ""RNA::BNIP3L""]",0.1111111111111111,0.8888888888888888
0,15,"[""RNA::CARD8"", ""RNA::LEKR1"", ""RNA::C2orf61"", ""RNA::THAP8"", ""RNA::LAYN"", ""RNA::TBC1D25"", ""RNA::CHRDL2"", ""RNA::HNRNPA3P1"", ""RNA::C14orf143"", ""RNA::OR1L1"", ""RNA::ANKRD20B"", ""RNA::EEPD1"", ""RNA::NCRNA00169"", ""RNA::BNIP3L"", ""RNA::MYH6""]",0000000001000000000000100000001010010100000000000010110100100000000010010001001,e2d6d3256c13a146f31045ded97088482508bcca3d19aa8b8a09cb4e6e829171,c29d71bc9e130a4a3dfbfaa04b27f24c90e93dfd754a8c348bcad28f50ac70e7,1,0.8902274682401865,"[0.8728871261390863, 0.8304147353728608, 0.9074205023349059, 0.9045150303163123, 0.9358999470377676]",0.0401993801202769,0.0179777093204585,0.0,0.0,True,absolute_regret_within_tolerance,False,"{""1"": 0.1111111111111111, ""4"": 0.1111111111111111}",0.1111111111111111,True,True,mean_jaccard > higher_locking_score > smaller_feature_count > stable_mask_hash,regret_constrained_medoid,absolute,0.01,0.01,1,macro_ovr_auroc,"{""candidate_seeds"": {""0"": 42, ""1"": 43, ""2"": 44, ""3"": 45, ""4"": 46}, ""locking_cv_seed"": 342, ""run_seed"": 42}",0.2.0,f4d17a07abba0e51ac2f0497b233ff630148c2a67bfcccdf45f8e38daa4a53ad,2,2,svm_l1,"[""RNA::CARD8"", ""RNA::LEKR1"", ""RNA::C2orf61"", ""RNA::THAP8"", ""RNA::LAYN"", ""RNA::TBC1D25"", ""RNA::CHRDL2"", ""RNA::HNRNPA3P1"", ""RNA::C14orf143"", ""RNA::OR1L1"", ""RNA::ANKRD20B"", ""RNA::EEPD1"", ""RNA::NCRNA00169"", ""RNA::BNIP3L"", ""RNA::MYH6""]",1.0,0.0
2,15,"[""RNA::FTHL3"", ""RNA::PPIAL4C"", ""RNA::CT45A1"", ""RNA::ZNRF4"", ""RNA::HIST1H2BE"", ""RNA::C2orf61"", ""RNA::HLA-G"", ""RNA::LSM14A"", ""RNA::BAI1"", ""RNA::OR8D1"", ""RNA::ASAP3"", ""RNA::ARID5B"", ""RNA::CNN3"", ""RNA::LOC151162"", ""RNA::CPT2""]",0100000000000001000000000001111000000000001110001001001001010000000100000000000,fdfba851fc26b25b003357784f78d2f645e91ac7fe6471ab1d31e1e65367bbce,c29d71bc9e130a4a3dfbfaa04b27f24c90e93dfd754a8c348bcad28f50ac70e7,1,0.8720023930274712,"[0.8840608900747889, 0.8297522174704998, 0.8944627464809559, 0.8596843268317628, 0.8920517842793483]",0.0273343419861501,0.0122242893602516,0.0182250752127153,0.0204723802206899,False,absolute_regret_exceeds_tolerance,False,{},,False,False,mean_jaccard > higher_locking_score > smaller_feature_count > stable_mask_hash,regret_constrained_medoid,absolute,0.01,0.01,1,macro_ovr_auroc,"{""candidate_seeds"": {""0"": 42, ""1"": 43, ""2"": 44, ""3"": 45, ""4"": 46}, ""locking_cv_seed"": 342, ""run_seed"": 44}",0.2.0,f4d17a07abba0e51ac2f0497b233ff630148c2a67bfcccdf45f8e38daa4a53ad,2,2,svm_l1,"[""RNA::FTHL3"", ""RNA::PPIAL4C"", ""RNA::CT45A1"", ""RNA::ZNRF4"", ""RNA::HIST1H2BE"", ""RNA::C2orf61"", ""RNA::HLA-G"", ""RNA::LSM14A"", ""RNA::BAI1"", ""RNA::OR8D1"", ""RNA::ASAP3"", ""RNA::ARID5B"", ""RNA::CNN3"", ""RNA::LOC151162"", ""RNA::CPT2""]",0.034482758620689655,0.9655172413793104
0,20,"[""RNA::CNN3"", ""RNA::THRAP3"", ""RNA::GBP7"", ""RNA::HERC2"", ""RNA::DNAJC5B"", ""RNA::ABHD5"", ""RNA::ARSK"", ""RNA::HIST1H2BE"", ""RNA::TRIM10"", ""RNA::FAM155B"", ""RNA::UPB1"", ""RNA::CTAGE4"", ""RNA::PAPPA2"", ""RNA::FAF2"", ""RNA::ZNF443"", ""RNA::CCL1"", ""RNA::PLTP"", ""RNA::ATP7B"", ""RNA::AOC2"", ""RNA::TP53I3""]",1100000100000100000000001110000010000111000000011001001000100100000000000001000001000000001000000000,29866a8191e7a6449e3e66a71e8c6f7f161c689bb16217d300c2906bad397a40,5f36004cfbc84242a186bb7d1163529b84cc68091eea88bb32ca69ea5ac9874d,1,0.871170469937047,"[0.8777794409450315, 0.8051001881606468, 0.8640510686950473, 0.897606453550081, 0.9113151983344291]",0.0411403298283146,0.0183985148225747,0.0022448578428478,0.0025702066032594,True,absolute_regret_within_tolerance,False,"{""2"": 0.08333333333333333, ""4"": 0.21875}",0.1510416666666666,True,True,mean_jaccard > higher_locking_score > smaller_feature_count > stable_mask_hash,regret_constrained_medoid,absolute,0.01,0.01,1,macro_ovr_auroc,"{""candidate_seeds"": {""0"": 42, ""1"": 43, ""2"": 44, ""3"": 45, ""4"": 46}, ""locking_cv_seed"": 342, ""run_seed"": 42}",0.2.0,f4d17a07abba0e51ac2f0497b233ff630148c2a67bfcccdf45f8e38daa4a53ad,2,2,xgboost,"[""RNA::CNN3"", ""RNA::THRAP3"", ""RNA::GBP7"", ""RNA::HERC2"", ""RNA::DNAJC5B"", ""RNA::ABHD5"", ""RNA::ARSK"", ""RNA::HIST1H2BE"", ""RNA::TRIM10"", ""RNA::FAM155B"", ""RNA::UPB1"", ""RNA::CTAGE4"", ""RNA::PAPPA2"", ""RNA::FAF2"", ""RNA::ZNF443"", ""RNA::CCL1"", ""RNA::PLTP"", ""RNA::ATP7B"", ""RNA::AOC2"", ""RNA::TP53I3""]",0.08333333333333333,0.9166666666666666
3,20,"[""RNA::TXLNA"", ""RNA::GBP7"", ""RNA::YLPM1"", ""RNA::LOC442459"", ""RNA::DNAJC5B"", ""RNA::NR2E1"", ""SCNV::RELN"", ""RNA::UPF1"", ""RNA::C19orf52"", ""RNA::UPB1"", ""RNA::CEBPG"", ""RNA::CTAGE4"", ""RNA::GHDC"", ""RNA::CCL1"", ""RNA::ATP8B5P"", ""RNA::B3GNT7"", ""RNA::HOXB7"", ""RNA::PL-5283"", ""RNA::BAX"", ""RNA::AKAP7""]",0001000110000000000010001000001101010001000000110000100000110000000010001000010000001100000000000000,3ae27b2989e10d6dd43f2bccff9da3652fb2fd97645858a06e64fb8f0911ad71,5f36004cfbc84242a186bb7d1163529b84cc68091eea88bb32ca69ea5ac9874d,1,0.8532393154742712,"[0.8685754255345153, 0.8164987034020303, 0.8198590709054071, 0.8832895025202717, 0.8779738750091315]",0.0324581336169501,0.0145157186380543,0.0201760123056237,0.0231001353696281,False,absolute_regret_exceeds_tolerance,False,{},,False,False,mean_jaccard > higher_locking_score > smaller_feature_count > stable_mask_hash,regret_constrained_medoid,absolute,0.01,0.01,1,macro_ovr_auroc,"{""candidate_seeds"": {""0"": 42, ""1"": 43, ""2"": 44, ""3"": 45, ""4"": 46}, ""locking_cv_seed"": 342, ""run_seed"": 45}",0.2.0,f4d17a07abba0e51ac2f0497b233ff630148c2a67bfcccdf45f8e38daa4a53ad,2,2,xgboost,"[""RNA::TXLNA"", ""RNA::GBP7"", ""RNA::YLPM1"", ""RNA::LOC442459"", ""RNA::DNAJC5B"", ""RNA::NR2E1"", ""SCNV::RELN"", ""RNA::UPF1"", ""RNA::C19orf52"", ""RNA::UPB1"", ""RNA::CEBPG"", ""RNA::CTAGE4"", ""RNA::GHDC"", ""RNA::CCL1"", ""RNA::ATP8B5P"", ""RNA::B3GNT7"", ""RNA::HOXB7"", ""RNA::PL-5283"", ""RNA::BAX"", ""RNA::AKAP7""]",0.18181818181818182,0.8181818181818181
4,19,"[""RNA::ASAP3"", ""RNA::EEF1A1P9"", ""RNA::YLPM1"", ""RNA::CHRNA7"", ""RNA::CCDC72"", ""RNA::DNAJC5B"", ""RNA::ABHD5"", ""RNA::RAPGEF5"", ""RNA::CTAGE4"", ""RNA::PAPPA2"", ""RNA::DBNDD2"", ""RNA::ZNF443"", ""RNA::ARHGEF18"", ""RNA::ATP8B5P"", ""RNA::ATP7B"", ""RNA::GAB2"", ""RNA::TP53I3"", ""RNA::VEGFA"", ""RNA::NPAT""]",0010010010000010100000001101000000000000000000011000011100010000000000000001000000100000001000100100,7d7ea8accc8b2f75fae352428a475363a48c1d90df794f686c0e156fd1c8b0aa,5f36004cfbc84242a186bb7d1163529b84cc68091eea88bb32ca69ea5ac9874d,1,0.8676966235360757,"[0.8768133710222092, 0.8308002689016589, 0.8746703854195974, 0.8824409653736576, 0.8737581269632552]",0.0208999214404253,0.0093467290130392,0.0057187042438192,0.0065475199048263,True,absolute_regret_within_tolerance,False,"{""0"": 0.21875, ""2"": 0.05555555555555555}",0.1371527777777778,False,False,mean_jaccard > higher_locking_score > smaller_feature_count > stable_mask_hash,regret_constrained_medoid,absolute,0.01,0.01,1,macro_ovr_auroc,"{""candidate_seeds"": {""0"": 42, ""1"": 43, ""2"": 44, ""3"": 45, ""4"": 46}, ""locking_cv_seed"": 342, ""run_seed"": 46}",0.2.0,f4d17a07abba0e51ac2f0497b233ff630148c2a67bfcccdf45f8e38daa4a53ad,2,2,xgboost,"[""RNA::ASAP3"", ""RNA::EEF1A1P9"", ""RNA::YLPM1"", ""RNA::CHRNA7"", ""RNA::CCDC72"", ""RNA::DNAJC5B"", ""RNA::ABHD5"", ""RNA::RAPGEF5"", ""RNA::CTAGE4"", ""RNA::PAPPA2"", ""RNA::DBNDD2"", ""RNA::ZNF443"", ""RNA::ARHGEF18"", ""RNA::ATP8B5P"", ""RNA::ATP7B"", ""RNA::GAB2"", ""RNA::TP53I3"", ""RNA::VEGFA"", ""RNA::NPAT""]",0.05555555555555555,0.9444444444444444
1,19,"[""RNA::ASAP3"", ""RNA::YLPM1"", ""RNA::NFIA"", ""RNA::CCDC72"", ""RNA::S100PBP"", ""RNA::HIST1H2BE"", ""RNA::UPF1"", ""RNA::LOC100133612"", ""RNA::TRIM10"", ""RNA::KDELR1"", ""RNA::HNRNPA3P1"", ""RNA::FAF2"", ""RNA::GHDC"", ""RNA::DBNDD2"", ""RNA::ATP7B"", ""RNA::PL-5283"", ""RNA::C19orf42"", ""RNA::TP53I3"", ""RNA::BTF3L4""]",0010000010100000100000000000100011100100000011000001110000000000000000000001011000000000001010000000,dcae16a975d926fca8e3de2c4a46f2977495463465a58112031ed2e38e1ae24e,5f36004cfbc84242a186bb7d1163529b84cc68091eea88bb32ca69ea5ac9874d,1,0.8627302394377105,"[0.8575594668787827, 0.8310151915150132, 0.8737266867237508, 0.869926355102637, 0.8814234969683687]",0.0197150004075597,0.0088168162175479,0.0106850883421844,0.0122336853983825,False,absolute_regret_exceeds_tolerance,False,{},,False,False,mean_jaccard > higher_locking_score > smaller_feature_count > stable_mask_hash,regret_constrained_medoid,absolute,0.01,0.01,1,macro_ovr_auroc,"{""candidate_seeds"": {""0"": 42, ""1"": 43, ""2"": 44, ""3"": 45, ""4"": 46}, ""locking_cv_seed"": 342, ""run_seed"": 43}",0.2.0,f4d17a07abba0e51ac2f0497b233ff630148c2a67bfcccdf45f8e38daa4a53ad,2,2,xgboost,"[""RNA::ASAP3"", ""RNA::YLPM1"", ""RNA::NFIA"", ""RNA::CCDC72"", ""RNA::S100PBP"", ""RNA::HIST1H2BE"", ""RNA::UPF1"", ""RNA::LOC100133612"", ""RNA::TRIM10"", ""RNA::KDELR1"", ""RNA::HNRNPA3P1"", ""RNA::FAF2"", ""RNA::GHDC"", ""RNA::DBNDD2"", ""RNA::ATP7B"", ""RNA::PL-5283"", ""RNA::C19orf42"", ""RNA::TP53I3"", ""RNA::BTF3L4""]",0.11764705882352941,0.8823529411764706
2,19,"[""RNA::GBP7"", ""RNA::NFIA"", ""RNA::HAX1"", ""RNA::HERC2"", ""RNA::LOC442459"", ""RNA::C19orf52"", ""RNA::HNRNPA3P1"", ""RNA::CEBPG"", ""RNA::FAF2"", ""RNA::C9orf78"", ""RNA::ATP8B5P"", ""RNA::KIAA0649"", ""RNA::PDHA1"", ""RNA::GAB2"", ""RNA::BAX"", ""RNA::CT45A1"", ""RNA::ARHGEF15"", ""RNA::BTF3L4"", ""RNA::ZNF619""]",0000000100101100000010000000000000010000000001100001000001010000000000010000000010101010010010000010,f9a6742699167c6db73cbcbe3fc092f3ef3af6050a8f4b756b1077df471d6c05,5f36004cfbc84242a186bb7d1163529b84cc68091eea88bb32ca69ea5ac9874d,1,0.873415327779895,"[0.856056440919235, 0.841188624309615, 0.8607487790910353, 0.8906236302870918, 0.9184591642924975]",0.0309249321270195,0.0138300500871165,0.0,0.0,True,absolute_regret_within_tolerance,False,"{""0"": 0.08333333333333333, ""4"": 0.05555555555555555}",0.0694444444444444,False,False,mean_jaccard > higher_locking_score > smaller_feature_count > stable_mask_hash,regret_constrained_medoid,absolute,0.01,0.01,1,macro_ovr_auroc,"{""candidate_seeds"": {""0"": 42, ""1"": 43, ""2"": 44, ""3"": 45, ""4"": 46}, ""locking_cv_seed"": 342, ""run_seed"": 44}",0.2.0,f4d17a07abba0e51ac2f0497b233ff630148c2a67bfcccdf45f8e38daa4a53ad,2,2,xgboost,"[""RNA::GBP7"", ""RNA::NFIA"", ""RNA::HAX1"", ""RNA::HERC2"", ""RNA::LOC442459"", ""RNA::C19orf52"", ""RNA::HNRNPA3P1"", ""RNA::CEBPG"", ""RNA::FAF2"", ""RNA::C9orf78"", ""RNA::ATP8B5P"", ""RNA::KIAA0649"", ""RNA::PDHA1"", ""RNA::GAB2"", ""RNA::BAX"", ""RNA::CT45A1"", ""RNA::ARHGEF15"", ""RNA::BTF3L4"", ""RNA::ZNF619""]",1.0,0.0
0,17,"[""RNA::AKAP6"", ""RNA::ASAP3"", ""RNA::ATP5EP2"", ""RNA::ATP8B5P"", ""RNA::CPEB3"", ""RNA::CTCFL"", ""RNA::FAM90A7"", ""RNA::GCSH"", ""RNA::GGTLC1"", ""RNA::GPX7"", ""RNA::HNRNPA3P1"", ""RNA::LDHA"", ""RNA::LRRC37A4"", ""RNA::LSM14A"", ""RNA::NUP37"", ""RNA::RHOC"", ""RNA::SBF1""]",0010110100000000000000000110000000010011010000100010000000000101000000000000010000000000000100000010,2770c204ece1412f35b8709d1c1abded7e2f9792dc95b7c098cb476b6e4c8d74,2acc5899cc13919ac6a16a9b8f2fe46f48c10b15a9a5277c1ad7ea05476a5f7b,1,0.8727658017862014,"[0.8685202119361064, 0.8245612670505756, 0.862377899218925, 0.8940239425816349, 0.9143456881437652]",0.0340235441333901,0.0152157915035449,0.0,0.0,True,absolute_regret_within_tolerance,False,{},,True,True,mean_jaccard > higher_locking_score > smaller_feature_count > stable_mask_hash,regret_constrained_medoid,absolute,0.01,0.01,1,macro_ovr_auroc,"{""candidate_seeds"": {""0"": 42, ""1"": 43, ""2"": 44, ""3"": 45, ""4"": 46}, ""locking_cv_seed"": 342, ""run_seed"": 42}",0.2.0,f4d17a07abba0e51ac2f0497b233ff630148c2a67bfcccdf45f8e38daa4a53ad,2,2,boruta_rf,"[""RNA::AKAP6"", ""RNA::ASAP3"", ""RNA::ATP5EP2"", ""RNA::ATP8B5P"", ""RNA::CPEB3"", ""RNA::CTCFL"", ""RNA::FAM90A7"", ""RNA::GCSH"", ""RNA::GGTLC1"", ""RNA::GPX7"", ""RNA::HNRNPA3P1"", ""RNA::LDHA"", ""RNA::LRRC37A4"", ""RNA::LSM14A"", ""RNA::NUP37"", ""RNA::RHOC"", ""RNA::SBF1""]",1.0,0.0
1,22,"[""RNA::ASAP3"", ""RNA::DPYD"", ""RNA::EDARADD"", ""RNA::EEF1A1P9"", ""RNA::FTHL3"", ""RNA::HNRNPA3P1"", ""RNA::KIAA0427"", ""RNA::KIF3A"", ""RNA::LOC341056"", ""RNA::LOC407835"", ""RNA::LOC541471"", ""RNA::LOC643387"", ""RNA::LOC644936"", ""RNA::LSM14A"", ""RNA::MICAL3"", ""RNA::MPRIP"", ""RNA::NACA2"", ""RNA::NCRNA00152"", ""RNA::PAIP1"", ""RNA::PPIAL4C"", ""RNA::RAB42"", ""RNA::RPL13AP3""]",0000100000000000000000000000001011001000000000111000011011100001000110010001000010000100100000100000,6eec175fa5048fb367ba6c3c3c4d8f62834df7bd2e952910b1a9624f4364329b,2acc5899cc13919ac6a16a9b8f2fe46f48c10b15a9a5277c1ad7ea05476a5f7b,1,0.8605145151472726,"[0.8435170553622086, 0.8387218370513096, 0.845758750895349, 0.8690454014171962, 0.9055295310103002]",0.0277520031263352,0.0124110731004544,0.0122512866389288,0.0140373128895006,False,absolute_regret_exceeds_tolerance,False,{},,False,False,mean_jaccard > higher_locking_score > smaller_feature_count > stable_mask_hash,regret_constrained_medoid,absolute,0.01,0.01,1,macro_ovr_auroc,"{""candidate_seeds"": {""0"": 42, ""1"": 43, ""2"": 44, ""3"": 45, ""4"": 46}, ""locking_cv_seed"": 342, ""run_seed"": 43}",0.2.0,f4d17a07abba0e51ac2f0497b233ff630148c2a67bfcccdf45f8e38daa4a53ad,2,2,boruta_rf,"[""RNA::ASAP3"", ""RNA::DPYD"", ""RNA::EDARADD"", ""RNA::EEF1A1P9"", ""RNA::FTHL3"", ""RNA::HNRNPA3P1"", ""RNA::KIAA0427"", ""RNA::KIF3A"", ""RNA::LOC341056"", ""RNA::LOC407835"", ""RNA::LOC541471"", ""RNA::LOC643387"", ""RNA::LOC644936"", ""RNA::LSM14A"", ""RNA::MICAL3"", ""RNA::MPRIP"", ""RNA::NACA2"", ""RNA::NCRNA00152"", ""RNA::PAIP1"", ""RNA::PPIAL4C"", ""RNA::RAB42"", ""RNA::RPL13AP3""]",0.08333333333333333,0.9166666666666666
3,18,"[""RNA::ASAP3"", ""RNA::ATP5EP2"", ""RNA::BRD7"", ""RNA::BZW1"", ""RNA::CCDC109B"", ""RNA::CKLF"", ""RNA::CTCFL"", ""RNA::DPYD"", ""RNA::H3F3C"", ""RNA::HDAC1"", ""RNA::KIF3A"", ""RNA::LDHA"", ""RNA::LOC728643"", ""RNA::LRRC37A4"", ""RNA::NFIA"", ""RNA::PMS2L2"", ""RNA::RAB6C"", ""RNA::RPL12""]",0000110011000000100001000010001000000000000110001010000000001100000000000000100000010000010001000000,b3b469680e7c864275b2d4e6879769c03b5f6fa3318285cf5591976a4cabbc84,2acc5899cc13919ac6a16a9b8f2fe46f48c10b15a9a5277c1ad7ea05476a5f7b,1,0.8428680273625784,"[0.8265590102724814, 0.8049135345330998, 0.8393296692225927, 0.8563604901745928, 0.8871774326101249]",0.0310822195508932,0.013900391161474,0.029897774423623,0.0342563541816536,False,absolute_regret_exceeds_tolerance,False,{},,False,False,mean_jaccard > higher_locking_score > smaller_feature_count > stable_mask_hash,regret_constrained_medoid,absolute,0.01,0.01,1,macro_ovr_auroc,"{""candidate_seeds"": {""0"": 42, ""1"": 43, ""2"": 44, ""3"": 45, ""4"": 46}, ""locking_cv_seed"": 342, ""run_seed"": 45}",0.2.0,f4d17a07abba0e51ac2f0497b233ff630148c2a67bfcccdf45f8e38daa4a53ad,2,2,boruta_rf,"[""RNA::ASAP3"", ""RNA::ATP5EP2"", ""RNA::BRD7"", ""RNA::BZW1"", ""RNA::CCDC109B"", ""RNA::CKLF"", ""RNA::CTCFL"", ""RNA::DPYD"", ""RNA::H3F3C"", ""RNA::HDAC1"", ""RNA::KIF3A"", ""RNA::LDHA"", ""RNA::LOC728643"", ""RNA::LRRC37A4"", ""RNA::NFIA"", ""RNA::PMS2L2"", ""RNA::RAB6C"", ""RNA::RPL12""]",0.16666666666666666,0.8333333333333334
2,18,"[""RNA::ANXA2P1"", ""RNA::BRD7"", ""RNA::COMMD10"", ""RNA::DPYD"", ""RNA::GBAP1"", ""RNA::GGTLC1"", ""RNA::KIAA0427"", ""RNA::MFSD2B"", ""RNA::MICAL3"", ""RNA::NACA2"", ""RNA::NACAP1"", ""RNA::NADK"", ""RNA::NCRNA00152"", ""RNA::OSTC"", ""RNA::PPIA"", ""RNA::RPF1"", ""RNA::RPL13AP3"", ""RNA::RUSC2""]",0001000010000000000000001000001000000101000000010000000000000000001100011101001000000010000010100100,be5375867a2d8d9523ee465562a367d886ccb1583af9c1ac4c20f1cef9b27a5c,2acc5899cc13919ac6a16a9b8f2fe46f48c10b15a9a5277c1ad7ea05476a5f7b,1,0.8605134452505109,"[0.8396466352408976, 0.8171705961932263, 0.8671955898217178, 0.875285128570385, 0.9032692764263278]",0.0331848651801087,0.0148407228733777,0.0122523565356905,0.0140385387587539,False,absolute_regret_exceeds_tolerance,False,{},,False,False,mean_jaccard > higher_locking_score > smaller_feature_count > stable_mask_hash,regret_constrained_medoid,absolute,0.01,0.01,1,macro_ovr_auroc,"{""candidate_seeds"": {""0"": 42, ""1"": 43, ""2"": 44, ""3"": 45, ""4"": 46}, ""locking_cv_seed"": 342, ""run_seed"": 44}",0.2.0,f4d17a07abba0e51ac2f0497b233ff630148c2a67bfcccdf45f8e38daa4a53ad,2,2,boruta_rf,"[""RNA::ANXA2P1"", ""RNA::BRD7"", ""RNA::COMMD10"", ""RNA::DPYD"", ""RNA::GBAP1"", ""RNA::GGTLC1"", ""RNA::KIAA0427"", ""RNA::MFSD2B"", ""RNA::MICAL3"", ""RNA::NACA2"", ""RNA::NACAP1"", ""RNA::NADK"", ""RNA::NCRNA00152"", ""RNA::OSTC"", ""RNA::PPIA"", ""RNA::RPF1"", ""RNA::RPL13AP3"", ""RNA::RUSC2""]",0.029411764705882353,0.9705882352941176
4,15,"[""RNA::ACTL6A"", ""RNA::AK2"", ""RNA::ATP5EP2"", ""RNA::CDKN3"", ""RNA::LOC341056"", ""RNA::LOC407835"", ""RNA::LRRC37A4"", ""RNA::LSM14A"", ""RNA::MFSD2B"", ""RNA::MPRIP"", ""RNA::NCRNA00152"", ""RNA::OSTC"", ""RNA::RAB42"", ""RNA::RAB6C"", ""RNA::RAP1B""]",1100010000000000000100000000000000000000000000000000011000000101001010000001001000000000111000000000,f20493714be6e511f1b174724b592404060fe40613124a6a7196a52fcaf201d2,2acc5899cc13919ac6a16a9b8f2fe46f48c10b15a9a5277c1ad7ea05476a5f7b,1,0.8556838595691014,"[0.8361717659205186, 0.8141587061535387, 0.838139322520664, 0.8871486686390533, 0.9028008346117321]",0.0374930476620582,0.0167674006512003,0.0170819422171,0.0195721947195228,False,absolute_regret_exceeds_tolerance,False,{},,False,False,mean_jaccard > higher_locking_score > smaller_feature_count > stable_mask_hash,regret_constrained_medoid,absolute,0.01,0.01,1,macro_ovr_auroc,"{""candidate_seeds"": {""0"": 42, ""1"": 43, ""2"": 44, ""3"": 45, ""4"": 46}, ""locking_cv_seed"": 342, ""run_seed"": 46}",0.2.0,f4d17a07abba0e51ac2f0497b233ff630148c2a67bfcccdf45f8e38daa4a53ad,2,2,boruta_rf,"[""RNA::ACTL6A"", ""RNA::AK2"", ""RNA::ATP5EP2"", ""RNA::CDKN3"", ""RNA::LOC341056"", ""RNA::LOC407835"", ""RNA::LRRC37A4"", ""RNA::LSM14A"", ""RNA::MFSD2B"", ""RNA::MPRIP"", ""RNA::NCRNA00152"", ""RNA::OSTC"", ""RNA::RAB42"", ""RNA::RAB6C"", ""RNA::RAP1B""]",0.10344827586206896,0.896551724137931
2,13,"[""RNA::MFSD2B"", ""RNA::C3orf48"", ""RNA::PA2G4P4"", ""RNA::ATP5EP2"", ""RNA::LSM14A"", ""RNA::HSPC072"", ""RNA::RAN"", ""RNA::PRAM1"", ""RNA::CA9"", ""RNA::SLCO1A2"", ""RNA::C19orf61"", ""RNA::FOXD3"", ""SCNV::DAB1""]",000000010000001000000000000000010001001010010000100010000000001000001100000000010000000000,1dd1c0e802fa20f4080775cae0cb2451698978231adcf6f5781e336eff2a233e,235fa7c6ae94a49d9a274809bc5e2db8f50330713b3f280ac4b81da6cd8c3ca7,1,0.8602666659955591,"[0.8571663274754865, 0.8294417092305546, 0.8633423398054676, 0.8588348765432099, 0.8925480769230769]",0.0224354036090033,0.0100334175144751,0.0139989366605579,0.016012223994662,False,absolute_regret_exceeds_tolerance,False,{},,False,False,mean_jaccard > higher_locking_score > smaller_feature_count > stable_mask_hash,regret_constrained_medoid,absolute,0.01,0.01,1,macro_ovr_auroc,"{""candidate_seeds"": {""0"": 42, ""1"": 43, ""2"": 44, ""3"": 45, ""4"": 46}, ""locking_cv_seed"": 342, ""run_seed"": 44}",0.2.0,f4d17a07abba0e51ac2f0497b233ff630148c2a67bfcccdf45f8e38daa4a53ad,2,3,svm_l1,"[""RNA::MFSD2B"", ""RNA::C3orf48"", ""RNA::PA2G4P4"", ""RNA::ATP5EP2"", ""RNA::LSM14A"", ""RNA::HSPC072"", ""RNA::RAN"", ""RNA::PRAM1"", ""RNA::CA9"", ""RNA::SLCO1A2"", ""RNA::C19orf61"", ""RNA::FOXD3"", ""SCNV::DAB1""]",0.07407407407407407,0.9259259259259259
3,16,"[""RNA::THRAP3"", ""RNA::C15orf21"", ""RNA::SUSD3"", ""RNA::ASAP3"", ""RNA::C4A"", ""RNA::MSX2"", ""RNA::HNRNPA3P1"", ""RNA::SLC47A1"", ""RNA::LONRF1"", ""RNA::SUN3"", ""RNA::LHX5"", ""RNA::SLCO1A2"", ""RNA::HTN3"", ""RNA::OR4D11"", ""SCNV::DAB1"", ""RNA::AGPAT4""]",000001100001000000001000000000000010100101000001001000010000001000100000000010010000000001,2ea34449c9c9983b71d7e93d3d00e62ff5b768f3f11477cb4e16f17449bf9799,235fa7c6ae94a49d9a274809bc5e2db8f50330713b3f280ac4b81da6cd8c3ca7,1,0.8742656026561171,"[0.8986270734756123, 0.8676974358104079, 0.8815341581694502, 0.8709935897435898, 0.8524757560815254]",0.0171388262265578,0.0076647160994279,0.0,0.0,True,absolute_regret_within_tolerance,False,{},,True,True,mean_jaccard > higher_locking_score > smaller_feature_count > stable_mask_hash,regret_constrained_medoid,absolute,0.01,0.01,1,macro_ovr_auroc,"{""candidate_seeds"": {""0"": 42, ""1"": 43, ""2"": 44, ""3"": 45, ""4"": 46}, ""locking_cv_seed"": 342, ""run_seed"": 45}",0.2.0,f4d17a07abba0e51ac2f0497b233ff630148c2a67bfcccdf45f8e38daa4a53ad,2,3,svm_l1,"[""RNA::THRAP3"", ""RNA::C15orf21"", ""RNA::SUSD3"", ""RNA::ASAP3"", ""RNA::C4A"", ""RNA::MSX2"", ""RNA::HNRNPA3P1"", ""RNA::SLC47A1"", ""RNA::LONRF1"", ""RNA::SUN3"", ""RNA::LHX5"", ""RNA::SLCO1A2"", ""RNA::HTN3"", ""RNA::OR4D11"", ""SCNV::DAB1"", ""RNA::AGPAT4""]",1.0,0.0
4,11,"[""RNA::LOC728643"", ""RNA::C15orf21"", ""RNA::MFSD2B"", ""RNA::SFRS4"", ""RNA::SUMO1P3"", ""RNA::ATP5EP2"", ""RNA::LSM14A"", ""RNA::AMZ2P1"", ""RNA::CA9"", ""RNA::TMX2"", ""RNA::NUDT3""]",000010111000000001000000000000000001001000000000010010000000010000000000000000000010000000,928eb9b37fed06c93dcfb43b10025942fe963ea4305aac7499be83652fc3f198,235fa7c6ae94a49d9a274809bc5e2db8f50330713b3f280ac4b81da6cd8c3ca7,1,0.8601665815554975,"[0.8508012983690104, 0.8305822005928919, 0.8832298620992438, 0.8667716779896266, 0.869447868726715]",0.0201533410753774,0.0090128481236565,0.0140990211006195,0.0161267022948005,False,absolute_regret_exceeds_tolerance,False,{},,False,False,mean_jaccard > higher_locking_score > smaller_feature_count > stable_mask_hash,regret_constrained_medoid,absolute,0.01,0.01,1,macro_ovr_auroc,"{""candidate_seeds"": {""0"": 42, ""1"": 43, ""2"": 44, ""3"": 45, ""4"": 46}, ""locking_cv_seed"": 342, ""run_seed"": 46}",0.2.0,f4d17a07abba0e51ac2f0497b233ff630148c2a67bfcccdf45f8e38daa4a53ad,2,3,svm_l1,"[""RNA::LOC728643"", ""RNA::C15orf21"", ""RNA::MFSD2B"", ""RNA::SFRS4"", ""RNA::SUMO1P3"", ""RNA::ATP5EP2"", ""RNA::LSM14A"", ""RNA::AMZ2P1"", ""RNA::CA9"", ""RNA::TMX2"", ""RNA::NUDT3""]",0.038461538461538464,0.9615384615384616
1,12,"[""SCNV::KCTD15"", ""RNA::C3orf48"", ""RNA::NCF1C"", ""RNA::CT45A1"", ""RNA::OR8D1"", ""RNA::GCSH"", ""RNA::MSX2"", ""RNA::LOC341056"", ""RNA::SLCO1A2"", ""RNA::ST6GAL1"", ""RNA::PLEKHA4"", ""RNA::PPP2R5A""]",000100000000001100000000001101000000100000000000000000000100001000000000000000001000010100,e3a9fa0d86a9ecb4f83a9717bbdd8306a19ede084eea52d9ee02da6f0d222241,235fa7c6ae94a49d9a274809bc5e2db8f50330713b3f280ac4b81da6cd8c3ca7,1,0.8603298446080119,"[0.881016736259965, 0.8413127387646275, 0.8883183992511094, 0.8223328466823941, 0.8686685020819637]",0.0277770681125415,0.0124222825030569,0.0139357580481052,0.0159399592135008,False,absolute_regret_exceeds_tolerance,False,{},,False,False,mean_jaccard > higher_locking_score > smaller_feature_count > stable_mask_hash,regret_constrained_medoid,absolute,0.01,0.01,1,macro_ovr_auroc,"{""candidate_seeds"": {""0"": 42, ""1"": 43, ""2"": 44, ""3"": 45, ""4"": 46}, ""locking_cv_seed"": 342, ""run_seed"": 43}",0.2.0,f4d17a07abba0e51ac2f0497b233ff630148c2a67bfcccdf45f8e38daa4a53ad,2,3,svm_l1,"[""SCNV::KCTD15"", ""RNA::C3orf48"", ""RNA::NCF1C"", ""RNA::CT45A1"", ""RNA::OR8D1"", ""RNA::GCSH"", ""RNA::MSX2"", ""RNA::LOC341056"", ""RNA::SLCO1A2"", ""RNA::ST6GAL1"", ""RNA::PLEKHA4"", ""RNA::PPP2R5A""]",0.07692307692307693,0.9230769230769231
0,14,"[""RNA::SCN7A"", ""RNA::C3orf48"", ""RNA::MIA"", ""RNA::CDK11B"", ""RNA::PPIAL4C"", ""RNA::ATP5EP2"", ""RNA::HSPC072"", ""RNA::LHX5"", ""SCNV::PEX14"", ""RNA::LOC341056"", ""RNA::EEPD1"", ""RNA::OR4D11"", ""RNA::PLEKHA4"", ""RNA::KLHL4""]",000000000010001000110000010000000001000010000000000000011100000000000000000110000000011000,f25c34fef768c004c96fa7c8210e934d04cd0b365bdced6b6f1f7b086f9915aa,235fa7c6ae94a49d9a274809bc5e2db8f50330713b3f280ac4b81da6cd8c3ca7,1,0.85878438851164,"[0.8701872038694918, 0.8305732167768876, 0.8648552632369717, 0.8485111220688144, 0.879795136606034]",0.019427695871841,0.0086883297231257,0.0154812141444771,0.0177076784188277,False,absolute_regret_exceeds_tolerance,False,{},,False,False,mean_jaccard > higher_locking_score > smaller_feature_count > stable_mask_hash,regret_constrained_medoid,absolute,0.01,0.01,1,macro_ovr_auroc,"{""candidate_seeds"": {""0"": 42, ""1"": 43, ""2"": 44, ""3"": 45, ""4"": 46}, ""locking_cv_seed"": 342, ""run_seed"": 42}",0.2.0,f4d17a07abba0e51ac2f0497b233ff630148c2a67bfcccdf45f8e38daa4a53ad,2,3,svm_l1,"[""RNA::SCN7A"", ""RNA::C3orf48"", ""RNA::MIA"", ""RNA::CDK11B"", ""RNA::PPIAL4C"", ""RNA::ATP5EP2"", ""RNA::HSPC072"", ""RNA::LHX5"", ""SCNV::PEX14"", ""RNA::LOC341056"", ""RNA::EEPD1"", ""RNA::OR4D11"", ""RNA::PLEKHA4"", ""RNA::KLHL4""]",0.07142857142857142,0.9285714285714286
4,20,"[""SCNV::FFAR3"", ""RNA::EEF1A1P9"", ""SCNV::DAB1"", ""RNA::PPIAL4C"", ""RNA::PLSCR1"", ""RNA::CYP3A43"", ""RNA::HNRNPA3P1"", ""RNA::CCDC46"", ""RNA::OR5B2"", ""RNA::CPO"", ""RNA::HSD3B2"", ""RNA::GLIS1"", ""RNA::C2orf43"", ""RNA::GPR128"", ""RNA::RORA"", ""RNA::IHH"", ""RNA::C14orf143"", ""RNA::RPPH1"", ""RNA::RGS10"", ""RNA::SCML1""]",1001000001000011010001100100000100000011000000000000000100000011100000101000000000100001000000000000,692a8b3dc42630a2993e1b9fcda674c3196f64b3206d79b3db2c509a48ee9aa5,2a0e40bd34d59928d12d57414f7916f812fde3f29dd54ededcbd25a33cc21997,1,0.883559950812008,"[0.8894489314571282, 0.8808674018492264, 0.8893379663742558, 0.8674478595952956, 0.8906975947841332]",0.0098216701945447,0.0043923844415171,0.0,0.0,True,absolute_regret_within_tolerance,False,"{""0"": 0.14285714285714285, ""1"": 0.05263157894736842, ""2"": 0.14285714285714285}",0.112781954887218,False,False,mean_jaccard > higher_locking_score > smaller_feature_count > stable_mask_hash,regret_constrained_medoid,absolute,0.01,0.01,1,macro_ovr_auroc,"{""candidate_seeds"": {""0"": 42, ""1"": 43, ""2"": 44, ""3"": 45, ""4"": 46}, ""locking_cv_seed"": 342, ""run_seed"": 46}",0.2.0,f4d17a07abba0e51ac2f0497b233ff630148c2a67bfcccdf45f8e38daa4a53ad,2,3,xgboost,"[""SCNV::FFAR3"", ""RNA::EEF1A1P9"", ""SCNV::DAB1"", ""RNA::PPIAL4C"", ""RNA::PLSCR1"", ""RNA::CYP3A43"", ""RNA::HNRNPA3P1"", ""RNA::CCDC46"", ""RNA::OR5B2"", ""RNA::CPO"", ""RNA::HSD3B2"", ""RNA::GLIS1"", ""RNA::C2orf43"", ""RNA::GPR128"", ""RNA::RORA"", ""RNA::IHH"", ""RNA::C14orf143"", ""RNA::RPPH1"", ""RNA::RGS10"", ""RNA::SCML1""]",1.0,0.0
1,20,"[""RNA::TXLNA"", ""RNA::NEURL3"", ""SCNV::DAB1"", ""RNA::RPL13A"", ""SCNV::NEGR1"", ""RNA::ANGPTL2"", ""RNA::DRD2"", ""RNA::LDLRAD2"", ""RNA::MADD"", ""RNA::RDH16"", ""RNA::ZNF425"", ""RNA::ATP8B5P"", ""RNA::PTGER2"", ""RNA::TMEM87A"", ""RNA::FCRL3"", ""RNA::FAM124A"", ""RNA::SH3BP5"", ""RNA::SCML1"", ""RNA::CCDC107"", ""RNA::TP53I13""]",0000100101100000000100000000000010000000001001000101100000010000000001000010000010010011001000000001,75dfa38a71c7ffe2e6d3892f0496a6daa30854374fece3813333b65daee4b945,2a0e40bd34d59928d12d57414f7916f812fde3f29dd54ededcbd25a33cc21997,1,0.8799559023782155,"[0.8556043763857377, 0.8470658439920735, 0.887079447886138, 0.8970369752656705, 0.9129928683614581]",0.0278778668112091,0.0124673610515098,0.0036040484337924,0.0040790083689061,True,absolute_regret_within_tolerance,False,"{""0"": 0.08108108108108109, ""2"": 0.1111111111111111, ""4"": 0.05263157894736842}",0.0816079237131868,False,False,mean_jaccard > higher_locking_score > smaller_feature_count > stable_mask_hash,regret_constrained_medoid,absolute,0.01,0.01,1,macro_ovr_auroc,"{""candidate_seeds"": {""0"": 42, ""1"": 43, ""2"": 44, ""3"": 45, ""4"": 46}, ""locking_cv_seed"": 342, ""run_seed"": 43}",0.2.0,f4d17a07abba0e51ac2f0497b233ff630148c2a67bfcccdf45f8e38daa4a53ad,2,3,xgboost,"[""RNA::TXLNA"", ""RNA::NEURL3"", ""SCNV::DAB1"", ""RNA::RPL13A"", ""SCNV::NEGR1"", ""RNA::ANGPTL2"", ""RNA::DRD2"", ""RNA::LDLRAD2"", ""RNA::MADD"", ""RNA::RDH16"", ""RNA::ZNF425"", ""RNA::ATP8B5P"", ""RNA::PTGER2"", ""RNA::TMEM87A"", ""RNA::FCRL3"", ""RNA::FAM124A"", ""RNA::SH3BP5"", ""RNA::SCML1"", ""RNA::CCDC107"", ""RNA::TP53I13""]",0.05263157894736842,0.9473684210526316
2,20,"[""SCNV::DAB1"", ""RNA::THRAP3"", ""RNA::ANGEL2"", ""RNA::CYP3A43"", ""RNA::HNRNPA3P1"", ""RNA::C12orf59"", ""RNA::LOC90784"", ""RNA::ALG12"", ""RNA::SECISBP2"", ""RNA::HSD3B2"", ""RNA::ACAP3"", ""RNA::C6orf142"", ""RNA::IHH"", ""RNA::PTGER2"", ""RNA::MASTL"", ""RNA::FAM124A"", ""RNA::ARHGEF3"", ""RNA::PCDHB8"", ""RNA::PAPPA2"", ""RNA::TP53I13""]",0000000001011000010001011010000000001010000000000010000000000100100001000000010000010000110000010001,7d1fbcd1a27fde9fdc5f41e93b84e3640cacc08dc4df47d63645bcced3f7000a,2a0e40bd34d59928d12d57414f7916f812fde3f29dd54ededcbd25a33cc21997,1,0.8790895382636794,"[0.8774697244494107, 0.862151148724563, 0.8893000904798756, 0.8805982449411937, 0.8859284827233544]",0.0105218293406221,0.0047055051306565,0.0044704125483285,0.0050595463773795,True,absolute_regret_within_tolerance,False,"{""0"": 0.17647058823529413, ""1"": 0.1111111111111111, ""4"": 0.14285714285714285}",0.1434796140678493,True,True,mean_jaccard > higher_locking_score > smaller_feature_count > stable_mask_hash,regret_constrained_medoid,absolute,0.01,0.01,1,macro_ovr_auroc,"{""candidate_seeds"": {""0"": 42, ""1"": 43, ""2"": 44, ""3"": 45, ""4"": 46}, ""locking_cv_seed"": 342, ""run_seed"": 44}",0.2.0,f4d17a07abba0e51ac2f0497b233ff630148c2a67bfcccdf45f8e38daa4a53ad,2,3,xgboost,"[""SCNV::DAB1"", ""RNA::THRAP3"", ""RNA::ANGEL2"", ""RNA::CYP3A43"", ""RNA::HNRNPA3P1"", ""RNA::C12orf59"", ""RNA::LOC90784"", ""RNA::ALG12"", ""RNA::SECISBP2"", ""RNA::HSD3B2"", ""RNA::ACAP3"", ""RNA::C6orf142"", ""RNA::IHH"", ""RNA::PTGER2"", ""RNA::MASTL"", ""RNA::FAM124A"", ""RNA::ARHGEF3"", ""RNA::PCDHB8"", ""RNA::PAPPA2"", ""RNA::TP53I13""]",0.14285714285714285,0.8571428571428572
0,20,"[""RNA::TXLNA"", ""RNA::ERP44"", ""RNA::ZNF426"", ""RNA::ANGEL2"", ""RNA::PLSCR1"", ""RNA::B3GNT7"", ""RNA::ALG12"", ""RNA::LOC162632"", ""RNA::C18orf2"", ""RNA::HSD3B2"", ""RNA::GLIS1"", ""RNA::RDH16"", ""RNA::ZNF697"", ""RNA::ATP8B5P"", ""RNA::RORA"", ""RNA::IHH"", ""RNA::RTF1"", ""RNA::ARHGEF3"", ""RNA::PAPPA2"", ""SCNV::PEX14""]",0000101010001001100000000010001000000111000000000001000001010001100000000000000001000000100000011000,81a377c192ff14933462fdee7aaf51aecd0aea544083907630713f342380c8ef,2a0e40bd34d59928d12d57414f7916f812fde3f29dd54ededcbd25a33cc21997,1,0.8812067262446617,"[0.895380244409111, 0.8516555405142362, 0.8816224015461229, 0.8719510190664037, 0.9054244256874349]",0.0208955680878654,0.0093447821345884,0.0023532245673463,0.0026633445361389,True,absolute_regret_within_tolerance,False,"{""1"": 0.08108108108108109, ""2"": 0.17647058823529413, ""4"": 0.14285714285714285}",0.1334696040578393,False,False,mean_jaccard > higher_locking_score > smaller_feature_count > stable_mask_hash,regret_constrained_medoid,absolute,0.01,0.01,1,macro_ovr_auroc,"{""candidate_seeds"": {""0"": 42, ""1"": 43, ""2"": 44, ""3"": 45, ""4"": 46}, ""locking_cv_seed"": 342, ""run_seed"": 42}",0.2.0,f4d17a07abba0e51ac2f0497b233ff630148c2a67bfcccdf45f8e38daa4a53ad,2,3,xgboost,"[""RNA::TXLNA"", ""RNA::ERP44"", ""RNA::ZNF426"", ""RNA::ANGEL2"", ""RNA::PLSCR1"", ""RNA::B3GNT7"", ""RNA::ALG12"", ""RNA::LOC162632"", ""RNA::C18orf2"", ""RNA::HSD3B2"", ""RNA::GLIS1"", ""RNA::RDH16"", ""RNA::ZNF697"", ""RNA::ATP8B5P"", ""RNA::RORA"", ""RNA::IHH"", ""RNA::RTF1"", ""RNA::ARHGEF3"", ""RNA::PAPPA2"", ""SCNV::PEX14""]",0.14285714285714285,0.8571428571428572
3,20,"[""RNA::ANGEL2"", ""RNA::B3GNT7"", ""RNA::CCDC46"", ""RNA::C18orf2"", ""RNA::HSD3B2"", ""RNA::PSMG3"", ""RNA::LDLRAD2"", ""RNA::L3MBTL3"", ""RNA::KLHL15"", ""RNA::ZNF697"", ""RNA::ATP8B5P"", ""RNA::C6orf142"", ""RNA::IHH"", ""RNA::CLUAP1"", ""RNA::PTGER2"", ""RNA::DDOST"", ""RNA::AZIN1"", ""RNA::MASTL"", ""RNA::SCML1"", ""RNA::TP53I13""]",0000000000001000100000100000000000000110100001100000001001010100100011010001010000000001000000000001,e029872ff76c6125a28562f239bf369214f13d155fec34d439bc13bae7991b0c,2a0e40bd34d59928d12d57414f7916f812fde3f29dd54ededcbd25a33cc21997,1,0.8666877387846201,"[0.8706238028226625, 0.8464633922004683, 0.8692832485228965, 0.8638927697421287, 0.8831754806349451]",0.0133314566809144,0.0059620086755236,0.0168722120273878,0.0190957184194258,False,absolute_regret_exceeds_tolerance,False,{},,False,False,mean_jaccard > higher_locking_score > smaller_feature_count > stable_mask_hash,regret_constrained_medoid,absolute,0.01,0.01,1,macro_ovr_auroc,"{""candidate_seeds"": {""0"": 42, ""1"": 43, ""2"": 44, ""3"": 45, ""4"": 46}, ""locking_cv_seed"": 342, ""run_seed"": 45}",0.2.0,f4d17a07abba0e51ac2f0497b233ff630148c2a67bfcccdf45f8e38daa4a53ad,2,3,xgboost,"[""RNA::ANGEL2"", ""RNA::B3GNT7"", ""RNA::CCDC46"", ""RNA::C18orf2"", ""RNA::HSD3B2"", ""RNA::PSMG3"", ""RNA::LDLRAD2"", ""RNA::L3MBTL3"", ""RNA::KLHL15"", ""RNA::ZNF697"", ""RNA::ATP8B5P"", ""RNA::C6orf142"", ""RNA::IHH"", ""RNA::CLUAP1"", ""RNA::PTGER2"", ""RNA::DDOST"", ""RNA::AZIN1"", ""RNA::MASTL"", ""RNA::SCML1"", ""RNA::TP53I13""]",0.1111111111111111,0.8888888888888888
4,17,"[""RNA::ASAP3"", ""RNA::ATP5EP2"", ""RNA::C15orf21"", ""RNA::GGTLC1"", ""RNA::LOC643387"", ""RNA::NALCN"", ""RNA::OSTC"", ""RNA::PPIAL4C"", ""RNA::PVT1"", ""RNA::REXO2"", ""RNA::RPL23P8"", ""RNA::RPS27A"", ""RNA::SPCS2"", ""RNA::SPTAN1"", ""RNA::TARSL2"", ""RNA::TUBA1C"", ""RNA::ZNF207""]",0011000000001000000000000000000010000000000000100000000000101000001010010000110000110010000100000001,06d2d8cdb23cdf92d3bc8b0dc40de6693a6aaedb5883ae67a477ffc1d9478fea,229886fe7c1d787a066b96df36256a683ce45d1c6df2c1144b9cfdb7ef54a967,1,0.8607752467199197,"[0.8629191063483652, 0.8161111586138314, 0.8693821838466932, 0.8721480294396962, 0.8833157553510118]",0.0260334927703655,0.0116425319052573,0.0057095844287218,0.0065893645491208,True,absolute_regret_within_tolerance,False,"{""0"": 0.16, ""1"": 0.05714285714285714}",0.1085714285714285,False,False,mean_jaccard > higher_locking_score > smaller_feature_count > stable_mask_hash,regret_constrained_medoid,absolute,0.01,0.01,1,macro_ovr_auroc,"{""candidate_seeds"": {""0"": 42, ""1"": 43, ""2"": 44, ""3"": 45, ""4"": 46}, ""locking_cv_seed"": 342, ""run_seed"": 46}",0.2.0,f4d17a07abba0e51ac2f0497b233ff630148c2a67bfcccdf45f8e38daa4a53ad,2,3,boruta_rf,"[""RNA::ASAP3"", ""RNA::ATP5EP2"", ""RNA::C15orf21"", ""RNA::GGTLC1"", ""RNA::LOC643387"", ""RNA::NALCN"", ""RNA::OSTC"", ""RNA::PPIAL4C"", ""RNA::PVT1"", ""RNA::REXO2"", ""RNA::RPL23P8"", ""RNA::RPS27A"", ""RNA::SPCS2"", ""RNA::SPTAN1"", ""RNA::TARSL2"", ""RNA::TUBA1C"", ""RNA::ZNF207""]",0.05714285714285714,0.9428571428571428
3,18,"[""RNA::ASAP3"", ""RNA::ATP8B5P"", ""RNA::CCDC109B"", ""RNA::DOCK7"", ""RNA::EEF1A1P9"", ""RNA::EIF3A"", ""RNA::GBAP1"", ""RNA::LOC442454"", ""RNA::LOC541471"", ""RNA::LOC644936"", ""RNA::NACA2"", ""RNA::NCRNA00152"", ""RNA::PCBP3"", ""RNA::PVT1"", ""RNA::RAB6C"", ""RNA::RPL23P8"", ""RNA::SPCS2"", ""RNA::TUBA1C""]",0010010000000010000001000110001000000000000011010000000010010001000011000000100000100000000100000000,16da8875ae381e921231c0ba8bbf33d7f6af3bd2b076f8c2531436953939a833,229886fe7c1d787a066b96df36256a683ce45d1c6df2c1144b9cfdb7ef54a967,1,0.8541527582768808,"[0.8344766531019203, 0.8307497745977789, 0.8728425448520652, 0.8563422273358171, 0.8763525914968222]",0.021105587245559,0.0094387055572245,0.0123320728717607,0.0142323009341236,False,absolute_regret_exceeds_tolerance,False,{},,False,False,mean_jaccard > higher_locking_score > smaller_feature_count > stable_mask_hash,regret_constrained_medoid,absolute,0.01,0.01,1,macro_ovr_auroc,"{""candidate_seeds"": {""0"": 42, ""1"": 43, ""2"": 44, ""3"": 45, ""4"": 46}, ""locking_cv_seed"": 342, ""run_seed"": 45}",0.2.0,f4d17a07abba0e51ac2f0497b233ff630148c2a67bfcccdf45f8e38daa4a53ad,2,3,boruta_rf,"[""RNA::ASAP3"", ""RNA::ATP8B5P"", ""RNA::CCDC109B"", ""RNA::DOCK7"", ""RNA::EEF1A1P9"", ""RNA::EIF3A"", ""RNA::GBAP1"", ""RNA::LOC442454"", ""RNA::LOC541471"", ""RNA::LOC644936"", ""RNA::NACA2"", ""RNA::NCRNA00152"", ""RNA::PCBP3"", ""RNA::PVT1"", ""RNA::RAB6C"", ""RNA::RPL23P8"", ""RNA::SPCS2"", ""RNA::TUBA1C""]",0.15151515151515152,0.8484848484848485
2,18,"[""RNA::ASAP3"", ""RNA::BAGE2"", ""RNA::BRD7"", ""RNA::CKLF"", ""RNA::CPEB3"", ""RNA::EIF3A"", ""RNA::FAM71D"", ""RNA::LOC407835"", ""RNA::LOC643387"", ""RNA::LOC728643"", ""RNA::LRRTM4"", ""RNA::MFSD2B"", ""RNA::MPRIP"", ""RNA::RPL12"", ""RNA::SPTAN1"", ""RNA::TOP1P2"", ""RNA::WDR77"", ""RNA::ZMYND17""]",0010001100000000011000000011000000000000000100101010001100000000000000001000000000010000010000001010,7377e52677b04bc9c0204424e12e4772324e35dddc6d3a661441c7701a6701dd,229886fe7c1d787a066b96df36256a683ce45d1c6df2c1144b9cfdb7ef54a967,1,0.8459184755743362,"[0.8317463617267609, 0.7986414167588437, 0.8658899854624887, 0.8542547848637592, 0.879059829059829]",0.0316333434519023,0.0141468612628103,0.0205663555743053,0.0237353902053217,False,absolute_regret_exceeds_tolerance,False,{},,False,False,mean_jaccard > higher_locking_score > smaller_feature_count > stable_mask_hash,regret_constrained_medoid,absolute,0.01,0.01,1,macro_ovr_auroc,"{""candidate_seeds"": {""0"": 42, ""1"": 43, ""2"": 44, ""3"": 45, ""4"": 46}, ""locking_cv_seed"": 342, ""run_seed"": 44}",0.2.0,f4d17a07abba0e51ac2f0497b233ff630148c2a67bfcccdf45f8e38daa4a53ad,2,3,boruta_rf,"[""RNA::ASAP3"", ""RNA::BAGE2"", ""RNA::BRD7"", ""RNA::CKLF"", ""RNA::CPEB3"", ""RNA::EIF3A"", ""RNA::FAM71D"", ""RNA::LOC407835"", ""RNA::LOC643387"", ""RNA::LOC728643"", ""RNA::LRRTM4"", ""RNA::MFSD2B"", ""RNA::MPRIP"", ""RNA::RPL12"", ""RNA::SPTAN1"", ""RNA::TOP1P2"", ""RNA::WDR77"", ""RNA::ZMYND17""]",0.05555555555555555,0.9444444444444444
0,12,"[""RNA::C10orf4"", ""RNA::C15orf21"", ""RNA::CEP170L"", ""RNA::CTCFL"", ""RNA::DDOST"", ""RNA::FAM90A7"", ""RNA::LOC643387"", ""RNA::LSM14A"", ""RNA::NALCN"", ""RNA::REXO2"", ""RNA::RPL13AP3"", ""RNA::RPL13A""]",0000000001001000100110000000100000000000000000100001000000100000000000010110000000000000000000000000,cc1eae8d6e9d39bbc678cde5c89aad577a106b8f2f8638c05f8167e6d90939db,229886fe7c1d787a066b96df36256a683ce45d1c6df2c1144b9cfdb7ef54a967,1,0.8654822554230173,"[0.8800562566376893, 0.828807702025806, 0.8554779744527596, 0.8847265596464314, 0.8783427843523997]",0.0234160546709347,0.0104719780018123,0.0010025757256242,0.0011570609081467,True,absolute_regret_within_tolerance,False,"{""1"": 0.06666666666666667, ""4"": 0.16}",0.1133333333333333,True,True,mean_jaccard > higher_locking_score > smaller_feature_count > stable_mask_hash,regret_constrained_medoid,absolute,0.01,0.01,1,macro_ovr_auroc,"{""candidate_seeds"": {""0"": 42, ""1"": 43, ""2"": 44, ""3"": 45, ""4"": 46}, ""locking_cv_seed"": 342, ""run_seed"": 42}",0.2.0,f4d17a07abba0e51ac2f0497b233ff630148c2a67bfcccdf45f8e38daa4a53ad,2,3,boruta_rf,"[""RNA::C10orf4"", ""RNA::C15orf21"", ""RNA::CEP170L"", ""RNA::CTCFL"", ""RNA::DDOST"", ""RNA::FAM90A7"", ""RNA::LOC643387"", ""RNA::LSM14A"", ""RNA::NALCN"", ""RNA::REXO2"", ""RNA::RPL13AP3"", ""RNA::RPL13A""]",0.06666666666666667,0.9333333333333333
1,20,"[""RNA::C14orf19"", ""RNA::CASP6"", ""RNA::CEP170L"", ""RNA::DYNC1H1"", ""RNA::GBAP1"", ""RNA::GCSH"", ""RNA::HNRNPA3P1"", ""RNA::LOC442454"", ""RNA::LOC643387"", ""RNA::LOC644936"", ""RNA::MPRIP"", ""RNA::PAIP1"", ""RNA::PVT1"", ""RNA::RAB6C"", ""RNA::RRM2"", ""RNA::SLC6A10P"", ""RNA::SNRNP40"", ""RNA::SYNPO2"", ""RNA::TXLNA"", ""RNA::WBP11P1""]",0000000000010100100000010000001100000100000010110000000100000010000011000000001011000100000010010000,d24fc7ac23591c67f7cbf167dfd850b358fcd427610391877730ddb529e60006,229886fe7c1d787a066b96df36256a683ce45d1c6df2c1144b9cfdb7ef54a967,1,0.8664848311486415,"[0.8802393324845214, 0.8445920310451672, 0.8504953964943279, 0.8613177094747608, 0.8957796862444298]",0.0212663508000896,0.0095106012044714,0.0,0.0,True,absolute_regret_within_tolerance,False,"{""0"": 0.06666666666666667, ""4"": 0.05714285714285714}",0.0619047619047619,False,False,mean_jaccard > higher_locking_score > smaller_feature_count > stable_mask_hash,regret_constrained_medoid,absolute,0.01,0.01,1,macro_ovr_auroc,"{""candidate_seeds"": {""0"": 42, ""1"": 43, ""2"": 44, ""3"": 45, ""4"": 46}, ""locking_cv_seed"": 342, ""run_seed"": 43}",0.2.0,f4d17a07abba0e51ac2f0497b233ff630148c2a67bfcccdf45f8e38daa4a53ad,2,3,boruta_rf,"[""RNA::C14orf19"", ""RNA::CASP6"", ""RNA::CEP170L"", ""RNA::DYNC1H1"", ""RNA::GBAP1"", ""RNA::GCSH"", ""RNA::HNRNPA3P1"", ""RNA::LOC442454"", ""RNA::LOC643387"", ""RNA::LOC644936"", ""RNA::MPRIP"", ""RNA::PAIP1"", ""RNA::PVT1"", ""RNA::RAB6C"", ""RNA::RRM2"", ""RNA::SLC6A10P"", ""RNA::SNRNP40"", ""RNA::SYNPO2"", ""RNA::TXLNA"", ""RNA::WBP11P1""]",1.0,0.0
3,15,"[""RNA::FTHL3"", ""RNA::LOC643387"", ""RNA::MFSD2B"", ""SCNV::LINC00662"", ""RNA::ID2B"", ""RNA::ACSM2A"", ""RNA::ADAM2"", ""RNA::PMP2"", ""RNA::HCG22"", ""RNA::SLC17A8"", ""RNA::C14orf105"", ""RNA::GAPT"", ""RNA::HIST1H4H"", ""RNA::HTN3"", ""RNA::PRRG2""]",10101101011000000001000000000000110000000100000000110000000000100000001,81528dab7e3704480d309bceb5550af7bb7c8efb97999fc57d981a1019b9161d,5eb1cc752f548084c3a0c74f43eec7c1d39699f1c22ea10bd5f2c8a39d4810d3,1,0.8793975954397206,"[0.9155924835208782, 0.8873691100615548, 0.8523919052028461, 0.8872787913653297, 0.8543556870479947]",0.0264203174605316,0.0118155251657746,0.0069146914118258,0.0078016422816262,True,absolute_regret_within_tolerance,False,"{""0"": 0.15384615384615385, ""1"": 0.1111111111111111, ""2"": 0.07142857142857142}",0.1121286121286121,False,False,mean_jaccard > higher_locking_score > smaller_feature_count > stable_mask_hash,regret_constrained_medoid,absolute,0.01,0.01,1,macro_ovr_auroc,"{""candidate_seeds"": {""0"": 42, ""1"": 43, ""2"": 44, ""3"": 45, ""4"": 46}, ""locking_cv_seed"": 342, ""run_seed"": 45}",0.2.0,f4d17a07abba0e51ac2f0497b233ff630148c2a67bfcccdf45f8e38daa4a53ad,2,4,svm_l1,"[""RNA::FTHL3"", ""RNA::LOC643387"", ""RNA::MFSD2B"", ""SCNV::LINC00662"", ""RNA::ID2B"", ""RNA::ACSM2A"", ""RNA::ADAM2"", ""RNA::PMP2"", ""RNA::HCG22"", ""RNA::SLC17A8"", ""RNA::C14orf105"", ""RNA::GAPT"", ""RNA::HIST1H4H"", ""RNA::HTN3"", ""RNA::PRRG2""]",0.1111111111111111,0.8888888888888888
4,15,"[""RNA::LOC728643"", ""RNA::ACSM2A"", ""RNA::OR8D1"", ""RNA::HNRNPA3P1"", ""RNA::SLC17A8"", ""RNA::FHL3"", ""RNA::WLS"", ""RNA::SCP2"", ""RNA::RGAG4"", ""RNA::GAPT"", ""RNA::CYTL1"", ""RNA::TMEM178"", ""RNA::CLIC6"", ""RNA::NCF1C"", ""RNA::CSTF1""]",00010000010000001000000000010000011001000000010010100010100100010000100,81a23311015dfc81750f2323e942467d80ebe1433eec3c947a1f1da353eeeacd,5eb1cc752f548084c3a0c74f43eec7c1d39699f1c22ea10bd5f2c8a39d4810d3,1,0.8727111885198019,"[0.8924629182207282, 0.8693324993886292, 0.8500152824591528, 0.8926345971217766, 0.8591106454087224]",0.0193556677847532,0.0086561177833222,0.0136010983317446,0.0153457179072399,False,absolute_regret_exceeds_tolerance,False,{},,False,False,mean_jaccard > higher_locking_score > smaller_feature_count > stable_mask_hash,regret_constrained_medoid,absolute,0.01,0.01,1,macro_ovr_auroc,"{""candidate_seeds"": {""0"": 42, ""1"": 43, ""2"": 44, ""3"": 45, ""4"": 46}, ""locking_cv_seed"": 342, ""run_seed"": 46}",0.2.0,f4d17a07abba0e51ac2f0497b233ff630148c2a67bfcccdf45f8e38daa4a53ad,2,4,svm_l1,"[""RNA::LOC728643"", ""RNA::ACSM2A"", ""RNA::OR8D1"", ""RNA::HNRNPA3P1"", ""RNA::SLC17A8"", ""RNA::FHL3"", ""RNA::WLS"", ""RNA::SCP2"", ""RNA::RGAG4"", ""RNA::GAPT"", ""RNA::CYTL1"", ""RNA::TMEM178"", ""RNA::CLIC6"", ""RNA::NCF1C"", ""RNA::CSTF1""]",0.15384615384615385,0.8461538461538461
0,15,"[""RNA::MFSD2B"", ""RNA::NACAP1"", ""RNA::LEKR1"", ""RNA::ACSM2A"", ""RNA::TMEM149"", ""RNA::SUMO1P3"", ""RNA::HAPLN1"", ""RNA::ABCG1"", ""RNA::LOC100288778"", ""RNA::HSPBAP1"", ""RNA::PLEKHA4"", ""RNA::HIST1H4H"", ""RNA::PRUNE"", ""RNA::CLIC6"", ""RNA::PRRG2""]",00001010110000100100100100000000000000000000101100010000001100000000001,e1053fe1d5ed8885b2a29cd7c4bce0da9626dccbeec738e2a114d2c43cb4056e,5eb1cc752f548084c3a0c74f43eec7c1d39699f1c22ea10bd5f2c8a39d4810d3,1,0.8783619011912387,"[0.8772170868791653, 0.8830147786402242, 0.8606125863788017, 0.9069558587186792, 0.8640091953393235]",0.0184500177305339,0.00825109876631,0.0079503856603078,0.008970185540979,True,absolute_regret_within_tolerance,False,"{""1"": 0.07142857142857142, ""2"": 0.25, ""3"": 0.15384615384615385}",0.1584249084249084,False,False,mean_jaccard > higher_locking_score > smaller_feature_count > stable_mask_hash,regret_constrained_medoid,absolute,0.01,0.01,1,macro_ovr_auroc,"{""candidate_seeds"": {""0"": 42, ""1"": 43, ""2"": 44, ""3"": 45, ""4"": 46}, ""locking_cv_seed"": 342, ""run_seed"": 42}",0.2.0,f4d17a07abba0e51ac2f0497b233ff630148c2a67bfcccdf45f8e38daa4a53ad,2,4,svm_l1,"[""RNA::MFSD2B"", ""RNA::NACAP1"", ""RNA::LEKR1"", ""RNA::ACSM2A"", ""RNA::TMEM149"", ""RNA::SUMO1P3"", ""RNA::HAPLN1"", ""RNA::ABCG1"", ""RNA::LOC100288778"", ""RNA::HSPBAP1"", ""RNA::PLEKHA4"", ""RNA::HIST1H4H"", ""RNA::PRUNE"", ""RNA::CLIC6"", ""RNA::PRRG2""]",0.07142857142857142,0.9285714285714286
1,15,"[""SCNV::LINC00662"", ""RNA::ADAM2"", ""RNA::CARD8"", ""RNA::OR8D1"", ""RNA::FOXD3"", ""RNA::PMP2"", ""RNA::ABCG1"", ""RNA::GCSH"", ""RNA::HNRNPA3P1"", ""RNA::OR5B12"", ""RNA::CCDC102A"", ""RNA::SRXN1"", ""RNA::CYTL1"", ""RNA::PRUNE"", ""RNA::NCF1C""]",00000100001000011011000101010000000010001000000000000110001000010000000,f2ed553f77b2791eccc013ac0c8dd8f099feb98a62fc233a6f9e3cef4e7e3fe1,5eb1cc752f548084c3a0c74f43eec7c1d39699f1c22ea10bd5f2c8a39d4810d3,1,0.8863122868515465,"[0.9038776601701903, 0.9079668335281307, 0.8328999707296214, 0.9031071937321938, 0.8837097760975965]",0.0313016740944241,0.0139985342169353,0.0,0.0,True,absolute_regret_within_tolerance,False,"{""0"": 0.07142857142857142, ""2"": 0.2, ""3"": 0.1111111111111111}",0.1275132275132275,False,False,mean_jaccard > higher_locking_score > smaller_feature_count > stable_mask_hash,regret_constrained_medoid,absolute,0.01,0.01,1,macro_ovr_auroc,"{""candidate_seeds"": {""0"": 42, ""1"": 43, ""2"": 44, ""3"": 45, ""4"": 46}, ""locking_cv_seed"": 342, ""run_seed"": 43}",0.2.0,f4d17a07abba0e51ac2f0497b233ff630148c2a67bfcccdf45f8e38daa4a53ad,2,4,svm_l1,"[""SCNV::LINC00662"", ""RNA::ADAM2"", ""RNA::CARD8"", ""RNA::OR8D1"", ""RNA::FOXD3"", ""RNA::PMP2"", ""RNA::ABCG1"", ""RNA::GCSH"", ""RNA::HNRNPA3P1"", ""RNA::OR5B12"", ""RNA::CCDC102A"", ""RNA::SRXN1"", ""RNA::CYTL1"", ""RNA::PRUNE"", ""RNA::NCF1C""]",1.0,0.0
2,15,"[""RNA::LEKR1"", ""RNA::ACSM2A"", ""RNA::ADAM2"", ""RNA::OR8D1"", ""RNA::SUMO1P3"", ""RNA::FOXD3"", ""RNA::ABCG1"", ""RNA::HNRNPA3P1"", ""RNA::ZNF263"", ""RNA::AK2"", ""RNA::FHL3"", ""RNA::FOXG1"", ""RNA::HSPBAP1"", ""RNA::PLEKHA4"", ""RNA::LOC100133050""]",00000000111000001110000100010110001100000000001100001000000000000000000,fbcda5a2b120141cddf867480d0bb6b294655c8d30287f5ca9ce149133af5189,5eb1cc752f548084c3a0c74f43eec7c1d39699f1c22ea10bd5f2c8a39d4810d3,1,0.8802170668532409,"[0.8933192931981846, 0.8992040320889216, 0.8436236917170631, 0.9238498977281029, 0.8410884195339323]",0.0364215707346116,0.0162882216019817,0.0060952199983056,0.0068770568666691,True,absolute_regret_within_tolerance,False,"{""0"": 0.25, ""1"": 0.2, ""3"": 0.07142857142857142}",0.1738095238095237,True,True,mean_jaccard > higher_locking_score > smaller_feature_count > stable_mask_hash,regret_constrained_medoid,absolute,0.01,0.01,1,macro_ovr_auroc,"{""candidate_seeds"": {""0"": 42, ""1"": 43, ""2"": 44, ""3"": 45, ""4"": 46}, ""locking_cv_seed"": 342, ""run_seed"": 44}",0.2.0,f4d17a07abba0e51ac2f0497b233ff630148c2a67bfcccdf45f8e38daa4a53ad,2,4,svm_l1,"[""RNA::LEKR1"", ""RNA::ACSM2A"", ""RNA::ADAM2"", ""RNA::OR8D1"", ""RNA::SUMO1P3"", ""RNA::FOXD3"", ""RNA::ABCG1"", ""RNA::HNRNPA3P1"", ""RNA::ZNF263"", ""RNA::AK2"", ""RNA::FHL3"", ""RNA::FOXG1"", ""RNA::HSPBAP1"", ""RNA::PLEKHA4"", ""RNA::LOC100133050""]",0.2,0.8
1,20,"[""RNA::NADK"", ""RNA::DNALI1"", ""RNA::ASAP3"", ""RNA::MGC45800"", ""RNA::RPS27L"", ""RNA::NAPB"", ""RNA::WLS"", ""RNA::ZFP36"", ""RNA::GLIS2"", ""RNA::TOP1P2"", ""RNA::ETNK1"", ""RNA::INPP1"", ""RNA::SEPT9"", ""RNA::MRPL35"", ""RNA::ALKBH3"", ""RNA::LBX1"", ""RNA::CRLS1"", ""RNA::ZXDB"", ""RNA::IFNE"", ""RNA::MAK16""]",0010000000010010010011000000000001100001001010000100000000000010001110000001000000000000110000001000,6fa38125f4dcc6eed2550bcf815b095eac7bc85c5a4e8c857ebe4d02215b894b,050ee1d8cb13a9508d08c1e5b81dd499abd819956af16540f6231190e0b90fcb,1,0.851139477996284,"[0.8784872055634505, 0.8567781649793409, 0.8371393074930138, 0.8499402026315676, 0.8333525093140478]",0.0179827158989177,0.0080421150340092,0.0167576849304715,0.0193083762066472,False,absolute_regret_exceeds_tolerance,False,{},,False,False,mean_jaccard > higher_locking_score > smaller_feature_count > stable_mask_hash,regret_constrained_medoid,absolute,0.01,0.01,1,macro_ovr_auroc,"{""candidate_seeds"": {""0"": 42, ""1"": 43, ""2"": 44, ""3"": 45, ""4"": 46}, ""locking_cv_seed"": 342, ""run_seed"": 43}",0.2.0,f4d17a07abba0e51ac2f0497b233ff630148c2a67bfcccdf45f8e38daa4a53ad,2,4,xgboost,"[""RNA::NADK"", ""RNA::DNALI1"", ""RNA::ASAP3"", ""RNA::MGC45800"", ""RNA::RPS27L"", ""RNA::NAPB"", ""RNA::WLS"", ""RNA::ZFP36"", ""RNA::GLIS2"", ""RNA::TOP1P2"", ""RNA::ETNK1"", ""RNA::INPP1"", ""RNA::SEPT9"", ""RNA::MRPL35"", ""RNA::ALKBH3"", ""RNA::LBX1"", ""RNA::CRLS1"", ""RNA::ZXDB"", ""RNA::IFNE"", ""RNA::MAK16""]",0.10810810810810811,0.8918918918918919
4,19,"[""RNA::SUSD3"", ""RNA::ASAP3"", ""RNA::B3GNT5"", ""RNA::PHC1"", ""RNA::PDCD6"", ""RNA::PID1"", ""RNA::ZNF667"", ""RNA::GLIS2"", ""RNA::PSMA8"", ""RNA::TOP1P2"", ""RNA::ETNK1"", ""RNA::KLHL12"", ""RNA::OAT"", ""RNA::GPX3"", ""RNA::NAA15"", ""RNA::CYP21A2"", ""RNA::PCBP3"", ""RNA::ENPP7"", ""RNA::IRS4""]",0000100000000010000100010100000010000011011010000001000001000000100000010110000010000000000000000100,9c498447ae2c53f531db23f63483dc59f03d89ea55de6655ac367354d14f00c0,050ee1d8cb13a9508d08c1e5b81dd499abd819956af16540f6231190e0b90fcb,1,0.8374084296205121,"[0.8349876263888018, 0.8496075011669222, 0.8471458824496958, 0.8227270822859059, 0.8325740558112352]",0.0110499858842538,0.0049417039175209,0.0304887333062434,0.0351294307766005,False,absolute_regret_exceeds_tolerance,False,{},,False,False,mean_jaccard > higher_locking_score > smaller_feature_count > stable_mask_hash,regret_constrained_medoid,absolute,0.01,0.01,1,macro_ovr_auroc,"{""candidate_seeds"": {""0"": 42, ""1"": 43, ""2"": 44, ""3"": 45, ""4"": 46}, ""locking_cv_seed"": 342, ""run_seed"": 46}",0.2.0,f4d17a07abba0e51ac2f0497b233ff630148c2a67bfcccdf45f8e38daa4a53ad,2,4,xgboost,"[""RNA::SUSD3"", ""RNA::ASAP3"", ""RNA::B3GNT5"", ""RNA::PHC1"", ""RNA::PDCD6"", ""RNA::PID1"", ""RNA::ZNF667"", ""RNA::GLIS2"", ""RNA::PSMA8"", ""RNA::TOP1P2"", ""RNA::ETNK1"", ""RNA::KLHL12"", ""RNA::OAT"", ""RNA::GPX3"", ""RNA::NAA15"", ""RNA::CYP21A2"", ""RNA::PCBP3"", ""RNA::ENPP7"", ""RNA::IRS4""]",0.08108108108108109,0.9189189189189189
0,21,"[""RNA::KIAA1409"", ""RNA::NADK"", ""RNA::VPS53"", ""RNA::C10orf75"", ""RNA::RPS27L"", ""RNA::ANKRD31"", ""RNA::PSMA8"", ""RNA::TOP1P2"", ""RNA::FAM98B"", ""RNA::PLCB4"", ""RNA::CCDC41"", ""RNA::FTHL3"", ""RNA::SEPT9"", ""RNA::SUPT5H"", ""RNA::GPX3"", ""RNA::CALHM1"", ""RNA::TRIP10"", ""RNA::ABCA12"", ""RNA::NUDT11"", ""RNA::ABCA9"", ""SCNV::snoU13|ENSG00000238506.1""]",1010000000001000100010000000000000001000011000001000001110000011100000000000100001000101001000000010,a3500dedd3b9713b594274273fbfce87ad68673e8163b20ee022a4b5bad51962,050ee1d8cb13a9508d08c1e5b81dd499abd819956af16540f6231190e0b90fcb,1,0.8678971629267556,"[0.9063178508778571, 0.8748845158102108, 0.8398840944502027, 0.8696213656950836, 0.8487779878004238]",0.0258757613468837,0.0115719922682387,0.0,0.0,True,absolute_regret_within_tolerance,False,"{""3"": 0.14285714285714285}",0.1428571428571428,True,True,mean_jaccard > higher_locking_score > smaller_feature_count > stable_mask_hash,regret_constrained_medoid,absolute,0.01,0.01,1,macro_ovr_auroc,"{""candidate_seeds"": {""0"": 42, ""1"": 43, ""2"": 44, ""3"": 45, ""4"": 46}, ""locking_cv_seed"": 342, ""run_seed"": 42}",0.2.0,f4d17a07abba0e51ac2f0497b233ff630148c2a67bfcccdf45f8e38daa4a53ad,2,4,xgboost,"[""RNA::KIAA1409"", ""RNA::NADK"", ""RNA::VPS53"", ""RNA::C10orf75"", ""RNA::RPS27L"", ""RNA::ANKRD31"", ""RNA::PSMA8"", ""RNA::TOP1P2"", ""RNA::FAM98B"", ""RNA::PLCB4"", ""RNA::CCDC41"", ""RNA::FTHL3"", ""RNA::SEPT9"", ""RNA::SUPT5H"", ""RNA::GPX3"", ""RNA::CALHM1"", ""RNA::TRIP10"", ""RNA::ABCA12"", ""RNA::NUDT11"", ""RNA::ABCA9"", ""SCNV::snoU13|ENSG00000238506.1""]",1.0,0.0
3,19,"[""RNA::EEF1A1P9"", ""RNA::DNALI1"", ""RNA::CC2D2A"", ""RNA::ACAD8"", ""RNA::FBXO21"", ""RNA::LOC647309"", ""RNA::GLIS2"", ""RNA::TOP1P2"", ""RNA::KGFLP2"", ""RNA::CRYZL1"", ""RNA::PLCB4"", ""RNA::CCDC41"", ""RNA::OAT"", ""RNA::TAF15"", ""RNA::FAM58B"", ""RNA::SEPT9"", ""RNA::GPX3"", ""RNA::CYP21A2"", ""RNA::KRTAP5-3""]",0000010000010001000000000000101000000101001101000000001101100110100000000100001000000000000000000000,a635fd5148241fbd12cf6620c14567f7b6771e44736b0f7b53ff7ddb45f71af1,050ee1d8cb13a9508d08c1e5b81dd499abd819956af16540f6231190e0b90fcb,1,0.8597518269824029,"[0.8671178807874602, 0.8857286072405459, 0.8238511376430122, 0.8658484914895173, 0.8562130177514793]",0.0227354560387925,0.0101676050404396,0.0081453359443526,0.0093851394984223,True,absolute_regret_within_tolerance,False,"{""0"": 0.14285714285714285}",0.1428571428571428,False,False,mean_jaccard > higher_locking_score > smaller_feature_count > stable_mask_hash,regret_constrained_medoid,absolute,0.01,0.01,1,macro_ovr_auroc,"{""candidate_seeds"": {""0"": 42, ""1"": 43, ""2"": 44, ""3"": 45, ""4"": 46}, ""locking_cv_seed"": 342, ""run_seed"": 45}",0.2.0,f4d17a07abba0e51ac2f0497b233ff630148c2a67bfcccdf45f8e38daa4a53ad,2,4,xgboost,"[""RNA::EEF1A1P9"", ""RNA::DNALI1"", ""RNA::CC2D2A"", ""RNA::ACAD8"", ""RNA::FBXO21"", ""RNA::LOC647309"", ""RNA::GLIS2"", ""RNA::TOP1P2"", ""RNA::KGFLP2"", ""RNA::CRYZL1"", ""RNA::PLCB4"", ""RNA::CCDC41"", ""RNA::OAT"", ""RNA::TAF15"", ""RNA::FAM58B"", ""RNA::SEPT9"", ""RNA::GPX3"", ""RNA::CYP21A2"", ""RNA::KRTAP5-3""]",0.14285714285714285,0.8571428571428572
2,20,"[""RNA::MYO5A"", ""RNA::DHRS12"", ""RNA::C10orf75"", ""RNA::B3GNT5"", ""RNA::WLS"", ""RNA::LOC647309"", ""RNA::TOP1P2"", ""RNA::CRYZL1"", ""RNA::OAT"", ""RNA::PPIAL4C"", ""RNA::FZD4"", ""RNA::ADAM8"", ""RNA::CRLS1"", ""RNA::CALHM1"", ""RNA::C8orf4"", ""RNA::KRTAP5-3"", ""RNA::ASXL2"", ""RNA::TRIP10"", ""RNA::ANKRD20A3"", ""SCNV::snoU13|ENSG00000238506.1""]",0000000001000100100100000000000001000100001001000000000001001000010000100001111101000000000100000010,bc8a5c2a06ecb05d9387778e7ca4814db5621e979c33d2bd24aeffb6bf53dce2,050ee1d8cb13a9508d08c1e5b81dd499abd819956af16540f6231190e0b90fcb,1,0.8543897726884401,"[0.8501709768219202, 0.8535221163963145, 0.836621337467738, 0.8744210680108115, 0.857213364745416]",0.0136335415482661,0.0060971051351981,0.0135073902383154,0.0155633533733021,False,absolute_regret_exceeds_tolerance,False,{},,False,False,mean_jaccard > higher_locking_score > smaller_feature_count > stable_mask_hash,regret_constrained_medoid,absolute,0.01,0.01,1,macro_ovr_auroc,"{""candidate_seeds"": {""0"": 42, ""1"": 43, ""2"": 44, ""3"": 45, ""4"": 46}, ""locking_cv_seed"": 342, ""run_seed"": 44}",0.2.0,f4d17a07abba0e51ac2f0497b233ff630148c2a67bfcccdf45f8e38daa4a53ad,2,4,xgboost,"[""RNA::MYO5A"", ""RNA::DHRS12"", ""RNA::C10orf75"", ""RNA::B3GNT5"", ""RNA::WLS"", ""RNA::LOC647309"", ""RNA::TOP1P2"", ""RNA::CRYZL1"", ""RNA::OAT"", ""RNA::PPIAL4C"", ""RNA::FZD4"", ""RNA::ADAM8"", ""RNA::CRLS1"", ""RNA::CALHM1"", ""RNA::C8orf4"", ""RNA::KRTAP5-3"", ""RNA::ASXL2"", ""RNA::TRIP10"", ""RNA::ANKRD20A3"", ""SCNV::snoU13|ENSG00000238506.1""]",0.1388888888888889,0.8611111111111112
0,16,"[""RNA::ANXA2P1"", ""RNA::C15orf21"", ""RNA::CENPA"", ""RNA::DNALI1"", ""RNA::GGTLC1"", ""RNA::GPN1"", ""RNA::LOC284232"", ""RNA::LOC341056"", ""RNA::LRRC37A4"", ""RNA::LSM14A"", ""RNA::MYO18A"", ""RNA::NACAP1"", ""RNA::OSTC"", ""RNA::PMS2L2"", ""RNA::PPIA"", ""RNA::RAB6C""]",0100000000100010000000010000000000000011000000000011000000101000010100000010001011000000000000000000,0e215f104bdb4b476da68f9f0d3c8f64d1f842d3eb7d8d435b3325d72e5912c5,4014e2e43ef282b889c5c50d1469588f894093cbca5bd4d7af7b964cd5635433,1,0.8208500900185893,"[0.8253600027494243, 0.7978904205071347, 0.8062390417388635, 0.8562445211483672, 0.8185164639491562]",0.0224676435923973,0.0100478356733676,0.029976099528429,0.0352317546129937,False,absolute_regret_exceeds_tolerance,False,{},,False,False,mean_jaccard > higher_locking_score > smaller_feature_count > stable_mask_hash,regret_constrained_medoid,absolute,0.01,0.01,1,macro_ovr_auroc,"{""candidate_seeds"": {""0"": 42, ""1"": 43, ""2"": 44, ""3"": 45, ""4"": 46}, ""locking_cv_seed"": 342, ""run_seed"": 42}",0.2.0,f4d17a07abba0e51ac2f0497b233ff630148c2a67bfcccdf45f8e38daa4a53ad,2,4,boruta_rf,"[""RNA::ANXA2P1"", ""RNA::C15orf21"", ""RNA::CENPA"", ""RNA::DNALI1"", ""RNA::GGTLC1"", ""RNA::GPN1"", ""RNA::LOC284232"", ""RNA::LOC341056"", ""RNA::LRRC37A4"", ""RNA::LSM14A"", ""RNA::MYO18A"", ""RNA::NACAP1"", ""RNA::OSTC"", ""RNA::PMS2L2"", ""RNA::PPIA"", ""RNA::RAB6C""]",0.0,1.0
1,19,"[""RNA::ASAP3"", ""RNA::C15orf21"", ""RNA::DNALI1"", ""RNA::EDARADD"", ""RNA::FTHL3"", ""RNA::GBAP1"", ""RNA::GCSH"", ""RNA::HDAC1"", ""RNA::LOC284232"", ""RNA::LOC341056"", ""RNA::LOC407835"", ""RNA::MFSD2B"", ""RNA::MPRIP"", ""RNA::NFIA"", ""RNA::PCBP3"", ""RNA::RAB6C"", ""RNA::RPL7"", ""RNA::SNRNP40"", ""RNA::TARSL2""]",0010000000100000000000010000100000011100000100000011100000000001100000010000100001000000100000100001,2c9e680304882fc849e9b28d1d8ae63301df37c52d77cbc809c50f699c2759c0,4014e2e43ef282b889c5c50d1469588f894093cbca5bd4d7af7b964cd5635433,1,0.8321312566739187,"[0.8661741450888528, 0.8231554584904549, 0.8236184377711462, 0.8305528161297392, 0.8171554258894003]",0.0196132498108508,0.0087713119673494,0.0186949328730996,0.0219726814980305,False,absolute_regret_exceeds_tolerance,False,{},,False,False,mean_jaccard > higher_locking_score > smaller_feature_count > stable_mask_hash,regret_constrained_medoid,absolute,0.01,0.01,1,macro_ovr_auroc,"{""candidate_seeds"": {""0"": 42, ""1"": 43, ""2"": 44, ""3"": 45, ""4"": 46}, ""locking_cv_seed"": 342, ""run_seed"": 43}",0.2.0,f4d17a07abba0e51ac2f0497b233ff630148c2a67bfcccdf45f8e38daa4a53ad,2,4,boruta_rf,"[""RNA::ASAP3"", ""RNA::C15orf21"", ""RNA::DNALI1"", ""RNA::EDARADD"", ""RNA::FTHL3"", ""RNA::GBAP1"", ""RNA::GCSH"", ""RNA::HDAC1"", ""RNA::LOC284232"", ""RNA::LOC341056"", ""RNA::LOC407835"", ""RNA::MFSD2B"", ""RNA::MPRIP"", ""RNA::NFIA"", ""RNA::PCBP3"", ""RNA::RAB6C"", ""RNA::RPL7"", ""RNA::SNRNP40"", ""RNA::TARSL2""]",0.08571428571428572,0.9142857142857143
4,16,"[""RNA::ATP6V1C2"", ""RNA::CEP170L"", ""RNA::CTCFL"", ""RNA::FAM90A7"", ""RNA::GGTLC1"", ""RNA::HDAC1"", ""RNA::ITGB3BP"", ""RNA::LOC284232"", ""RNA::LOC644936"", ""RNA::LOX"", ""RNA::LRRC37A4"", ""RNA::OSTC"", ""RNA::PCBP3"", ""RNA::PPIA"", ""RNA::RPL17"", ""RNA::S100A10""]",0000100000000001000001000000000000100010000100010010000101100000000000000010100010000010010000000000,3472be443e1d322d3e1078ca0e610d0070603b286aac8988ad971bcaba687bff,4014e2e43ef282b889c5c50d1469588f894093cbca5bd4d7af7b964cd5635433,1,0.8301105924708804,"[0.8465924292053274, 0.8241565873871646, 0.8105441842745835, 0.8412196836876324, 0.8280400777996931]",0.014297240879342,0.0063939204993795,0.020715597076138,0.0243476250856441,False,absolute_regret_exceeds_tolerance,False,{},,False,False,mean_jaccard > higher_locking_score > smaller_feature_count > stable_mask_hash,regret_constrained_medoid,absolute,0.01,0.01,1,macro_ovr_auroc,"{""candidate_seeds"": {""0"": 42, ""1"": 43, ""2"": 44, ""3"": 45, ""4"": 46}, ""locking_cv_seed"": 342, ""run_seed"": 46}",0.2.0,f4d17a07abba0e51ac2f0497b233ff630148c2a67bfcccdf45f8e38daa4a53ad,2,4,boruta_rf,"[""RNA::ATP6V1C2"", ""RNA::CEP170L"", ""RNA::CTCFL"", ""RNA::FAM90A7"", ""RNA::GGTLC1"", ""RNA::HDAC1"", ""RNA::ITGB3BP"", ""RNA::LOC284232"", ""RNA::LOC644936"", ""RNA::LOX"", ""RNA::LRRC37A4"", ""RNA::OSTC"", ""RNA::PCBP3"", ""RNA::PPIA"", ""RNA::RPL17"", ""RNA::S100A10""]",0.09375,0.90625
2,19,"[""RNA::ATP8B5P"", ""RNA::CHGB"", ""RNA::CKLF"", ""RNA::CTCFL"", ""RNA::DGCR2"", ""RNA::DYNC1H1"", ""RNA::EDARADD"", ""RNA::EXTL3"", ""RNA::FAM90A7"", ""RNA::FTHL3"", ""RNA::GCSH"", ""RNA::GPX7"", ""RNA::KIAA1409"", ""RNA::LOC643387"", ""RNA::NALCN"", ""RNA::NOX4"", ""RNA::RPL23P8"", ""RNA::S100A10"", ""RNA::SNX3""]",0000010000000000110001100010100100110100100000000100001000000000000001001000000000000001010000010000,95749e687028f44889676f9f715624ab2e98a9e43f078c8d7a4e0e7fb8a884cf,4014e2e43ef282b889c5c50d1469588f894093cbca5bd4d7af7b964cd5635433,1,0.8508261895470184,"[0.86267522773477, 0.854000624715165, 0.8508782817852669, 0.8582961227993279, 0.8282806907005624]",0.0133658041213609,0.0059773693178619,0.0,0.0,True,absolute_regret_within_tolerance,False,{},,True,True,mean_jaccard > higher_locking_score > smaller_feature_count > stable_mask_hash,regret_constrained_medoid,absolute,0.01,0.01,1,macro_ovr_auroc,"{""candidate_seeds"": {""0"": 42, ""1"": 43, ""2"": 44, ""3"": 45, ""4"": 46}, ""locking_cv_seed"": 342, ""run_seed"": 44}",0.2.0,f4d17a07abba0e51ac2f0497b233ff630148c2a67bfcccdf45f8e38daa4a53ad,2,4,boruta_rf,"[""RNA::ATP8B5P"", ""RNA::CHGB"", ""RNA::CKLF"", ""RNA::CTCFL"", ""RNA::DGCR2"", ""RNA::DYNC1H1"", ""RNA::EDARADD"", ""RNA::EXTL3"", ""RNA::FAM90A7"", ""RNA::FTHL3"", ""RNA::GCSH"", ""RNA::GPX7"", ""RNA::KIAA1409"", ""RNA::LOC643387"", ""RNA::NALCN"", ""RNA::NOX4"", ""RNA::RPL23P8"", ""RNA::S100A10"", ""RNA::SNX3""]",1.0,0.0
3,15,"[""RNA::ATP8B5P"", ""RNA::CASP6"", ""RNA::CMC1"", ""RNA::CTCFL"", ""RNA::DYNC1H1"", ""RNA::EEF1A1P9"", ""RNA::ID2B"", ""RNA::LOC644936"", ""RNA::NFIA"", ""RNA::NUP37"", ""RNA::PIGC"", ""RNA::PPIAL4C"", ""RNA::RPL17"", ""RNA::SNRNP40"", ""RNA::SUMO1P3""]",0000010000001000001001000010010000000000000001000000000100000000000000010100010100000010000000100010,cbbe95e24e93454679093228ed5e4b7ec3191abbfc723dc55d9eabeba7ae6cb5,4014e2e43ef282b889c5c50d1469588f894093cbca5bd4d7af7b964cd5635433,1,0.8322490879106944,"[0.8543332558856067, 0.8235395868815327, 0.8184653263502158, 0.8261309262911827, 0.8387763441449338]",0.0144360221462416,0.0064559853687377,0.0185771016363239,0.0218341911245285,False,absolute_regret_exceeds_tolerance,False,{},,False,False,mean_jaccard > higher_locking_score > smaller_feature_count > stable_mask_hash,regret_constrained_medoid,absolute,0.01,0.01,1,macro_ovr_auroc,"{""candidate_seeds"": {""0"": 42, ""1"": 43, ""2"": 44, ""3"": 45, ""4"": 46}, ""locking_cv_seed"": 342, ""run_seed"": 45}",0.2.0,f4d17a07abba0e51ac2f0497b233ff630148c2a67bfcccdf45f8e38daa4a53ad,2,4,boruta_rf,"[""RNA::ATP8B5P"", ""RNA::CASP6"", ""RNA::CMC1"", ""RNA::CTCFL"", ""RNA::DYNC1H1"", ""RNA::EEF1A1P9"", ""RNA::ID2B"", ""RNA::LOC644936"", ""RNA::NFIA"", ""RNA::NUP37"", ""RNA::PIGC"", ""RNA::PPIAL4C"", ""RNA::RPL17"", ""RNA::SNRNP40"", ""RNA::SUMO1P3""]",0.0967741935483871,0.9032258064516129
3,13,"[""RNA::MFSD2B"", ""RNA::TRIM35"", ""RNA::ANGEL2"", ""RNA::CT45A1"", ""RNA::MFNG"", ""RNA::G6PC2"", ""RNA::SRXN1"", ""RNA::SHQ1"", ""RNA::PA2G4P4"", ""RNA::HIST1H4H"", ""RNA::TARDBP"", ""RNA::SLC16A10"", ""RNA::ESM1""]",0000000010001100000000000000001110000000010000000100000001000000000000100000010100010,0817b3dd320f63f316c619da6169f815360dd8e924f8d1723e78b7674c3f1ca8,04b5a4ecbae72a318f034320a5118042368331231ccc2bfdf7dab1f8119ce697,1,0.8642684145971931,"[0.8937677126375704, 0.8639386924089347, 0.8537675712925178, 0.8614245470815983, 0.8484435495653444]",0.0176004186557327,0.0078711465093347,0.0030224530079951,0.0034849358166781,True,absolute_regret_within_tolerance,False,"{""0"": 0.23809523809523808, ""1"": 0.037037037037037035, ""4"": 0.18181818181818182}",0.1523168189834856,True,True,mean_jaccard > higher_locking_score > smaller_feature_count > stable_mask_hash,regret_constrained_medoid,absolute,0.01,0.01,1,macro_ovr_auroc,"{""candidate_seeds"": {""0"": 42, ""1"": 43, ""2"": 44, ""3"": 45, ""4"": 46}, ""locking_cv_seed"": 342, ""run_seed"": 45}",0.2.0,f4d17a07abba0e51ac2f0497b233ff630148c2a67bfcccdf45f8e38daa4a53ad,2,5,svm_l1,"[""RNA::MFSD2B"", ""RNA::TRIM35"", ""RNA::ANGEL2"", ""RNA::CT45A1"", ""RNA::MFNG"", ""RNA::G6PC2"", ""RNA::SRXN1"", ""RNA::SHQ1"", ""RNA::PA2G4P4"", ""RNA::HIST1H4H"", ""RNA::TARDBP"", ""RNA::SLC16A10"", ""RNA::ESM1""]",0.23809523809523808,0.7619047619047619
0,13,"[""RNA::LOC728643"", ""RNA::PPIAL4C"", ""RNA::TRIM35"", ""RNA::OR6C75"", ""RNA::FAM159A"", ""RNA::SYF2"", ""RNA::PA2G4P4"", ""RNA::LOC644936"", ""RNA::HIST1H4H"", ""RNA::CMC1"", ""RNA::TARDBP"", ""RNA::SLC16A10"", ""RNA::GLP1R""]",0000100001001000000001000000000000000000001100000000000001000000100000100001010110000,4ab72e654d395d65d05af83ae389b4f6e05bc1834d539eb5b79ade5177db685c,04b5a4ecbae72a318f034320a5118042368331231ccc2bfdf7dab1f8119ce697,1,0.8672908676051883,"[0.8979409644639308, 0.8479253803336126, 0.8516520775296613, 0.8772860508437431, 0.861649864854993]",0.0205593463523421,0.0091944192033598,0.0,0.0,True,absolute_regret_within_tolerance,False,"{""1"": 0.07692307692307693, ""3"": 0.23809523809523808, ""4"": 0.08333333333333333}",0.1327838827838827,False,False,mean_jaccard > higher_locking_score > smaller_feature_count > stable_mask_hash,regret_constrained_medoid,absolute,0.01,0.01,1,macro_ovr_auroc,"{""candidate_seeds"": {""0"": 42, ""1"": 43, ""2"": 44, ""3"": 45, ""4"": 46}, ""locking_cv_seed"": 342, ""run_seed"": 42}",0.2.0,f4d17a07abba0e51ac2f0497b233ff630148c2a67bfcccdf45f8e38daa4a53ad,2,5,svm_l1,"[""RNA::LOC728643"", ""RNA::PPIAL4C"", ""RNA::TRIM35"", ""RNA::OR6C75"", ""RNA::FAM159A"", ""RNA::SYF2"", ""RNA::PA2G4P4"", ""RNA::LOC644936"", ""RNA::HIST1H4H"", ""RNA::CMC1"", ""RNA::TARDBP"", ""RNA::SLC16A10"", ""RNA::GLP1R""]",1.0,0.0
1,15,"[""RNA::C15orf21"", ""RNA::ATP8B5P"", ""SCNV::DAB1"", ""SCNV::LINC00662"", ""RNA::C1orf123"", ""RNA::TMEM178"", ""RNA::MFNG"", ""RNA::RGAG4"", ""RNA::CDK11B"", ""RNA::ANKRD27"", ""RNA::MSX2"", ""RNA::HBZ"", ""RNA::TMEM159"", ""RNA::CMC1"", ""RNA::GLP1R""]",0000000100010000000100000110100100000010000010010010000010010000000000000001000010000,81b2b016a641c88acfaffc0fcbb86e1a59a62216420b60c8977707b5ed5f5eb2,04b5a4ecbae72a318f034320a5118042368331231ccc2bfdf7dab1f8119ce697,1,0.8663839793260408,"[0.8869266930529689, 0.8844436133281465, 0.857810849289194, 0.8339234513112719, 0.868815289648623]",0.0216866847112894,0.0096985802442097,0.0009068882791474,0.0010456564377895,True,absolute_regret_within_tolerance,False,"{""0"": 0.07692307692307693, ""3"": 0.037037037037037035, ""4"": 0.037037037037037035}",0.050332383665717,False,False,mean_jaccard > higher_locking_score > smaller_feature_count > stable_mask_hash,regret_constrained_medoid,absolute,0.01,0.01,1,macro_ovr_auroc,"{""candidate_seeds"": {""0"": 42, ""1"": 43, ""2"": 44, ""3"": 45, ""4"": 46}, ""locking_cv_seed"": 342, ""run_seed"": 43}",0.2.0,f4d17a07abba0e51ac2f0497b233ff630148c2a67bfcccdf45f8e38daa4a53ad,2,5,svm_l1,"[""RNA::C15orf21"", ""RNA::ATP8B5P"", ""SCNV::DAB1"", ""SCNV::LINC00662"", ""RNA::C1orf123"", ""RNA::TMEM178"", ""RNA::MFNG"", ""RNA::RGAG4"", ""RNA::CDK11B"", ""RNA::ANKRD27"", ""RNA::MSX2"", ""RNA::HBZ"", ""RNA::TMEM159"", ""RNA::CMC1"", ""RNA::GLP1R""]",0.07692307692307693,0.9230769230769231
2,15,"[""RNA::CARD8"", ""RNA::C15orf21"", ""RNA::PPIAL4C"", ""RNA::LEKR1"", ""RNA::C1orf123"", ""RNA::CT45A1"", ""RNA::MFNG"", ""RNA::LOC100129034"", ""RNA::SFRS4"", ""RNA::FYCO1"", ""RNA::CERKL"", ""RNA::CHRNA7"", ""RNA::C3orf48"", ""RNA::ESM1"", ""RNA::C10orf131""]",0000001101100000000000000010001100000000000001000000110000000011010000000000000000011,add867fdd3641d47e6252d02b1a7e7534ea31a3c350e6ecbd232c7c3878c7891,04b5a4ecbae72a318f034320a5118042368331231ccc2bfdf7dab1f8119ce697,1,0.8498984102891765,"[0.8836290421524724, 0.8700946279572439, 0.846002145672495, 0.84480787493608, 0.8049583607275914]",0.0300264267634995,0.0134282262729207,0.0173924573160118,0.0200537766113424,False,absolute_regret_exceeds_tolerance,False,{},,False,False,mean_jaccard > higher_locking_score > smaller_feature_count > stable_mask_hash,regret_constrained_medoid,absolute,0.01,0.01,1,macro_ovr_auroc,"{""candidate_seeds"": {""0"": 42, ""1"": 43, ""2"": 44, ""3"": 45, ""4"": 46}, ""locking_cv_seed"": 342, ""run_seed"": 44}",0.2.0,f4d17a07abba0e51ac2f0497b233ff630148c2a67bfcccdf45f8e38daa4a53ad,2,5,svm_l1,"[""RNA::CARD8"", ""RNA::C15orf21"", ""RNA::PPIAL4C"", ""RNA::LEKR1"", ""RNA::C1orf123"", ""RNA::CT45A1"", ""RNA::MFNG"", ""RNA::LOC100129034"", ""RNA::SFRS4"", ""RNA::FYCO1"", ""RNA::CERKL"", ""RNA::CHRNA7"", ""RNA::C3orf48"", ""RNA::ESM1"", ""RNA::C10orf131""]",0.037037037037037035,0.962962962962963
4,13,"[""RNA::NACAP1"", ""RNA::SLC47A1"", ""SCNV::RN7SL150P"", ""RNA::LOC341056"", ""RNA::SRXN1"", ""RNA::SHQ1"", ""RNA::SCN7A"", ""RNA::CUL4A"", ""RNA::TMEM18"", ""RNA::CMC1"", ""RNA::ST6GAL1"", ""RNA::SLC16A10"", ""RNA::ESM1""]",0000010000000000011000010000000000000000010000000100001000000000001000010001001100010,d244cf94d604f567a43c66b819eecb71762d9b4ec4a9c2152e7212e0e73a5098,04b5a4ecbae72a318f034320a5118042368331231ccc2bfdf7dab1f8119ce697,1,0.8595502650237371,"[0.8914139176028288, 0.8737210708433089, 0.8333957033172998, 0.8519465903280006, 0.8472740430272481]",0.0229602193298461,0.0102681222399681,0.0077406025814511,0.0089250364215467,True,absolute_regret_within_tolerance,False,"{""0"": 0.08333333333333333, ""1"": 0.037037037037037035, ""3"": 0.18181818181818182}",0.100729517396184,False,False,mean_jaccard > higher_locking_score > smaller_feature_count > stable_mask_hash,regret_constrained_medoid,absolute,0.01,0.01,1,macro_ovr_auroc,"{""candidate_seeds"": {""0"": 42, ""1"": 43, ""2"": 44, ""3"": 45, ""4"": 46}, ""locking_cv_seed"": 342, ""run_seed"": 46}",0.2.0,f4d17a07abba0e51ac2f0497b233ff630148c2a67bfcccdf45f8e38daa4a53ad,2,5,svm_l1,"[""RNA::NACAP1"", ""RNA::SLC47A1"", ""SCNV::RN7SL150P"", ""RNA::LOC341056"", ""RNA::SRXN1"", ""RNA::SHQ1"", ""RNA::SCN7A"", ""RNA::CUL4A"", ""RNA::TMEM18"", ""RNA::CMC1"", ""RNA::ST6GAL1"", ""RNA::SLC16A10"", ""RNA::ESM1""]",0.08333333333333333,0.9166666666666666
0,20,"[""RNA::LOC148413"", ""RNA::RPL12"", ""RNA::CYB5D2"", ""RNA::C12orf24"", ""RNA::APBA3"", ""RNA::EEF1A1P9"", ""RNA::DLGAP1"", ""RNA::CYP21A2"", ""RNA::AOX1"", ""RNA::GCSH"", ""RNA::ZBTB42"", ""RNA::PTAR1"", ""RNA::PLEKHH2"", ""RNA::ARHGEF1"", ""RNA::CCDC126"", ""RNA::RGS4"", ""RNA::BTRC"", ""RNA::FOXL2"", ""RNA::USP30"", ""RNA::TARDBP""]",0001000100001000110000010000011100100001000000000000000000110010001000000010000000110000000010010000,705610d0968067f1c3c1c20ed006ea7d0f9cad2a485a5107802ccdc34e8fa6aa,6fd7c874f7337f711646a6f5d84788e83742d38d3416c8e4788e2b335eb2f5cc,1,0.865815924278474,"[0.8966032247214586, 0.8753489002286223, 0.8603983708670095, 0.8442095386806926, 0.852519586894587]",0.0206864319689557,0.0092512536189019,0.0095250622973197,0.0108815449560752,True,absolute_regret_within_tolerance,False,"{""1"": 0.05128205128205128, ""2"": 0.1111111111111111}",0.0811965811965811,False,False,mean_jaccard > higher_locking_score > smaller_feature_count > stable_mask_hash,regret_constrained_medoid,absolute,0.01,0.01,1,macro_ovr_auroc,"{""candidate_seeds"": {""0"": 42, ""1"": 43, ""2"": 44, ""3"": 45, ""4"": 46}, ""locking_cv_seed"": 342, ""run_seed"": 42}",0.2.0,f4d17a07abba0e51ac2f0497b233ff630148c2a67bfcccdf45f8e38daa4a53ad,2,5,xgboost,"[""RNA::LOC148413"", ""RNA::RPL12"", ""RNA::CYB5D2"", ""RNA::C12orf24"", ""RNA::APBA3"", ""RNA::EEF1A1P9"", ""RNA::DLGAP1"", ""RNA::CYP21A2"", ""RNA::AOX1"", ""RNA::GCSH"", ""RNA::ZBTB42"", ""RNA::PTAR1"", ""RNA::PLEKHH2"", ""RNA::ARHGEF1"", ""RNA::CCDC126"", ""RNA::RGS4"", ""RNA::BTRC"", ""RNA::FOXL2"", ""RNA::USP30"", ""RNA::TARDBP""]",0.1111111111111111,0.8888888888888888
2,20,"[""SCNV::MAP3K6"", ""RNA::FTHL3"", ""RNA::FCRLB"", ""RNA::S1PR2"", ""RNA::APBA3"", ""RNA::CYP21A2"", ""RNA::APOBEC3G"", ""RNA::APLF"", ""RNA::MRPL52"", ""RNA::AFMID"", ""RNA::FAF2"", ""RNA::ABCA10"", ""RNA::GLIS2"", ""RNA::GFOD2"", ""RNA::LOC286467"", ""RNA::TTC39C"", ""RNA::FOXL2"", ""RNA::PPCDC"", ""RNA::TARDBP"", ""RNA::RNF183""]",0010001000000011010000000000001010010000001011000000000100000000000100011000000001010000000100010100,73abe15c2336b00df6da2029d689ef991692d59f203b19c0d993b203e6d18e69,6fd7c874f7337f711646a6f5d84788e83742d38d3416c8e4788e2b335eb2f5cc,1,0.8753409865757937,"[0.9004294473440777, 0.8624497540882075, 0.8612709885874533, 0.8585095697275185, 0.8940451731317116]",0.020166325706494,0.0090186550272244,0.0,0.0,True,absolute_regret_within_tolerance,False,"{""0"": 0.1111111111111111, ""1"": 0.10810810810810811}",0.1096096096096096,True,True,mean_jaccard > higher_locking_score > smaller_feature_count > stable_mask_hash,regret_constrained_medoid,absolute,0.01,0.01,1,macro_ovr_auroc,"{""candidate_seeds"": {""0"": 42, ""1"": 43, ""2"": 44, ""3"": 45, ""4"": 46}, ""locking_cv_seed"": 342, ""run_seed"": 44}",0.2.0,f4d17a07abba0e51ac2f0497b233ff630148c2a67bfcccdf45f8e38daa4a53ad,2,5,xgboost,"[""SCNV::MAP3K6"", ""RNA::FTHL3"", ""RNA::FCRLB"", ""RNA::S1PR2"", ""RNA::APBA3"", ""RNA::CYP21A2"", ""RNA::APOBEC3G"", ""RNA::APLF"", ""RNA::MRPL52"", ""RNA::AFMID"", ""RNA::FAF2"", ""RNA::ABCA10"", ""RNA::GLIS2"", ""RNA::GFOD2"", ""RNA::LOC286467"", ""RNA::TTC39C"", ""RNA::FOXL2"", ""RNA::PPCDC"", ""RNA::TARDBP"", ""RNA::RNF183""]",1.0,0.0
4,20,"[""RNA::RGS9"", ""RNA::FTHL3"", ""SCNV::DAB1"", ""RNA::APBA3"", ""RNA::CRIP3"", ""RNA::AOX1"", ""RNA::LMO2"", ""RNA::ZBTB42"", ""RNA::ATP13A1"", ""RNA::SMAD7"", ""RNA::PLEKHH2"", ""RNA::BCL11B"", ""RNA::RGS4"", ""RNA::NEUROG2"", ""RNA::ANKRD20A3"", ""RNA::APOBEC2"", ""RNA::FOXL2"", ""RNA::SAMD13"", ""RNA::ZNF425"", ""RNA::IKBKAP""]",0000101010000000010000100000000100001001000000010001000000011000000000000010111000011110000000000000,7ed0fe0c189a65b3fe73959975beab5f7447f74cec9202987d6b72af6fd1e080,6fd7c874f7337f711646a6f5d84788e83742d38d3416c8e4788e2b335eb2f5cc,1,0.8506181370480954,"[0.8733553173121685, 0.8688294510194011, 0.8280983250468282, 0.8592277558623713, 0.8235798359997079]",0.0232431092756822,0.0103946344697762,0.0247228495276983,0.0282436786427772,False,absolute_regret_exceeds_tolerance,False,{},,False,False,mean_jaccard > higher_locking_score > smaller_feature_count > stable_mask_hash,regret_constrained_medoid,absolute,0.01,0.01,1,macro_ovr_auroc,"{""candidate_seeds"": {""0"": 42, ""1"": 43, ""2"": 44, ""3"": 45, ""4"": 46}, ""locking_cv_seed"": 342, ""run_seed"": 46}",0.2.0,f4d17a07abba0e51ac2f0497b233ff630148c2a67bfcccdf45f8e38daa4a53ad,2,5,xgboost,"[""RNA::RGS9"", ""RNA::FTHL3"", ""SCNV::DAB1"", ""RNA::APBA3"", ""RNA::CRIP3"", ""RNA::AOX1"", ""RNA::LMO2"", ""RNA::ZBTB42"", ""RNA::ATP13A1"", ""RNA::SMAD7"", ""RNA::PLEKHH2"", ""RNA::BCL11B"", ""RNA::RGS4"", ""RNA::NEUROG2"", ""RNA::ANKRD20A3"", ""RNA::APOBEC2"", ""RNA::FOXL2"", ""RNA::SAMD13"", ""RNA::ZNF425"", ""RNA::IKBKAP""]",0.08108108108108109,0.9189189189189189
1,21,"[""SCNV::MAP3K6"", ""RNA::RGS9"", ""RNA::FTHL3"", ""RNA::ZMAT2"", ""RNA::CYB5D2"", ""RNA::MEX3C"", ""RNA::RYBP"", ""RNA::FAM171B"", ""RNA::EEF1A1P9"", ""RNA::APOBEC3G"", ""RNA::LMO2"", ""RNA::NALCN"", ""RNA::RAVER2"", ""RNA::SMAD7"", ""RNA::HUS1B"", ""SCNV::ZNF479"", ""RNA::CLEC7A"", ""RNA::ANO5"", ""RNA::GBP1"", ""RNA::RNF183"", ""RNA::COL1A1""]",0010101000101100001001010000000010001010000000001001100000000100000000000101000100000000000000000110,91d29773968984ba03dc42cab5ae5ec225e93734ccaa8f6aacdb8e8d79d2c21b,6fd7c874f7337f711646a6f5d84788e83742d38d3416c8e4788e2b335eb2f5cc,1,0.8683909596585172,"[0.9057601386224182, 0.8789858680494818, 0.8258544651541802, 0.8594697384761487, 0.8718845879903572]",0.0291969802003232,0.0130572864931276,0.0069500269172765,0.0079397937762105,True,absolute_regret_within_tolerance,False,"{""0"": 0.05128205128205128, ""2"": 0.10810810810810811}",0.0796950796950796,False,False,mean_jaccard > higher_locking_score > smaller_feature_count > stable_mask_hash,regret_constrained_medoid,absolute,0.01,0.01,1,macro_ovr_auroc,"{""candidate_seeds"": {""0"": 42, ""1"": 43, ""2"": 44, ""3"": 45, ""4"": 46}, ""locking_cv_seed"": 342, ""run_seed"": 43}",0.2.0,f4d17a07abba0e51ac2f0497b233ff630148c2a67bfcccdf45f8e38daa4a53ad,2,5,xgboost,"[""SCNV::MAP3K6"", ""RNA::RGS9"", ""RNA::FTHL3"", ""RNA::ZMAT2"", ""RNA::CYB5D2"", ""RNA::MEX3C"", ""RNA::RYBP"", ""RNA::FAM171B"", ""RNA::EEF1A1P9"", ""RNA::APOBEC3G"", ""RNA::LMO2"", ""RNA::NALCN"", ""RNA::RAVER2"", ""RNA::SMAD7"", ""RNA::HUS1B"", ""SCNV::ZNF479"", ""RNA::CLEC7A"", ""RNA::ANO5"", ""RNA::GBP1"", ""RNA::RNF183"", ""RNA::COL1A1""]",0.10810810810810811,0.8918918918918919
3,20,"[""RNA::RPL12"", ""RNA::FCRLB"", ""RNA::S1PR2"", ""RNA::DLGAP1"", ""RNA::GCSH"", ""RNA::ZBTB42"", ""RNA::ZCCHC14"", ""RNA::MRPL52"", ""RNA::ABCA5"", ""RNA::ABCA10"", ""RNA::PTAR1"", ""SCNV::ZNF479"", ""RNA::RAP1GAP"", ""RNA::GLIS2"", ""RNA::KCTD5"", ""RNA::RGS4"", ""RNA::ANO5"", ""RNA::TTC39C"", ""RNA::RHBDD1"", ""RNA::USP30""]",0000000100000011000000000000010000100001011000000000001100100101000101000011000001000000001010000000,b69e3a823e953c56bce5ddb21c2b0d5c5b2c81f9fef6432f6bfb73512a652e0a,6fd7c874f7337f711646a6f5d84788e83742d38d3416c8e4788e2b335eb2f5cc,1,0.8560277548389637,"[0.8940354540551727, 0.8675048866157206, 0.8217321083723436, 0.8773084228212433, 0.8195579023303382]",0.0336727563909875,0.0150589144560077,0.01931323173683,0.0220636666545007,False,absolute_regret_exceeds_tolerance,False,{},,False,False,mean_jaccard > higher_locking_score > smaller_feature_count > stable_mask_hash,regret_constrained_medoid,absolute,0.01,0.01,1,macro_ovr_auroc,"{""candidate_seeds"": {""0"": 42, ""1"": 43, ""2"": 44, ""3"": 45, ""4"": 46}, ""locking_cv_seed"": 342, ""run_seed"": 45}",0.2.0,f4d17a07abba0e51ac2f0497b233ff630148c2a67bfcccdf45f8e38daa4a53ad,2,5,xgboost,"[""RNA::RPL12"", ""RNA::FCRLB"", ""RNA::S1PR2"", ""RNA::DLGAP1"", ""RNA::GCSH"", ""RNA::ZBTB42"", ""RNA::ZCCHC14"", ""RNA::MRPL52"", ""RNA::ABCA5"", ""RNA::ABCA10"", ""RNA::PTAR1"", ""SCNV::ZNF479"", ""RNA::RAP1GAP"", ""RNA::GLIS2"", ""RNA::KCTD5"", ""RNA::RGS4"", ""RNA::ANO5"", ""RNA::TTC39C"", ""RNA::RHBDD1"", ""RNA::USP30""]",0.17647058823529413,0.8235294117647058
0,20,"[""RNA::ACBD5"", ""RNA::ATP8B5P"", ""RNA::BZW1"", ""RNA::DST"", ""RNA::EDARADD"", ""RNA::EIF3A"", ""RNA::FAF1"", ""RNA::FTHL3"", ""RNA::GCSH"", ""RNA::HIST1H2BE"", ""RNA::HMGN5"", ""RNA::IKBIP"", ""RNA::LOC442454"", ""RNA::MAGOH"", ""RNA::MFSD2B"", ""RNA::MYO18A"", ""RNA::NACA2"", ""RNA::NCRNA00152"", ""RNA::PVT1"", ""RNA::RAB6C""]",1000000101000000000000000001010110010100000000011000001000000010000000001100011001000000000001100000,016ffe4f1373020bcca23a9c58396eb9cf7ae9b19313f4e94c761c35d2f2207a,363ba71aadabf90693ddbae93ffbcbee6fa729a8d2bfdecb9b38a8bea8ada9be,1,0.8542971288212776,"[0.8757001734132108, 0.8586509415981974, 0.828242809466081, 0.8481104810431734, 0.8607812385857259]",0.0175797600291575,0.0078619076906659,0.0,0.0,True,absolute_regret_within_tolerance,False,{},,True,True,mean_jaccard > higher_locking_score > smaller_feature_count > stable_mask_hash,regret_constrained_medoid,absolute,0.01,0.01,1,macro_ovr_auroc,"{""candidate_seeds"": {""0"": 42, ""1"": 43, ""2"": 44, ""3"": 45, ""4"": 46}, ""locking_cv_seed"": 342, ""run_seed"": 42}",0.2.0,f4d17a07abba0e51ac2f0497b233ff630148c2a67bfcccdf45f8e38daa4a53ad,2,5,boruta_rf,"[""RNA::ACBD5"", ""RNA::ATP8B5P"", ""RNA::BZW1"", ""RNA::DST"", ""RNA::EDARADD"", ""RNA::EIF3A"", ""RNA::FAF1"", ""RNA::FTHL3"", ""RNA::GCSH"", ""RNA::HIST1H2BE"", ""RNA::HMGN5"", ""RNA::IKBIP"", ""RNA::LOC442454"", ""RNA::MAGOH"", ""RNA::MFSD2B"", ""RNA::MYO18A"", ""RNA::NACA2"", ""RNA::NCRNA00152"", ""RNA::PVT1"", ""RNA::RAB6C""]",1.0,0.0
4,16,"[""RNA::C1orf116"", ""RNA::CPEB3"", ""RNA::DSTYK"", ""RNA::EIF3A"", ""RNA::GNAO1"", ""RNA::HDAC1"", ""RNA::HERC2"", ""RNA::HIST1H2BE"", ""RNA::HNRNPA3P1"", ""RNA::KTI12"", ""RNA::LOC399744"", ""RNA::MFSD2B"", ""RNA::NACA2"", ""RNA::PPIAL4C"", ""RNA::PPIA"", ""RNA::RASGRF1""]",0000000000001000000000010010000100000001000001110100000010001000000000000100001000000000011000001000,710eda65cc02f4e230d74dd3a916894f6afacefdeed18e078c4c0ce0717cf6d9,363ba71aadabf90693ddbae93ffbcbee6fa729a8d2bfdecb9b38a8bea8ada9be,1,0.8413992342847976,"[0.8548559258986881, 0.828463361695721, 0.8099934518769158, 0.8441871667031924, 0.8694962652494704]",0.0230865666226201,0.0103246264670512,0.01289789453648,0.0150976681313163,False,absolute_regret_exceeds_tolerance,False,{},,False,False,mean_jaccard > higher_locking_score > smaller_feature_count > stable_mask_hash,regret_constrained_medoid,absolute,0.01,0.01,1,macro_ovr_auroc,"{""candidate_seeds"": {""0"": 42, ""1"": 43, ""2"": 44, ""3"": 45, ""4"": 46}, ""locking_cv_seed"": 342, ""run_seed"": 46}",0.2.0,f4d17a07abba0e51ac2f0497b233ff630148c2a67bfcccdf45f8e38daa4a53ad,2,5,boruta_rf,"[""RNA::C1orf116"", ""RNA::CPEB3"", ""RNA::DSTYK"", ""RNA::EIF3A"", ""RNA::GNAO1"", ""RNA::HDAC1"", ""RNA::HERC2"", ""RNA::HIST1H2BE"", ""RNA::HNRNPA3P1"", ""RNA::KTI12"", ""RNA::LOC399744"", ""RNA::MFSD2B"", ""RNA::NACA2"", ""RNA::PPIAL4C"", ""RNA::PPIA"", ""RNA::RASGRF1""]",0.125,0.875
1,20,"[""RNA::AK2"", ""RNA::C1orf116"", ""RNA::CEP170L"", ""RNA::CLIC1"", ""RNA::CTCFL"", ""RNA::DSTYK"", ""RNA::EDARADD"", ""RNA::EEF1A1P9"", ""RNA::FAF1"", ""RNA::GGTLC1"", ""RNA::HNRNPA3P1"", ""RNA::HNRNPUL2"", ""RNA::IGFBP2"", ""RNA::LOC399744"", ""RNA::LOC644936"", ""RNA::LSM14A"", ""RNA::LYPLA1"", ""RNA::NACAP1"", ""RNA::PIGC"", ""RNA::RGPD4""]",0010000000001000101000001010011010000010000000000110010000001000010001100000000100000010000000000100,7cd5e685bcaebf5d888eaab49aab8ba743af3a09c9fc0a2619815dabea088dce,363ba71aadabf90693ddbae93ffbcbee6fa729a8d2bfdecb9b38a8bea8ada9be,1,0.8420260196678037,"[0.8829728994842665, 0.81975122680308, 0.8406027906651571, 0.8414438600336036, 0.8253593213529111]",0.0247636663643709,0.0110746482725716,0.0122711091534739,0.0143639826700636,False,absolute_regret_exceeds_tolerance,False,{},,False,False,mean_jaccard > higher_locking_score > smaller_feature_count > stable_mask_hash,regret_constrained_medoid,absolute,0.01,0.01,1,macro_ovr_auroc,"{""candidate_seeds"": {""0"": 42, ""1"": 43, ""2"": 44, ""3"": 45, ""4"": 46}, ""locking_cv_seed"": 342, ""run_seed"": 43}",0.2.0,f4d17a07abba0e51ac2f0497b233ff630148c2a67bfcccdf45f8e38daa4a53ad,2,5,boruta_rf,"[""RNA::AK2"", ""RNA::C1orf116"", ""RNA::CEP170L"", ""RNA::CLIC1"", ""RNA::CTCFL"", ""RNA::DSTYK"", ""RNA::EDARADD"", ""RNA::EEF1A1P9"", ""RNA::FAF1"", ""RNA::GGTLC1"", ""RNA::HNRNPA3P1"", ""RNA::HNRNPUL2"", ""RNA::IGFBP2"", ""RNA::LOC399744"", ""RNA::LOC644936"", ""RNA::LSM14A"", ""RNA::LYPLA1"", ""RNA::NACAP1"", ""RNA::PIGC"", ""RNA::RGPD4""]",0.05263157894736842,0.9473684210526316
3,15,"[""RNA::ACBD5"", ""RNA::ANXA2P1"", ""RNA::ASAP3"", ""RNA::ATP8B5P"", ""RNA::C15orf21"", ""RNA::CNPY3"", ""RNA::DSTYK"", ""RNA::FAF1"", ""RNA::HNRNPA3P1"", ""RNA::HNRNPUL2"", ""RNA::KTI12"", ""RNA::LOC442454"", ""RNA::LRRC42"", ""RNA::MYO18A"", ""RNA::PMS2L2""]",1001100100010000000001000010000010000000000000000110000010000010000010000000010000000001000000000000,818834de60de8c1ff558488755145a4d16d5bbde5044bbf398250ffa39d74274,363ba71aadabf90693ddbae93ffbcbee6fa729a8d2bfdecb9b38a8bea8ada9be,1,0.8352186197298167,"[0.8721775305579047, 0.8376563075199925, 0.8313468765402122, 0.8020831050478487, 0.8328292789831251]",0.024952780852692,0.0111592228428549,0.0190785090914609,0.0223324045555258,False,absolute_regret_exceeds_tolerance,False,{},,False,False,mean_jaccard > higher_locking_score > smaller_feature_count > stable_mask_hash,regret_constrained_medoid,absolute,0.01,0.01,1,macro_ovr_auroc,"{""candidate_seeds"": {""0"": 42, ""1"": 43, ""2"": 44, ""3"": 45, ""4"": 46}, ""locking_cv_seed"": 342, ""run_seed"": 45}",0.2.0,f4d17a07abba0e51ac2f0497b233ff630148c2a67bfcccdf45f8e38daa4a53ad,2,5,boruta_rf,"[""RNA::ACBD5"", ""RNA::ANXA2P1"", ""RNA::ASAP3"", ""RNA::ATP8B5P"", ""RNA::C15orf21"", ""RNA::CNPY3"", ""RNA::DSTYK"", ""RNA::FAF1"", ""RNA::HNRNPA3P1"", ""RNA::HNRNPUL2"", ""RNA::KTI12"", ""RNA::LOC442454"", ""RNA::LRRC42"", ""RNA::MYO18A"", ""RNA::PMS2L2""]",0.16666666666666666,0.8333333333333334
2,18,"[""RNA::ASAP3"", ""RNA::ATP6V1C2"", ""RNA::ATP8B5P"", ""RNA::BAGE2"", ""RNA::CPEB3"", ""RNA::DDOST"", ""RNA::EDARADD"", ""RNA::FAF1"", ""RNA::FTHL3"", ""RNA::H3F3C"", ""RNA::HDAC1"", ""RNA::LOC341056"", ""RNA::LOC728643"", ""RNA::MAGOH"", ""RNA::NUP37"", ""RNA::POLE2"", ""RNA::PPIL5"", ""RNA::RPL13AP3""]",0000101110000000000000010100010010010000000011000000000000010000001000001000000000010000100100000001,c8adb2de7ac4043dd2ab45e624f982dadd3c10d4c402ab2f93f31e9a8cd99817,363ba71aadabf90693ddbae93ffbcbee6fa729a8d2bfdecb9b38a8bea8ada9be,1,0.8363212384714138,"[0.8765152957157288, 0.8351638289049194, 0.829709329041118, 0.7904241087734678, 0.8497936299218352]",0.0314192259089947,0.0140511049865869,0.0179758903498638,0.0210417309662109,False,absolute_regret_exceeds_tolerance,False,{},,False,False,mean_jaccard > higher_locking_score > smaller_feature_count > stable_mask_hash,regret_constrained_medoid,absolute,0.01,0.01,1,macro_ovr_auroc,"{""candidate_seeds"": {""0"": 42, ""1"": 43, ""2"": 44, ""3"": 45, ""4"": 46}, ""locking_cv_seed"": 342, ""run_seed"": 44}",0.2.0,f4d17a07abba0e51ac2f0497b233ff630148c2a67bfcccdf45f8e38daa4a53ad,2,5,boruta_rf,"[""RNA::ASAP3"", ""RNA::ATP6V1C2"", ""RNA::ATP8B5P"", ""RNA::BAGE2"", ""RNA::CPEB3"", ""RNA::DDOST"", ""RNA::EDARADD"", ""RNA::FAF1"", ""RNA::FTHL3"", ""RNA::H3F3C"", ""RNA::HDAC1"", ""RNA::LOC341056"", ""RNA::LOC728643"", ""RNA::MAGOH"", ""RNA::NUP37"", ""RNA::POLE2"", ""RNA::PPIL5"", ""RNA::RPL13AP3""]",0.15151515151515152,0.8484848484848485
